{"type":"FeatureCollection","features":[{"type":"Feature","properties":{"name":"Abia","code":"AB"},"geometry":{"type":"Polygon","coordinates":[[[7.8901,5.6848],[7.8863,5.6878],[7.8706,5.6936],[7.8699,5.6999],[7.8631,5.7083],[7.8538,5.7179],[7.8408,5.7241],[7.8305,5.7353],[7.8234,5.7402],[7.8039,5.745],[7.7968,5.7616],[7.793,5.7916],[7.7863,5.8049],[7.7804,5.8068],[7.7694,5.8137],[7.725,5.8164],[7.7072,5.8213],[7.6176,5.8273],[7.571,5.8411],[7.5667,5.8439],[7.5519,5.8435],[7.5346,5.8347],[7.5266,5.8444],[7.5259,5.8562],[7.5273,5.869],[7.5052,5.8828],[7.5035,5.9002],[7.5061,5.9119],[7.5291,5.952],[7.5305,5.9721],[7.5236,5.9877],[7.5208,6.0003],[7.5302,6.006],[7.5334,6.011],[7.5201,6.02],[7.5105,6.0214],[7.4758,6.0124],[7.4615,6.0148],[7.4515,6.0138],[7.4306,6.0062],[7.4158,6.0062],[7.4044,6.0124],[7.3868,6.0367],[7.3763,6.04],[7.3391,6.0421],[7.3383,6.0362],[7.333,6.0314],[7.3226,6.0038],[7.3183,5.9986],[7.2726,5.9977],[7.264,5.9915],[7.2546,5.9652],[7.2564,5.9505],[7.261,5.9389],[7.2708,5.9248],[7.2845,5.9184],[7.3352,5.9114],[7.3457,5.9071],[7.3558,5.9064],[7.3629,5.9038],[7.3672,5.9035],[7.3767,5.906],[7.3879,5.9128],[7.392,5.9119],[7.3959,5.9076],[7.3961,5.8987],[7.3896,5.8815],[7.3864,5.8609],[7.3924,5.8338],[7.3924,5.8092],[7.3944,5.7842],[7.3936,5.7724],[7.395,5.7649],[7.3943,5.7558],[7.3963,5.7365],[7.4001,5.7207],[7.4003,5.7127],[7.3997,5.7104],[7.3968,5.7087],[7.3831,5.7076],[7.3816,5.7056],[7.384,5.6988],[7.3897,5.6915],[7.4082,5.677],[7.4102,5.6738],[7.4163,5.6615],[7.4176,5.6485],[7.4226,5.635],[7.4276,5.6269],[7.4323,5.6094],[7.4291,5.604],[7.426,5.5856],[7.4228,5.5836],[7.4225,5.581],[7.4152,5.5759],[7.4174,5.5621],[7.4095,5.553],[7.408,5.5476],[7.4088,5.5427],[7.4043,5.5286],[7.3926,5.5124],[7.388,5.5104],[7.3798,5.4912],[7.3762,5.4792],[7.3642,5.4658],[7.3589,5.4503],[7.3539,5.4446],[7.347,5.4421],[7.3363,5.4321],[7.3228,5.4075],[7.3216,5.4012],[7.3226,5.3955],[7.3219,5.3825],[7.3134,5.3634],[7.3057,5.3581],[7.3035,5.3482],[7.2923,5.3276],[7.2911,5.3035],[7.2793,5.2781],[7.2765,5.2557],[7.268,5.2421],[7.2643,5.2156],[7.275,5.2096],[7.2813,5.2016],[7.2908,5.1824],[7.2926,5.1726],[7.2877,5.147],[7.2802,5.1317],[7.2787,5.1168],[7.2714,5.1035],[7.2651,5.0955],[7.2558,5.0773],[7.2534,5.0685],[7.2514,5.0494],[7.2517,5.0331],[7.2412,4.994],[7.2351,4.981],[7.2284,4.971],[7.2179,4.9616],[7.2091,4.9565],[7.1685,4.9448],[7.1596,4.9354],[7.1503,4.9243],[7.1438,4.9132],[7.1419,4.9013],[7.1461,4.8976],[7.1472,4.8903],[7.1559,4.8837],[7.1738,4.8794],[7.1838,4.8752],[7.1989,4.8617],[7.218,4.8573],[7.2246,4.8579],[7.247,4.8673],[7.2574,4.8674],[7.2638,4.8692],[7.2714,4.873],[7.3078,4.8755],[7.3198,4.8796],[7.3308,4.8735],[7.3524,4.8719],[7.362,4.8653],[7.3735,4.8629],[7.3842,4.8627],[7.4164,4.8667],[7.4292,4.8624],[7.4365,4.854],[7.4467,4.8454],[7.4662,4.8454],[7.4716,4.8423],[7.4744,4.8367],[7.4868,4.8276],[7.4887,4.8218],[7.4951,4.8283],[7.5007,4.8343],[7.5006,4.8395],[7.4971,4.8458],[7.4993,4.8551],[7.4987,4.8591],[7.4912,4.8643],[7.4819,4.8798],[7.4807,4.8826],[7.4818,4.893],[7.477,4.908],[7.4808,4.9328],[7.487,4.9381],[7.4916,4.9445],[7.4914,4.9595],[7.4811,4.9611],[7.4736,4.9651],[7.4632,4.9725],[7.4603,4.9777],[7.4711,4.9959],[7.4779,4.9979],[7.4836,4.9963],[7.4919,5.0078],[7.5064,5.0133],[7.512,5.026],[7.5119,5.0301],[7.5097,5.0345],[7.5154,5.0382],[7.5205,5.0366],[7.5279,5.0377],[7.533,5.0423],[7.5341,5.0481],[7.5189,5.0532],[7.5203,5.0549],[7.5294,5.0585],[7.538,5.0661],[7.5402,5.069],[7.5469,5.0881],[7.5347,5.1087],[7.5334,5.1157],[7.5338,5.1405],[7.5279,5.156],[7.5334,5.1757],[7.539,5.1873],[7.5401,5.1936],[7.5424,5.256],[7.552,5.2693],[7.5531,5.2757],[7.5472,5.2866],[7.5345,5.3009],[7.535,5.3038],[7.5378,5.3073],[7.5436,5.3097],[7.5493,5.3068],[7.5562,5.3063],[7.5608,5.3092],[7.5664,5.3208],[7.5721,5.3243],[7.579,5.3232],[7.5876,5.3187],[7.5916,5.3187],[7.603,5.3269],[7.6065,5.3263],[7.61,5.3206],[7.622,5.3178],[7.6306,5.3213],[7.6455,5.3238],[7.6489,5.3249],[7.6523,5.3284],[7.6653,5.3441],[7.6705,5.3519],[7.6609,5.3671],[7.6528,5.3691],[7.6385,5.3652],[7.6248,5.3645],[7.6196,5.3717],[7.622,5.3881],[7.6327,5.4066],[7.6348,5.4212],[7.6393,5.4305],[7.6569,5.4456],[7.6603,5.4474],[7.6678,5.4474],[7.6759,5.4412],[7.6914,5.4372],[7.7,5.4315],[7.6999,5.4448],[7.7027,5.4535],[7.7047,5.4829],[7.7023,5.4899],[7.693,5.4996],[7.6901,5.5059],[7.6918,5.5117],[7.6959,5.5183],[7.7049,5.5176],[7.7106,5.5194],[7.7107,5.5124],[7.7136,5.5119],[7.7296,5.5172],[7.7428,5.5173],[7.7485,5.5162],[7.7572,5.5105],[7.7601,5.5053],[7.7602,5.4903],[7.7655,5.4829],[7.7782,5.4731],[7.7888,5.4444],[7.7928,5.4398],[7.809,5.4278],[7.8211,5.4233],[7.8383,5.4217],[7.8561,5.4224],[7.8613,5.4213],[7.8653,5.4184],[7.8683,5.4081],[7.8729,5.3989],[7.884,5.3845],[7.8761,5.3689],[7.8804,5.3668],[7.9122,5.3611],[7.9202,5.3611],[7.9339,5.3577],[7.9578,5.3567],[7.9727,5.3545],[7.983,5.3557],[7.9875,5.3626],[7.984,5.3764],[7.9782,5.389],[7.9737,5.3936],[7.9725,5.3993],[7.9598,5.4257],[7.9563,5.4372],[7.9506,5.4475],[7.9391,5.4612],[7.9345,5.4692],[7.9206,5.5094],[7.9079,5.5358],[7.9067,5.5599],[7.9046,5.5687],[7.9061,5.5706],[7.91,5.5875],[7.9143,5.6358],[7.9177,5.6496],[7.9154,5.6554],[7.8901,5.6848]]]}},{"type":"Feature","properties":{"name":"Adamawa","code":"AD"},"geometry":{"type":"Polygon","coordinates":[[[11.8358,10.0339],[11.8355,10.0285],[11.8296,10.0164],[11.8253,9.9949],[11.8227,9.9699],[11.8237,9.9558],[11.8332,9.949],[11.8347,9.9297],[11.8293,9.9154],[11.8193,9.9028],[11.8165,9.8914],[11.809,9.8764],[11.8012,9.8407],[11.8034,9.8323],[11.8264,9.8229],[11.8444,9.8193],[11.8518,9.814],[11.8545,9.7935],[11.8509,9.7864],[11.8358,9.7727],[11.8172,9.7409],[11.7962,9.7309],[11.7761,9.7071],[11.7566,9.7187],[11.7463,9.7054],[11.7382,9.6997],[11.7359,9.6997],[11.7266,9.6906],[11.7009,9.6738],[11.6964,9.6689],[11.6836,9.6632],[11.672,9.6552],[11.6639,9.6484],[11.6546,9.6369],[11.6345,9.6275],[11.6136,9.6563],[11.5983,9.6493],[11.5862,9.6338],[11.5817,9.6198],[11.5764,9.6153],[11.5671,9.6108],[11.563,9.6051],[11.5456,9.6052],[11.5273,9.6082],[11.5017,9.6075],[11.4912,9.6041],[11.4843,9.6042],[11.468,9.5985],[11.4445,9.5762],[11.4419,9.5604],[11.4339,9.5521],[11.4296,9.5496],[11.4362,9.5398],[11.4335,9.5197],[11.4391,9.5163],[11.4402,9.4938],[11.4438,9.4885],[11.47,9.4773],[11.4791,9.4656],[11.4843,9.4641],[11.4935,9.4507],[11.4974,9.4405],[11.5063,9.434],[11.5259,9.4078],[11.5201,9.404],[11.524,9.3961],[11.5239,9.3851],[11.5261,9.3808],[11.5302,9.3784],[11.5349,9.3724],[11.5359,9.3666],[11.5301,9.343],[11.5307,9.3261],[11.5818,9.3167],[11.5907,9.3108],[11.5933,9.3037],[11.599,9.3016],[11.6116,9.3036],[11.6249,9.3091],[11.6477,9.3054],[11.6488,9.298],[11.6633,9.2731],[11.6702,9.2536],[11.6874,9.2295],[11.679,9.2239],[11.6795,9.2175],[11.6777,9.2106],[11.6836,9.1928],[11.6896,9.1902],[11.6964,9.1804],[11.7026,9.1608],[11.6954,9.1328],[11.6963,9.1138],[11.6949,9.1068],[11.7068,9.0745],[11.7156,9.068],[11.7296,9.0617],[11.7352,9.0533],[11.7525,9.0497],[11.7675,9.0337],[11.7918,9.0199],[11.8311,9.0084],[11.8299,8.9935],[11.8437,8.9789],[11.8639,8.9541],[11.8715,8.9471],[11.8736,8.9376],[11.8624,8.9152],[11.8647,8.9099],[11.8609,8.9066],[11.854,8.8952],[11.8498,8.8751],[11.8506,8.8699],[11.8434,8.8667],[11.8451,8.8598],[11.8407,8.845],[11.8317,8.7923],[11.8312,8.7695],[11.8271,8.7391],[11.7855,8.711],[11.7692,8.712],[11.7543,8.7001],[11.7431,8.6776],[11.7517,8.6734],[11.7605,8.6637],[11.7614,8.6665],[11.7879,8.6434],[11.7889,8.6412],[11.7842,8.6298],[11.7769,8.6251],[11.7576,8.6172],[11.7597,8.6075],[11.7668,8.5969],[11.79,8.5728],[11.7927,8.5645],[11.7945,8.5462],[11.7907,8.5314],[11.786,8.5222],[11.7802,8.5142],[11.7662,8.504],[11.7302,8.4709],[11.7163,8.4652],[11.709,8.4653],[11.6994,8.4689],[11.6902,8.4646],[11.6795,8.4626],[11.6702,8.4518],[11.6618,8.4498],[11.6558,8.4454],[11.6483,8.4424],[11.6383,8.4138],[11.6129,8.4037],[11.6298,8.3866],[11.6012,8.3522],[11.5895,8.3316],[11.5778,8.3042],[11.5661,8.2847],[11.5544,8.2596],[11.5463,8.2459],[11.523,8.215],[11.5044,8.1945],[11.4776,8.1694],[11.4695,8.1637],[11.4335,8.1317],[11.408,8.1066],[11.3905,8.0929],[11.3801,8.0827],[11.3719,8.0712],[11.3626,8.0644],[11.3579,8.0552],[11.3498,8.0438],[11.3463,8.0415],[11.3469,8.0358],[11.3521,8.0347],[11.3544,8.0324],[11.3543,8.0266],[11.3474,8.0301],[11.3427,8.0278],[11.3415,8.0187],[11.3507,8.0118],[11.3519,8.0026],[11.3542,7.9969],[11.3634,7.9843],[11.3656,7.9763],[11.3725,7.9648],[11.3932,7.9385],[11.4116,7.8984],[11.4438,7.8537],[11.4656,7.8285],[11.4725,7.8159],[11.4806,7.8124],[11.4898,7.7998],[11.4944,7.7986],[11.5003,7.7998],[11.5142,7.8158],[11.5166,7.8249],[11.5259,7.8455],[11.5412,7.8924],[11.5516,7.9033],[11.5632,7.906],[11.5904,7.908],[11.6099,7.8876],[11.6197,7.8737],[11.6324,7.8672],[11.6464,7.8658],[11.6506,7.8573],[11.6479,7.8455],[11.6462,7.8172],[11.6488,7.7908],[11.6361,7.773],[11.6321,7.7645],[11.633,7.7504],[11.6487,7.7429],[11.6827,7.7341],[11.7265,7.7192],[11.758,7.7248],[11.7648,7.6939],[11.7694,7.6824],[11.7727,7.6515],[11.7662,7.6149],[11.7666,7.6031],[11.7683,7.5984],[11.7684,7.5796],[11.7654,7.5692],[11.763,7.5475],[11.7629,7.5406],[11.7719,7.4879],[11.7857,7.4707],[11.7961,7.4547],[11.8099,7.4421],[11.8527,7.3912],[11.8572,7.3983],[11.8714,7.4117],[11.8883,7.4222],[11.9067,7.4383],[12.0408,7.5736],[12.0436,7.5778],[12.0408,7.6286],[12.0294,7.6444],[12.025,7.6606],[12.0269,7.6864],[12.0331,7.715],[12.0436,7.7397],[12.0767,7.7964],[12.0961,7.8261],[12.1197,7.8511],[12.1411,7.8778],[12.1613,7.9132],[12.1679,7.9173],[12.1729,7.9263],[12.1758,7.9282],[12.1796,7.9286],[12.1833,7.9371],[12.189,7.9374],[12.1953,7.9423],[12.1914,7.9462],[12.1938,7.9515],[12.1899,7.9568],[12.2037,7.9649],[12.2071,7.9683],[12.21,7.9774],[12.2094,7.9812],[12.2109,7.9829],[12.2136,7.9825],[12.2131,7.9875],[12.2143,7.9903],[12.219,7.9913],[12.2211,7.9945],[12.2094,8.0034],[12.2017,8.0425],[12.1994,8.0742],[12.2015,8.1068],[12.21,8.1325],[12.2455,8.1772],[12.2556,8.1978],[12.2567,8.2178],[12.255,8.2364],[12.2525,8.2475],[12.2422,8.2711],[12.2372,8.3102],[12.2372,8.3267],[12.2428,8.3775],[12.2472,8.3939],[12.2539,8.4081],[12.2633,8.4194],[12.2753,8.4283],[12.2964,8.4344],[12.3081,8.4322],[12.3203,8.4236],[12.33,8.4192],[12.3361,8.4197],[12.4408,8.4553],[12.5194,8.4553],[12.586,8.4648],[12.6026,8.4934],[12.6812,8.4672],[12.7311,8.5124],[12.7549,8.5719],[12.8263,8.5648],[12.8168,8.6504],[12.8573,8.6861],[12.8787,8.7504],[12.881,8.8455],[12.8443,8.9712],[12.8493,8.9802],[12.9252,8.9931],[12.9423,9.0635],[12.9214,9.1511],[12.9062,9.3414],[12.8978,9.3481],[12.9682,9.4519],[12.9883,9.4697],[13.0239,9.4961],[13.0495,9.5069],[13.0659,9.5069],[13.0867,9.512],[13.1509,9.5147],[13.1867,9.5267],[13.1958,9.5311],[13.205,9.5394],[13.2152,9.5444],[13.2187,9.5426],[13.2306,9.5676],[13.2392,9.5789],[13.2453,9.5939],[13.2597,9.7517],[13.2406,9.8542],[13.2447,9.8724],[13.237,9.8934],[13.2375,9.9003],[13.2355,9.9077],[13.2458,9.9223],[13.2746,9.9384],[13.2864,9.9711],[13.2622,10.0118],[13.2439,10.0317],[13.2451,10.0376],[13.2523,10.0407],[13.2571,10.0508],[13.2617,10.0567],[13.2749,10.058],[13.2804,10.0699],[13.2853,10.0713],[13.2896,10.0755],[13.2915,10.0802],[13.3122,10.0882],[13.3166,10.0937],[13.318,10.0997],[13.3957,10.1102],[13.4103,10.1197],[13.4517,10.1544],[13.4622,10.1719],[13.4689,10.1861],[13.4714,10.1978],[13.4708,10.2042],[13.4636,10.2175],[13.5077,10.2145],[13.5174,10.2573],[13.5109,10.2734],[13.4875,10.2781],[13.4987,10.3372],[13.4941,10.3888],[13.4922,10.3898],[13.5188,10.3938],[13.5416,10.4989],[13.5542,10.5663],[13.5556,10.6281],[13.5608,10.6436],[13.5731,10.6672],[13.618,10.716],[13.6328,10.7346],[13.6602,10.782],[13.6769,10.8075],[13.7064,10.8467],[13.7131,10.8608],[13.7183,10.8815],[13.7507,10.9141],[13.6699,10.9447],[13.6548,10.9445],[13.6514,10.9459],[13.641,10.9459],[13.6132,10.9494],[13.5854,10.9495],[13.5773,10.9483],[13.5518,10.9347],[13.546,10.929],[13.5181,10.9187],[13.5135,10.9153],[13.5019,10.9108],[13.4752,10.9028],[13.4634,10.9028],[13.4452,10.8951],[13.4357,10.8889],[13.4113,10.8803],[13.3831,10.8784],[13.3804,10.8827],[13.3906,10.8917],[13.3887,10.8959],[13.3829,10.8973],[13.3765,10.8957],[13.3734,10.8967],[13.372,10.913],[13.3677,10.9248],[13.355,10.9305],[13.3504,10.9317],[13.3457,10.9306],[13.3434,10.9283],[13.3428,10.9179],[13.3359,10.9078],[13.3344,10.89],[13.3363,10.8596],[13.3349,10.8288],[13.3359,10.8001],[13.323,10.759],[13.3194,10.7373],[13.3112,10.7135],[13.3088,10.7112],[13.3042,10.6995],[13.2832,10.6675],[13.2678,10.63],[13.2583,10.612],[13.2392,10.6005],[13.2325,10.5889],[13.2292,10.5776],[13.233,10.5585],[13.2528,10.5403],[13.248,10.5079],[13.2392,10.4861],[13.2345,10.4632],[13.229,10.4608],[13.2296,10.4588],[13.2281,10.456],[13.2266,10.4562],[13.2257,10.4532],[13.2233,10.4525],[13.2277,10.4519],[13.2281,10.4435],[13.2193,10.4436],[13.2192,10.4486],[13.2181,10.4493],[13.2141,10.4477],[13.2104,10.442],[13.2191,10.4385],[13.2186,10.4351],[13.2068,10.4157],[13.1971,10.4089],[13.191,10.4097],[13.1559,10.4287],[13.1225,10.4437],[13.1098,10.4448],[13.1074,10.4471],[13.0982,10.4506],[13.052,10.4644],[13.045,10.469],[13.0404,10.4747],[13.0314,10.4789],[13.0153,10.4949],[13.0105,10.5137],[13.0025,10.5217],[12.9829,10.5355],[12.9586,10.5481],[12.9182,10.562],[12.8754,10.5735],[12.777,10.5772],[12.7608,10.5829],[12.7446,10.5795],[12.7353,10.5761],[12.7318,10.5727],[12.7132,10.5453],[12.7027,10.5327],[12.6863,10.4996],[12.6737,10.4849],[12.6653,10.4596],[12.6587,10.4515],[12.6572,10.4459],[12.6525,10.439],[12.6397,10.4357],[12.6352,10.4402],[12.6333,10.4378],[12.6225,10.4442],[12.6186,10.4501],[12.6131,10.4477],[12.6104,10.4504],[12.6073,10.4509],[12.5998,10.4613],[12.6028,10.4777],[12.6026,10.484],[12.5982,10.4854],[12.5949,10.4899],[12.5788,10.4921],[12.5705,10.4816],[12.5709,10.4754],[12.5675,10.469],[12.568,10.4656],[12.5655,10.4571],[12.5581,10.4459],[12.5579,10.4435],[12.5625,10.4401],[12.5652,10.4346],[12.5643,10.4325],[12.5568,10.4339],[12.5551,10.4308],[12.5545,10.4277],[12.5604,10.4093],[12.5574,10.3951],[12.5516,10.3954],[12.5354,10.3929],[12.5042,10.379],[12.4627,10.3748],[12.4391,10.3699],[12.4216,10.3714],[12.3792,10.3505],[12.3851,10.3445],[12.3886,10.3332],[12.3897,10.3226],[12.3869,10.3171],[12.3719,10.3184],[12.3615,10.3173],[12.3441,10.3196],[12.329,10.3196],[12.3198,10.3156],[12.3128,10.3151],[12.3064,10.3361],[12.2993,10.3413],[12.2908,10.3301],[12.2798,10.3287],[12.2572,10.3598],[12.2537,10.3475],[12.2423,10.3193],[12.2292,10.2988],[12.215,10.2871],[12.2127,10.2808],[12.2008,10.2779],[12.1938,10.2729],[12.1791,10.2717],[12.1732,10.2687],[12.1746,10.2644],[12.1689,10.2623],[12.1633,10.2622],[12.1609,10.257],[12.1502,10.2502],[12.136,10.2367],[12.135,10.2333],[12.1374,10.2295],[12.1349,10.2276],[12.1333,10.2206],[12.1301,10.2171],[12.1297,10.2108],[12.1265,10.2036],[12.1089,10.1868],[12.1025,10.1638],[12.089,10.1425],[12.0887,10.1344],[12.0938,10.1173],[12.0913,10.1013],[12.1028,10.0934],[12.1013,10.0744],[12.0966,10.0679],[12.0868,10.0605],[12.0752,10.0586],[12.0554,10.0588],[12.0472,10.0568],[12.0343,10.0578],[12.0235,10.0628],[12.0188,10.0669],[12.0112,10.0599],[12.0043,10.0474],[11.9912,10.0353],[11.9892,10.0376],[11.9705,10.0349],[11.9605,10.0358],[11.9542,10.0322],[11.9311,10.0259],[11.9207,10.0247],[11.883,10.0257],[11.8551,10.0322],[11.8358,10.0339]]]}},{"type":"Feature","properties":{"name":"Akwa Ibom","code":"AK"},"geometry":{"type":"Polygon","coordinates":[[[7.8804,5.3668],[7.8761,5.3689],[7.884,5.3845],[7.8729,5.3989],[7.8683,5.4081],[7.8653,5.4184],[7.8613,5.4213],[7.8561,5.4224],[7.8383,5.4217],[7.8211,5.4233],[7.809,5.4278],[7.7928,5.4398],[7.7888,5.4444],[7.7782,5.4731],[7.7655,5.4829],[7.7602,5.4903],[7.7601,5.5053],[7.7572,5.5105],[7.7485,5.5162],[7.7428,5.5173],[7.7296,5.5172],[7.7136,5.5119],[7.7107,5.5124],[7.7106,5.5194],[7.7049,5.5176],[7.6959,5.5183],[7.6918,5.5117],[7.6901,5.5059],[7.693,5.4996],[7.7023,5.4899],[7.7047,5.4829],[7.7027,5.4535],[7.6999,5.4448],[7.7,5.4315],[7.6914,5.4372],[7.6759,5.4412],[7.6678,5.4474],[7.6603,5.4474],[7.6569,5.4456],[7.6393,5.4305],[7.6348,5.4212],[7.6327,5.4066],[7.622,5.3881],[7.6196,5.3717],[7.6248,5.3645],[7.6385,5.3652],[7.6528,5.3691],[7.6609,5.3671],[7.6705,5.3519],[7.6653,5.3441],[7.6523,5.3284],[7.6489,5.3249],[7.6455,5.3238],[7.6306,5.3213],[7.622,5.3178],[7.61,5.3206],[7.6065,5.3263],[7.603,5.3269],[7.5916,5.3187],[7.5876,5.3187],[7.579,5.3232],[7.5721,5.3243],[7.5664,5.3208],[7.5608,5.3092],[7.5562,5.3063],[7.5493,5.3068],[7.5436,5.3097],[7.5378,5.3073],[7.535,5.3038],[7.5345,5.3009],[7.5472,5.2866],[7.5531,5.2757],[7.552,5.2693],[7.5424,5.256],[7.5401,5.1936],[7.539,5.1873],[7.5334,5.1757],[7.5279,5.156],[7.5338,5.1405],[7.5334,5.1157],[7.5347,5.1087],[7.5469,5.0881],[7.5402,5.069],[7.538,5.0661],[7.5294,5.0585],[7.5203,5.0549],[7.5189,5.0532],[7.5341,5.0481],[7.533,5.0423],[7.5279,5.0377],[7.5205,5.0366],[7.5154,5.0382],[7.5097,5.0345],[7.5119,5.0301],[7.512,5.026],[7.5064,5.0133],[7.4919,5.0078],[7.4836,4.9963],[7.4779,4.9979],[7.4711,4.9959],[7.4603,4.9777],[7.4632,4.9725],[7.4736,4.9651],[7.4811,4.9611],[7.4914,4.9595],[7.4916,4.9445],[7.487,4.9381],[7.4808,4.9328],[7.477,4.908],[7.4818,4.893],[7.4807,4.8826],[7.4819,4.8798],[7.4912,4.8643],[7.4987,4.8591],[7.4993,4.8551],[7.4971,4.8458],[7.5006,4.8395],[7.5007,4.8343],[7.4951,4.8283],[7.5115,4.8073],[7.5118,4.7931],[7.5096,4.7852],[7.5316,4.7684],[7.5339,4.7534],[7.5423,4.7301],[7.5355,4.714],[7.5351,4.7004],[7.5315,4.6924],[7.5237,4.6837],[7.5226,4.6709],[7.5259,4.6637],[7.528,4.6508],[7.5225,4.6308],[7.5311,4.6173],[7.5319,4.6041],[7.5467,4.5852],[7.5449,4.5691],[7.5352,4.5568],[7.5277,4.55],[7.5389,4.5389],[7.552,4.5203],[7.5612,4.5138],[7.5713,4.5123],[7.5796,4.5088],[7.5966,4.4966],[7.603,4.4884],[7.6023,4.4777],[7.6058,4.4703],[7.6142,4.4686],[7.6412,4.4843],[7.6672,4.4954],[7.6814,4.4947],[7.6939,4.4989],[7.77,4.5133],[7.8401,4.5236],[7.987,4.5379],[8.001,4.5381],[8.0269,4.5429],[8.1165,4.545],[8.1758,4.5443],[8.2477,4.535],[8.2625,4.5353],[8.2704,4.5378],[8.2789,4.5363],[8.2916,4.5366],[8.2948,4.5402],[8.2931,4.5464],[8.3111,4.5676],[8.3349,4.5897],[8.344,4.6068],[8.3411,4.6116],[8.3404,4.6242],[8.326,4.6649],[8.3288,4.6922],[8.3243,4.7102],[8.3199,4.7158],[8.3158,4.7364],[8.3185,4.7473],[8.3126,4.7621],[8.3011,4.7723],[8.3,4.7793],[8.3022,4.7904],[8.3095,4.8042],[8.3022,4.8172],[8.2805,4.8365],[8.2743,4.8547],[8.2629,4.8771],[8.2514,4.8821],[8.2448,4.8872],[8.2387,4.9005],[8.2359,4.919],[8.23,4.9305],[8.209,4.9415],[8.2006,4.952],[8.187,4.9588],[8.1839,4.9654],[8.1592,4.9696],[8.1421,4.9683],[8.1348,4.9728],[8.1256,4.982],[8.1222,4.9942],[8.1026,5.0238],[8.1,5.0334],[8.0982,5.043],[8.1003,5.0628],[8.0993,5.1071],[8.0952,5.1152],[8.0697,5.136],[8.0649,5.1452],[8.063,5.1581],[8.0667,5.1817],[8.0653,5.1988],[8.0552,5.2173],[8.0416,5.2346],[8.0281,5.2438],[8.0168,5.247],[8.0098,5.2382],[8.0066,5.2257],[8.0033,5.2192],[7.9927,5.2067],[7.9844,5.2058],[7.9761,5.2083],[7.9698,5.2203],[7.9664,5.2315],[7.9618,5.236],[7.9538,5.2383],[7.9481,5.2417],[7.9401,5.2497],[7.9378,5.2543],[7.935,5.2736],[7.9297,5.2851],[7.9129,5.304],[7.8921,5.3165],[7.8749,5.3181],[7.8652,5.3146],[7.8629,5.3151],[7.8577,5.3185],[7.8542,5.3254],[7.8426,5.3352],[7.8409,5.3375],[7.842,5.3409],[7.8488,5.3444],[7.8683,5.3429],[7.8759,5.3372],[7.8965,5.3333],[7.9017,5.3356],[7.9039,5.3385],[7.9045,5.3414],[7.9033,5.3431],[7.8848,5.3586],[7.8813,5.3626],[7.8804,5.3668]]]}},{"type":"Feature","properties":{"name":"Anambra","code":"AN"},"geometry":{"type":"Polygon","coordinates":[[[6.6019,5.6875],[6.626,5.6835],[6.6531,5.6816],[6.6689,5.6899],[6.6794,5.6958],[6.6913,5.6997],[6.6949,5.7462],[6.7143,5.7613],[6.7301,5.7507],[6.7514,5.7496],[6.7617,5.7578],[6.794,5.7742],[6.8008,5.7846],[6.8044,5.7861],[6.8107,5.7876],[6.8198,5.7835],[6.8488,5.7641],[6.8655,5.7479],[6.8723,5.7444],[6.8766,5.7441],[6.8795,5.7455],[6.8837,5.7541],[6.8855,5.7871],[6.8898,5.8063],[6.8915,5.8089],[6.9014,5.8168],[6.9089,5.8208],[6.9334,5.8304],[6.9484,5.8386],[6.9539,5.8455],[6.956,5.8506],[6.9795,5.8745],[6.9967,5.8991],[7.0031,5.9052],[7.0092,5.9077],[7.0255,5.9098],[7.031,5.9121],[7.0478,5.9272],[7.053,5.9295],[7.0602,5.9314],[7.076,5.9304],[7.1077,5.9262],[7.1189,5.9218],[7.1429,5.9185],[7.1649,5.9112],[7.1888,5.8995],[7.1914,5.9004],[7.1952,5.9049],[7.2028,5.921],[7.2121,5.9289],[7.2288,5.9328],[7.2486,5.9319],[7.2569,5.9347],[7.261,5.9389],[7.2564,5.9505],[7.2546,5.9652],[7.264,5.9915],[7.2726,5.9977],[7.3183,5.9986],[7.3226,6.0038],[7.333,6.0314],[7.3383,6.0362],[7.3391,6.0421],[7.3038,6.045],[7.2995,6.0481],[7.2972,6.0526],[7.2973,6.0562],[7.3006,6.0656],[7.3039,6.071],[7.3096,6.0765],[7.3095,6.079],[7.2849,6.0777],[7.2613,6.0794],[7.2548,6.1047],[7.2497,6.1065],[7.2484,6.1087],[7.2397,6.1142],[7.2295,6.1276],[7.224,6.1426],[7.2216,6.1576],[7.2247,6.1788],[7.224,6.1914],[7.209,6.2025],[7.2043,6.2088],[7.2035,6.2182],[7.1995,6.2348],[7.1893,6.2395],[7.1506,6.2286],[7.1507,6.23],[7.1434,6.2356],[7.1453,6.2363],[7.1455,6.2404],[7.1423,6.2439],[7.1448,6.246],[7.1455,6.25],[7.1484,6.251],[7.147,6.2558],[7.1491,6.2625],[7.1426,6.2891],[7.1504,6.2969],[7.1602,6.3034],[7.1618,6.3156],[7.1589,6.323],[7.1523,6.3289],[7.1419,6.3597],[7.1418,6.3799],[7.1439,6.3883],[7.1307,6.3994],[7.1154,6.4015],[7.1,6.4187],[7.0894,6.4263],[7.0706,6.4288],[7.0635,6.4279],[7.0648,6.4372],[7.0387,6.4402],[7.0322,6.4424],[7.0332,6.4669],[7.0363,6.4738],[7.0454,6.4712],[7.0497,6.4744],[7.0463,6.5008],[7.0463,6.5122],[7.0485,6.5274],[7.0554,6.5453],[7.0633,6.5549],[7.0781,6.5575],[7.0842,6.5623],[7.092,6.5758],[7.1095,6.5932],[7.1156,6.6033],[7.1177,6.6155],[7.1247,6.6259],[7.1317,6.6434],[7.1326,6.6521],[7.1291,6.6595],[7.1016,6.6756],[7.0903,6.6773],[7.0702,6.6856],[7.0506,6.6826],[7.0463,6.6874],[7.0166,6.7061],[6.9909,6.7131],[6.9565,6.71],[6.9439,6.7061],[6.9393,6.7033],[6.9356,6.6956],[6.9306,6.6957],[6.9269,6.6985],[6.9229,6.6991],[6.9187,6.6986],[6.9131,6.6954],[6.9098,6.6964],[6.861,6.7534],[6.8338,6.7222],[6.8064,6.7031],[6.8003,6.6935],[6.799,6.6795],[6.809,6.6159],[6.8081,6.5802],[6.7933,6.5723],[6.7641,6.5636],[6.7157,6.5603],[6.672,6.5675],[6.6617,6.5579],[6.6689,6.5012],[6.6739,6.4683],[6.6818,6.4557],[6.6921,6.4184],[6.6998,6.3817],[6.7073,6.3686],[6.7128,6.3534],[6.7221,6.2827],[6.7231,6.2656],[6.7262,6.2599],[6.731,6.2391],[6.7427,6.2094],[6.7537,6.1928],[6.7673,6.1818],[6.7694,6.168],[6.7607,6.1478],[6.7553,6.1207],[6.7492,6.1137],[6.7221,6.0975],[6.7133,6.0871],[6.7045,6.0811],[6.6991,6.061],[6.7032,6.0512],[6.7202,6.0457],[6.7255,6.0407],[6.7265,6.0289],[6.7245,6.0123],[6.7165,5.981],[6.7159,5.9699],[6.7094,5.9593],[6.7001,5.9293],[6.686,5.9048],[6.6735,5.8891],[6.6609,5.8565],[6.6579,5.8404],[6.6508,5.8171],[6.6472,5.7853],[6.6483,5.7717],[6.6436,5.7473],[6.6391,5.7395],[6.6006,5.7066],[6.6019,5.6875]]]}},{"type":"Feature","properties":{"name":"Bauchi","code":"BA"},"geometry":{"type":"Polygon","coordinates":[[[10.541,9.4835],[10.6178,9.4628],[10.7735,9.4473],[10.9172,9.5545],[10.9563,9.6057],[10.9691,9.6154],[10.9882,9.6302],[10.9899,9.6406],[10.985,9.6418],[10.9569,9.6686],[10.9563,9.6719],[10.9605,9.6754],[10.9608,9.6958],[10.9578,9.7033],[10.9567,9.7114],[10.9618,9.7168],[10.9664,9.7311],[10.9647,9.7455],[10.9655,9.7523],[10.9747,9.7669],[10.9785,9.7698],[10.9787,9.7722],[10.9816,9.7748],[10.9773,9.8127],[10.9702,9.8117],[10.9657,9.8141],[10.9612,9.8234],[10.9577,9.8345],[10.9591,9.8522],[10.9449,9.8704],[10.9454,9.8804],[10.9185,9.8997],[10.8906,9.9307],[10.8752,9.9405],[10.8659,9.9499],[10.8577,9.9557],[10.825,9.97],[10.8122,9.9793],[10.7884,10.0061],[10.7753,10.0125],[10.7277,10.0415],[10.7175,10.0499],[10.7169,10.0635],[10.7115,10.0762],[10.7134,10.0888],[10.7159,10.0945],[10.7212,10.0951],[10.7265,10.1055],[10.7384,10.121],[10.7492,10.1199],[10.7746,10.1376],[10.7867,10.1348],[10.8003,10.1348],[10.8074,10.138],[10.8186,10.1573],[10.8172,10.1695],[10.8199,10.1811],[10.8356,10.2041],[10.8393,10.2152],[10.8512,10.2242],[10.8572,10.2357],[10.8553,10.2408],[10.8629,10.2683],[10.8473,10.2864],[10.8192,10.313],[10.8222,10.3208],[10.8234,10.3311],[10.8222,10.343],[10.8283,10.351],[10.8339,10.365],[10.8354,10.3996],[10.8041,10.4245],[10.8135,10.4377],[10.8103,10.4478],[10.8004,10.4507],[10.7926,10.4407],[10.7907,10.4351],[10.7425,10.4736],[10.7302,10.4874],[10.7216,10.4901],[10.7054,10.4804],[10.7014,10.4874],[10.6894,10.4931],[10.6696,10.4931],[10.6655,10.4909],[10.6619,10.4914],[10.6124,10.5566],[10.5934,10.5714],[10.57,10.5868],[10.5582,10.6006],[10.5695,10.6279],[10.5626,10.6423],[10.538,10.6494],[10.5286,10.6497],[10.5253,10.6627],[10.4943,10.6883],[10.5,10.6976],[10.4997,10.712],[10.5054,10.7145],[10.5065,10.7178],[10.5109,10.7199],[10.5143,10.7255],[10.5186,10.7255],[10.5203,10.7269],[10.5214,10.7326],[10.5267,10.737],[10.5687,10.8108],[10.5765,10.8071],[10.5955,10.8269],[10.6098,10.8488],[10.62,10.8513],[10.6247,10.8587],[10.6365,10.8675],[10.6427,10.876],[10.652,10.8814],[10.6467,10.8932],[10.6772,10.9309],[10.6746,10.9386],[10.6627,10.9463],[10.6571,10.9517],[10.6411,10.9608],[10.6427,10.977],[10.6597,10.9849],[10.6647,10.9944],[10.6625,11.0107],[10.6647,11.0283],[10.6695,11.0398],[10.679,11.0458],[10.6899,11.0472],[10.7079,11.0848],[10.7384,11.101],[10.7724,11.0603],[10.7871,11.0641],[10.789,11.0728],[10.7991,11.0843],[10.8534,11.085],[10.8642,11.0884],[10.8821,11.086],[10.9103,11.0883],[10.9219,11.0921],[10.9296,11.0907],[10.9293,11.0945],[10.9374,11.0962],[10.9893,11.1363],[11.0085,11.1491],[10.9817,11.1788],[10.9456,11.219],[10.926,11.2512],[10.9478,11.2658],[10.9443,11.2758],[10.9206,11.2679],[10.9179,11.2688],[10.917,11.2709],[10.928,11.2844],[10.9331,11.3149],[10.9103,11.3309],[10.9207,11.3864],[10.9207,11.4259],[10.9298,11.4433],[10.9312,11.4594],[10.9334,11.4622],[10.9356,11.4746],[10.9356,11.4815],[10.9337,11.4864],[10.9347,11.4956],[10.9306,11.5008],[10.9277,11.5256],[10.9293,11.5347],[10.9395,11.554],[10.9325,11.567],[10.9287,11.5856],[10.927,11.6102],[10.9287,11.6665],[10.9209,11.7184],[10.9265,11.7393],[10.9277,11.7766],[10.9054,11.8273],[10.8775,11.829],[10.8605,11.8556],[10.8407,11.8729],[10.817,11.8861],[10.8128,11.9169],[10.802,11.9364],[10.8033,11.9372],[10.8038,11.9416],[10.7999,11.9439],[10.7998,11.9463],[10.8014,11.9476],[10.8056,11.9454],[10.8068,11.9473],[10.8049,11.9508],[10.8072,11.9573],[10.8097,11.9572],[10.8127,11.9544],[10.814,11.9551],[10.8116,11.9636],[10.8097,11.9654],[10.8109,11.9682],[10.8187,11.9705],[10.817,11.9761],[10.8188,11.9797],[10.8207,11.9798],[10.8221,11.9768],[10.8237,11.9772],[10.8234,11.9806],[10.8184,11.9831],[10.8228,11.9855],[10.8201,11.9943],[10.8228,11.9977],[10.8206,11.9999],[10.8182,11.9995],[10.8182,12.0029],[10.8152,12.008],[10.819,12.01],[10.8223,12.0068],[10.8262,12.0134],[10.8227,12.0148],[10.8259,12.048],[10.8218,12.0656],[10.8267,12.0959],[10.8232,12.1094],[10.8192,12.1121],[10.8044,12.1171],[10.7995,12.128],[10.8032,12.1448],[10.7949,12.1847],[10.7921,12.2303],[10.7895,12.2411],[10.789,12.2784],[10.785,12.2872],[10.7817,12.2909],[10.7759,12.3097],[10.7643,12.3696],[10.7505,12.4762],[10.7152,12.5008],[10.6913,12.5144],[10.6513,12.5294],[10.6424,12.5312],[10.6142,12.5325],[10.6055,12.5281],[10.5982,12.522],[10.597,12.5202],[10.5952,12.521],[10.5925,12.5198],[10.5912,12.5184],[10.5917,12.5162],[10.5987,12.5142],[10.6044,12.515],[10.6056,12.5146],[10.6052,12.5117],[10.6047,12.5107],[10.5949,12.5113],[10.5929,12.5101],[10.5905,12.5049],[10.6056,12.489],[10.6025,12.4883],[10.6032,12.4871],[10.6017,12.4851],[10.5949,12.4856],[10.5908,12.4823],[10.5838,12.4817],[10.5812,12.4769],[10.5786,12.4752],[10.5758,12.4748],[10.5726,12.4771],[10.5701,12.4699],[10.5626,12.471],[10.5577,12.4671],[10.5547,12.4725],[10.5546,12.4808],[10.539,12.4778],[10.5157,12.4682],[10.5125,12.4684],[10.4589,12.4407],[10.4473,12.4393],[10.4378,12.4409],[10.4333,12.4433],[10.4296,12.456],[10.4208,12.4589],[10.411,12.4595],[10.3939,12.4652],[10.3812,12.4637],[10.3632,12.4521],[10.3578,12.4459],[10.3522,12.4452],[10.3498,12.4434],[10.3477,12.4449],[10.3443,12.4447],[10.3392,12.4413],[10.3257,12.4428],[10.3027,12.4486],[10.2881,12.4555],[10.2581,12.4596],[10.2405,12.434],[10.225,12.4339],[10.2541,12.391],[10.2429,12.3799],[10.2266,12.3686],[10.2258,12.364],[10.2205,12.3563],[10.2096,12.3557],[10.2077,12.3542],[10.2012,12.3419],[10.2017,12.3361],[10.1989,12.3306],[10.195,12.3281],[10.1975,12.3247],[10.1964,12.3213],[10.2045,12.3243],[10.202,12.3172],[10.2036,12.3168],[10.2062,12.3193],[10.2055,12.3142],[10.2066,12.3119],[10.2023,12.3116],[10.1994,12.3135],[10.1962,12.311],[10.1798,12.288],[10.175,12.2734],[10.1475,12.2382],[10.1515,12.2023],[10.1622,12.1832],[10.1704,12.165],[10.1658,12.1511],[10.164,12.139],[10.1573,12.1294],[10.1568,12.1197],[10.1528,12.1024],[10.1525,12.0899],[10.1626,12.0657],[10.1683,12.0579],[10.1657,12.054],[10.1663,12.0503],[10.1689,12.0515],[10.1707,12.0485],[10.1749,12.0462],[10.1763,12.0427],[10.1745,12.0395],[10.1672,12.0407],[10.1646,12.0424],[10.1624,12.0417],[10.1621,12.0397],[10.1649,12.0369],[10.1623,12.0367],[10.1591,12.031],[10.1568,12.0302],[10.1577,12.0275],[10.155,12.0233],[10.1453,12.0252],[10.1447,12.0275],[10.1428,12.0246],[10.1391,12.0233],[10.1359,12.0254],[10.1344,12.0283],[10.132,12.0282],[10.1294,12.0244],[10.1321,12.0214],[10.1314,12.0199],[10.1303,12.0186],[10.1253,12.0184],[10.1249,12.0171],[10.1272,12.0161],[10.1246,12.0144],[10.121,12.0152],[10.1182,12.0133],[10.1133,12.0135],[10.1119,12.0149],[10.1098,12.0139],[10.1087,12.0155],[10.1055,12.0155],[10.1047,12.0171],[10.1004,12.0164],[10.0966,12.0187],[10.0959,12.0144],[10.0971,12.0121],[10.092,12.006],[10.092,12.0027],[10.0954,11.9997],[10.0927,11.9942],[10.0904,11.9953],[10.0891,11.9922],[10.0866,11.9917],[10.0848,11.9969],[10.0821,11.9975],[10.0797,11.9953],[10.0802,11.9973],[10.0789,11.9984],[10.0773,11.9921],[10.0748,11.9938],[10.0695,11.9919],[10.0701,11.9886],[10.0682,11.9878],[10.0671,11.9899],[10.0646,11.9893],[10.0653,11.9884],[10.0636,11.9863],[10.067,11.985],[10.0664,11.9836],[10.0634,11.9836],[10.0613,11.9863],[10.0577,11.9853],[10.0537,11.9809],[10.054,11.9781],[10.051,11.979],[10.0476,11.9775],[10.0481,11.9812],[10.0461,11.9813],[10.0458,11.9801],[10.0446,11.9811],[10.0413,11.9763],[10.0379,11.9762],[10.0372,11.9746],[10.0312,11.9787],[10.0237,11.9805],[10.0201,11.9836],[10.0167,11.9827],[10.0122,11.979],[9.9966,11.9751],[9.984,11.9702],[9.9763,11.9627],[9.9733,11.9641],[9.9712,11.9626],[9.9678,11.9544],[9.9627,11.9539],[9.9605,11.9551],[9.9597,11.9604],[9.9515,11.9578],[9.9517,11.956],[9.9503,11.9552],[9.9414,11.9536],[9.9397,11.9508],[9.9345,11.952],[9.9337,11.9496],[9.9315,11.9518],[9.9304,11.9501],[9.9267,11.9497],[9.9263,11.9479],[9.9236,11.9467],[9.9234,11.9438],[9.9087,11.9432],[9.9005,11.9381],[9.8916,11.9354],[9.8888,11.9366],[9.8827,11.9332],[9.873,11.9231],[9.8335,11.8904],[9.8162,11.8867],[9.8087,11.882],[9.804,11.8824],[9.8002,11.8801],[9.7903,11.8785],[9.7871,11.8745],[9.7823,11.8746],[9.7805,11.8722],[9.7778,11.8726],[9.763,11.8678],[9.7536,11.8625],[9.7499,11.864],[9.7476,11.8611],[9.7316,11.8579],[9.7079,11.8499],[9.7065,11.8517],[9.7039,11.8511],[9.7018,11.855],[9.7031,11.8587],[9.6992,11.8603],[9.6953,11.8589],[9.6906,11.864],[9.6878,11.8642],[9.6882,11.8657],[9.6862,11.8679],[9.6826,11.8668],[9.6738,11.8593],[9.6735,11.8471],[9.6778,11.8432],[9.6761,11.8131],[9.6731,11.7922],[9.6695,11.7843],[9.6623,11.7835],[9.6612,11.7809],[9.6583,11.7811],[9.6555,11.7781],[9.6515,11.779],[9.6476,11.7775],[9.645,11.7797],[9.6414,11.7787],[9.6407,11.7779],[9.6432,11.7765],[9.6431,11.775],[9.6399,11.7742],[9.6401,11.7725],[9.6363,11.7701],[9.6345,11.7702],[9.6351,11.7673],[9.6304,11.7638],[9.6288,11.7593],[9.6258,11.7614],[9.6256,11.7593],[9.6281,11.7584],[9.6269,11.7558],[9.6257,11.7574],[9.6232,11.753],[9.6209,11.7545],[9.6201,11.7537],[9.6191,11.7455],[9.6233,11.744],[9.6234,11.7412],[9.627,11.7411],[9.6285,11.7392],[9.6307,11.7395],[9.6307,11.7424],[9.6342,11.7415],[9.6321,11.7405],[9.632,11.7385],[9.6397,11.733],[9.6612,11.7271],[9.6849,11.7253],[9.6924,11.7222],[9.7037,11.7207],[9.7126,11.7209],[9.7796,11.7365],[9.7848,11.7272],[9.7843,11.7239],[9.802,11.6915],[9.8278,11.6923],[9.8306,11.6846],[9.8278,11.6824],[9.8208,11.6716],[9.8221,11.6576],[9.8257,11.6484],[9.8282,11.6347],[9.8259,11.6268],[9.8125,11.6276],[9.8107,11.6248],[9.8115,11.6208],[9.8136,11.6192],[9.8187,11.6196],[9.8197,11.6159],[9.8215,11.6157],[9.8228,11.6134],[9.8172,11.6041],[9.8349,11.5989],[9.8295,11.5881],[9.8196,11.5799],[9.8308,11.5403],[9.8297,11.5378],[9.8154,11.5293],[9.8056,11.5214],[9.7921,11.5065],[9.7879,11.5047],[9.784,11.4913],[9.7865,11.4822],[9.7847,11.4682],[9.8014,11.4434],[9.8557,11.466],[9.8646,11.4584],[9.8689,11.4583],[9.8748,11.4527],[9.878,11.4485],[9.8769,11.4459],[9.8801,11.4355],[9.8761,11.4234],[9.8762,11.4154],[9.8856,11.4064],[9.8851,11.3963],[9.88,11.3889],[9.8845,11.3813],[9.8884,11.381],[9.8895,11.3714],[9.8857,11.3703],[9.8835,11.3676],[9.8826,11.359],[9.9035,11.3475],[9.9183,11.3474],[9.9137,11.3199],[9.9119,11.3183],[9.913,11.3164],[9.9415,11.3139],[9.9484,11.2963],[9.9577,11.2863],[9.9646,11.2818],[9.9683,11.283],[9.9695,11.2788],[9.9772,11.2772],[9.9915,11.2702],[9.9985,11.2646],[10.0119,11.2614],[10.0277,11.2652],[10.0628,11.2661],[10.0842,11.2697],[10.0905,11.2671],[10.1082,11.2536],[10.1221,11.247],[10.1199,11.2374],[10.1298,11.2379],[10.1365,11.2362],[10.1457,11.241],[10.1518,11.2391],[10.1592,11.2311],[10.165,11.2277],[10.1756,11.2243],[10.1897,11.2222],[10.2,11.2261],[10.2131,11.2271],[10.2353,11.2239],[10.2506,11.2195],[10.2533,11.2153],[10.2795,11.2032],[10.2988,11.2058],[10.3222,11.2042],[10.3468,11.208],[10.3585,11.2081],[10.3655,11.2059],[10.3667,11.2025],[10.3634,11.1875],[10.3646,11.1794],[10.3464,11.1628],[10.3461,11.1596],[10.3403,11.1526],[10.3357,11.1434],[10.3385,11.1306],[10.334,11.1181],[10.3323,11.1174],[10.3312,11.1187],[10.3319,11.1218],[10.3299,11.1258],[10.3258,11.1248],[10.3167,11.1304],[10.3135,11.1305],[10.3068,11.122],[10.3024,11.12],[10.2917,11.1223],[10.2852,11.1041],[10.2773,11.1071],[10.2744,11.1015],[10.2705,11.0982],[10.2717,11.094],[10.2696,11.088],[10.2638,11.0865],[10.258,11.0831],[10.2507,11.0817],[10.2481,11.0793],[10.2314,11.0895],[10.2263,11.0943],[10.2185,11.0947],[10.2098,11.0923],[10.1892,11.0817],[10.1788,11.0702],[10.1748,11.0628],[10.1716,11.0615],[10.1688,11.0581],[10.1666,11.0479],[10.1588,11.0327],[10.1618,11.0297],[10.1536,11.0136],[10.1556,11.0056],[10.1691,10.9888],[10.1845,10.986],[10.1953,10.9818],[10.2043,10.9755],[10.2215,10.9537],[10.2203,10.9468],[10.1914,10.9482],[10.1868,10.9447],[10.1727,10.9422],[10.1634,10.9444],[10.1563,10.9443],[10.1511,10.9472],[10.1481,10.9454],[10.134,10.9475],[10.1199,10.9542],[10.1112,10.9626],[10.1119,10.9922],[10.088,10.99],[10.0603,10.97],[10.0462,10.9659],[10.0254,10.9729],[10.0103,10.9701],[10.0063,10.9557],[9.9855,10.9582],[9.9671,10.9708],[9.9292,10.9916],[9.8904,10.991],[9.8815,10.9893],[9.874,10.9973],[9.8689,10.9996],[9.8629,11.0064],[9.8593,11.0144],[9.8544,11.0374],[9.8543,11.0455],[9.8592,11.0555],[9.8529,11.0662],[9.8552,11.0765],[9.889,11.094],[9.8903,11.1066],[9.8781,11.1325],[9.8833,11.1473],[9.8827,11.1638],[9.8738,11.1868],[9.8783,11.1893],[9.8787,11.194],[9.881,11.1961],[9.8738,11.1966],[9.872,11.1986],[9.8615,11.1982],[9.8486,11.2277],[9.8419,11.2296],[9.8249,11.2796],[9.8199,11.2776],[9.8163,11.2786],[9.8137,11.277],[9.8108,11.2783],[9.8022,11.2739],[9.7982,11.2733],[9.7941,11.2703],[9.7943,11.2666],[9.792,11.2634],[9.79,11.2634],[9.7889,11.2607],[9.7828,11.2625],[9.7791,11.2616],[9.7765,11.257],[9.7676,11.2533],[9.7671,11.2504],[9.7653,11.2503],[9.7625,11.2458],[9.7455,11.2449],[9.7446,11.2472],[9.7455,11.2476],[9.7428,11.2493],[9.7396,11.2482],[9.7264,11.2509],[9.7267,11.2493],[9.7248,11.2476],[9.7256,11.246],[9.7209,11.2475],[9.7155,11.2447],[9.7143,11.236],[9.7122,11.2351],[9.7118,11.2323],[9.7139,11.2317],[9.7132,11.2299],[9.7005,11.231],[9.7011,11.2294],[9.6966,11.2287],[9.6949,11.2263],[9.6926,11.2269],[9.6865,11.2233],[9.6846,11.2241],[9.6841,11.2219],[9.6776,11.2213],[9.6706,11.2245],[9.6705,11.2273],[9.6676,11.2314],[9.662,11.2284],[9.6476,11.2341],[9.6259,11.2367],[9.6034,11.2434],[9.5956,11.2476],[9.5935,11.2572],[9.597,11.2689],[9.5984,11.2929],[9.6016,11.2983],[9.6073,11.3026],[9.6096,11.3091],[9.6094,11.3155],[9.5591,11.3155],[9.559,11.3169],[9.5379,11.3173],[9.5256,11.3165],[9.5118,11.3131],[9.5114,11.3079],[9.5083,11.3051],[9.5075,11.302],[9.5077,11.2977],[9.5052,11.2954],[9.5058,11.2899],[9.4975,11.2781],[9.4788,11.2865],[9.4753,11.2861],[9.4753,11.2846],[9.4712,11.2818],[9.4667,11.2836],[9.4641,11.2815],[9.4491,11.2874],[9.4452,11.2913],[9.441,11.2932],[9.4262,11.295],[9.4212,11.2988],[9.4116,11.3],[9.398,11.3166],[9.3796,11.3313],[9.3514,11.3432],[9.3461,11.3467],[9.3426,11.3407],[9.3378,11.3449],[9.337,11.3414],[9.3355,11.3405],[9.3301,11.3448],[9.3305,11.3399],[9.3232,11.3437],[9.3239,11.341],[9.322,11.3394],[9.3136,11.3462],[9.3038,11.3377],[9.2943,11.3394],[9.291,11.3482],[9.2871,11.3494],[9.2303,11.3352],[9.2114,11.3288],[9.195,11.3266],[9.1868,11.3206],[9.1781,11.3183],[9.1824,11.3111],[9.1804,11.3085],[9.1748,11.3063],[9.1695,11.3082],[9.1614,11.3146],[9.143,11.3156],[9.1415,11.3164],[9.1403,11.3216],[9.1422,11.3262],[9.1296,11.329],[9.1287,11.3275],[9.1241,11.3277],[9.1236,11.3263],[9.1179,11.3239],[9.1149,11.3169],[9.1018,11.3068],[9.0992,11.3104],[9.0886,11.3142],[9.0849,11.3149],[9.0831,11.3139],[9.082,11.3093],[9.0753,11.3062],[9.0725,11.3017],[9.0626,11.293],[9.0558,11.2909],[9.0511,11.2873],[9.0448,11.2859],[9.0378,11.2781],[9.0348,11.2769],[9.0267,11.2771],[9.0187,11.2653],[9.0182,11.2597],[9.0194,11.2577],[9.01,11.2508],[9.008,11.2465],[9.0036,11.2443],[9.0003,11.2401],[8.9998,11.2359],[8.9958,11.2329],[8.9956,11.2275],[8.9898,11.2248],[8.9852,11.2247],[8.9834,11.2205],[8.9798,11.2217],[8.9779,11.2206],[8.974,11.2159],[8.9736,11.2121],[8.9703,11.2086],[8.9668,11.2079],[8.9668,11.206],[8.9633,11.2024],[8.9559,11.2003],[8.9524,11.1951],[8.9527,11.1925],[8.9488,11.1922],[8.9487,11.1944],[8.9418,11.1912],[8.9402,11.1919],[8.9258,11.1803],[8.9199,11.1775],[8.921,11.1722],[8.9192,11.1703],[8.9205,11.1677],[8.918,11.1597],[8.9197,11.1588],[8.9147,11.1544],[8.9122,11.1467],[8.9098,11.1435],[8.901,11.1354],[8.9011,11.1314],[8.894,11.1214],[8.8934,11.1171],[8.8849,11.1109],[8.8827,11.1123],[8.8764,11.1099],[8.8689,11.1025],[8.8562,11.0985],[8.8456,11.1008],[8.8246,11.0958],[8.8178,11.0969],[8.8087,11.1041],[8.8053,11.1037],[8.8051,11.1001],[8.8119,11.0971],[8.8129,11.0918],[8.8024,11.0743],[8.7985,11.0745],[8.7955,11.0837],[8.7927,11.0829],[8.7942,11.0688],[8.7904,11.0682],[8.7938,11.0615],[8.7842,11.0372],[8.7798,11.0115],[8.7829,10.9998],[8.7868,10.9939],[8.7841,10.9743],[8.7897,10.9477],[8.7887,10.9423],[8.7773,10.9368],[8.7733,10.9383],[8.7707,10.9418],[8.7667,10.9417],[8.7679,10.9364],[8.7672,10.9301],[8.7652,10.9266],[8.7596,10.9235],[8.7499,10.8856],[8.7501,10.8669],[8.7454,10.8618],[8.7451,10.8595],[8.7458,10.8572],[8.7662,10.8511],[8.7694,10.8293],[8.7856,10.7972],[8.8216,10.7692],[8.829,10.7578],[8.838,10.7336],[8.8513,10.7201],[8.8552,10.7074],[8.8525,10.6863],[8.8482,10.6799],[8.8247,10.6753],[8.8219,10.6723],[8.7819,10.601],[8.7832,10.597],[8.7931,10.5655],[8.7843,10.5433],[8.7821,10.5259],[8.7753,10.5191],[8.7737,10.5138],[8.7731,10.5045],[8.7761,10.4963],[8.7767,10.4795],[8.7583,10.4579],[8.7528,10.4546],[8.7494,10.4452],[8.7492,10.4407],[8.7552,10.4391],[8.7576,10.435],[8.765,10.4317],[8.7673,10.4277],[8.7702,10.4281],[8.778,10.4242],[8.7823,10.4242],[8.7931,10.4107],[8.7937,10.4024],[8.7969,10.403],[8.7983,10.4017],[8.7955,10.3994],[8.7979,10.3989],[8.8037,10.3928],[8.8066,10.3932],[8.8076,10.3921],[8.8053,10.3881],[8.8089,10.3863],[8.8103,10.3812],[8.8131,10.3798],[8.8183,10.3804],[8.8206,10.3755],[8.8232,10.3742],[8.8381,10.3704],[8.8702,10.3576],[8.8987,10.3582],[8.9181,10.3535],[8.9258,10.3539],[8.9298,10.3521],[8.9357,10.3485],[8.9422,10.3333],[8.9463,10.3277],[8.9487,10.3182],[8.9549,10.3088],[8.9539,10.2895],[8.9392,10.2734],[8.9356,10.2674],[8.9364,10.2501],[8.9347,10.2461],[8.9312,10.2451],[8.9297,10.2285],[8.9303,10.215],[8.9739,10.19],[8.9782,10.1805],[8.9767,10.1708],[8.9771,10.1611],[8.9718,10.1513],[8.9722,10.1435],[8.9744,10.1379],[8.9683,10.1028],[8.9521,10.093],[8.9387,10.0266],[8.9438,10.0263],[8.9472,10.0196],[8.9495,10.0199],[8.9499,10.0132],[8.9515,10.0111],[8.9621,10.0052],[8.9775,9.9874],[9.0028,9.9888],[9.0005,10.006],[9.0013,10.0089],[9.0058,10.0121],[9.0069,10.0194],[9.004,10.026],[9.0039,10.0318],[9.0072,10.0328],[9.0201,10.0233],[9.0357,10.0162],[9.0474,10.0156],[9.0589,10.0181],[9.0683,10.0223],[9.0855,10.025],[9.1089,10.044],[9.1186,10.056],[9.124,10.058],[9.128,10.0586],[9.1446,10.0495],[9.1553,10.046],[9.1646,10.0464],[9.163,10.0419],[9.183,10.0383],[9.1925,10.0402],[9.2108,10.0484],[9.2297,10.0482],[9.2548,10.0301],[9.2513,10.0247],[9.2143,10.0175],[9.2321,9.8616],[9.2457,9.8479],[9.2721,9.8461],[9.2713,9.8422],[9.2608,9.8185],[9.2536,9.8086],[9.2442,9.8023],[9.2358,9.7896],[9.2187,9.7733],[9.212,9.7729],[9.2094,9.7701],[9.1987,9.7727],[9.1841,9.7688],[9.1558,9.756],[9.1504,9.748],[9.1522,9.7448],[9.1604,9.7388],[9.1783,9.728],[9.1887,9.7165],[9.1951,9.7138],[9.1981,9.7085],[9.2039,9.7035],[9.2103,9.6874],[9.2166,9.684],[9.2672,9.6804],[9.2846,9.6981],[9.2878,9.6923],[9.2906,9.6751],[9.2945,9.6733],[9.2912,9.6616],[9.2914,9.6577],[9.2843,9.6439],[9.2846,9.6361],[9.2973,9.6248],[9.2898,9.6144],[9.3153,9.6072],[9.3272,9.5958],[9.3093,9.5989],[9.304,9.5715],[9.351,9.5323],[9.3974,9.5312],[9.4018,9.5198],[9.4035,9.5102],[9.4254,9.4769],[9.5691,9.4727],[9.5899,9.5115],[9.5705,9.5291],[9.57,9.5344],[9.5782,9.5428],[9.5792,9.5517],[9.5867,9.5441],[9.5903,9.5437],[9.5989,9.5465],[9.606,9.546],[9.6108,9.5489],[9.6141,9.547],[9.6151,9.5446],[9.6201,9.5433],[9.6202,9.5414],[9.6242,9.5372],[9.6277,9.5379],[9.6274,9.5346],[9.6484,9.5223],[9.651,9.5219],[9.6545,9.525],[9.6586,9.5317],[9.6679,9.5353],[9.6781,9.5308],[9.6832,9.5258],[9.6923,9.5225],[9.7039,9.5274],[9.7136,9.5278],[9.7326,9.5325],[9.7457,9.5315],[9.7638,9.5401],[9.7843,9.5572],[9.8033,9.5791],[9.8242,9.5832],[9.8314,9.5986],[9.8389,9.6012],[9.902,9.6087],[9.9068,9.6118],[9.916,9.6109],[9.9356,9.6051],[9.9422,9.6091],[9.9623,9.6127],[9.9806,9.6233],[9.9912,9.6384],[9.9917,9.6457],[9.9751,9.6893],[9.9726,9.6995],[9.9843,9.713],[9.9956,9.7182],[10.0057,9.7176],[10.0135,9.7191],[10.0388,9.7271],[10.0418,9.7305],[10.0468,9.7289],[10.0485,9.726],[10.0534,9.729],[10.0682,9.7309],[10.0757,9.7292],[10.0793,9.7263],[10.0849,9.7247],[10.096,9.7242],[10.1033,9.7195],[10.1049,9.7105],[10.1037,9.7009],[10.1088,9.6906],[10.1153,9.6937],[10.1217,9.6942],[10.1299,9.6923],[10.1432,9.6921],[10.1465,9.6903],[10.15,9.6807],[10.1522,9.6788],[10.1652,9.6841],[10.1995,9.6898],[10.2068,9.6884],[10.2265,9.6901],[10.2606,9.6871],[10.2649,9.6813],[10.2674,9.6811],[10.2924,9.6655],[10.2954,9.6582],[10.3003,9.6527],[10.3118,9.644],[10.3269,9.64],[10.353,9.6161],[10.3729,9.6034],[10.3827,9.5981],[10.4043,9.5913],[10.4162,9.5841],[10.4238,9.5845],[10.4397,9.5755],[10.4534,9.5703],[10.4654,9.5612],[10.479,9.5579],[10.4889,9.5526],[10.4913,9.543],[10.4997,9.528],[10.5076,9.5225],[10.523,9.4884],[10.541,9.4835]]]}},{"type":"Feature","properties":{"name":"Bayelsa","code":"BY"},"geometry":{"type":"Polygon","coordinates":[[[5.4484,5.1337],[5.4378,5.1322],[5.4315,5.1393],[5.4144,5.1361],[5.4017,5.1372],[5.3955,5.1332],[5.3752,5.1262],[5.3771,5.1194],[5.3904,5.0956],[5.4237,5.0244],[5.4417,4.9758],[5.4383,4.9706],[5.4363,4.9597],[5.4437,4.933],[5.4438,4.9233],[5.4835,4.8449],[5.5273,4.7725],[5.5321,4.7516],[5.5418,4.7305],[5.6358,4.5982],[5.6594,4.5672],[5.6874,4.5347],[5.7001,4.5172],[5.8341,4.4148],[5.843,4.4024],[5.9101,4.3599],[5.9639,4.3344],[5.9781,4.3207],[5.9773,4.3122],[6.009,4.3015],[6.0578,4.2881],[6.0726,4.2866],[6.084,4.2794],[6.0844,4.2723],[6.0879,4.2702],[6.1184,4.2722],[6.1365,4.2749],[6.2205,4.2791],[6.2225,4.2843],[6.221,4.2926],[6.215,4.3058],[6.215,4.3362],[6.2214,4.3565],[6.2311,4.3773],[6.237,4.3849],[6.239,4.3913],[6.2393,4.3997],[6.2419,4.4005],[6.2465,4.4005],[6.2408,4.3605],[6.2471,4.3593],[6.2522,4.3637],[6.2547,4.378],[6.2705,4.3914],[6.2819,4.3753],[6.2706,4.3681],[6.26,4.3581],[6.2523,4.3352],[6.2416,4.3191],[6.2357,4.3062],[6.2335,4.2988],[6.2392,4.2926],[6.2549,4.2898],[6.2737,4.2911],[6.4118,4.3055],[6.4181,4.3084],[6.4307,4.3102],[6.4409,4.3011],[6.4526,4.299],[6.4586,4.3102],[6.4646,4.3152],[6.4727,4.316],[6.4936,4.3222],[6.5492,4.3253],[6.548,4.3437],[6.5446,4.3549],[6.5204,4.3609],[6.5141,4.3689],[6.5121,4.3801],[6.5126,4.4317],[6.5252,4.4696],[6.5318,4.4788],[6.5343,4.4885],[6.54,4.5009],[6.5499,4.5102],[6.5426,4.5219],[6.545,4.5335],[6.56,4.5412],[6.5663,4.5538],[6.56,4.5543],[6.5513,4.5582],[6.5431,4.5684],[6.5402,4.5766],[6.5455,4.581],[6.5489,4.5863],[6.5381,4.5962],[6.5351,4.6088],[6.5166,4.6226],[6.5154,4.6329],[6.512,4.6431],[6.5466,4.682],[6.5536,4.6884],[6.5624,4.6924],[6.5605,4.6977],[6.5676,4.7016],[6.5731,4.7016],[6.5741,4.7094],[6.5789,4.7152],[6.5935,4.7225],[6.6072,4.7464],[6.5983,4.7527],[6.5792,4.7581],[6.5526,4.7586],[6.5374,4.7556],[6.5273,4.753],[6.5176,4.7471],[6.499,4.7326],[6.4785,4.7139],[6.4611,4.7133],[6.4594,4.724],[6.4459,4.73],[6.4414,4.7453],[6.4441,4.761],[6.4447,4.7756],[6.43,4.7659],[6.4229,4.7772],[6.4023,4.8272],[6.3993,4.8384],[6.3984,4.8645],[6.4009,4.8751],[6.4066,4.8871],[6.4146,4.8963],[6.4207,4.9068],[6.4256,4.9207],[6.434,4.9303],[6.4406,4.9432],[6.4404,4.9548],[6.4374,4.9665],[6.4104,4.9911],[6.4116,5.0046],[6.4258,5.0294],[6.4296,5.0387],[6.439,5.0529],[6.4439,5.0681],[6.4605,5.098],[6.473,5.1285],[6.4858,5.1534],[6.4933,5.1635],[6.5114,5.172],[6.5263,5.1742],[6.5346,5.1868],[6.5445,5.1863],[6.5534,5.1898],[6.5588,5.1984],[6.5492,5.2127],[6.5528,5.2265],[6.5666,5.237],[6.5478,5.2578],[6.5374,5.2649],[6.5325,5.2738],[6.5309,5.2845],[6.5486,5.3023],[6.5632,5.3202],[6.5671,5.3336],[6.5696,5.3721],[6.562,5.3792],[6.54,5.3806],[6.4855,5.3792],[6.4959,5.3697],[6.5026,5.3389],[6.493,5.3283],[6.4935,5.326],[6.4902,5.324],[6.4731,5.3219],[6.4502,5.3276],[6.4345,5.3233],[6.426,5.3112],[6.4089,5.3048],[6.3804,5.309],[6.3625,5.314],[6.3476,5.3205],[6.3388,5.3198],[6.3335,5.3176],[6.3254,5.3065],[6.3064,5.303],[6.3,5.299],[6.285,5.2791],[6.2835,5.275],[6.2838,5.2665],[6.2923,5.2454],[6.293,5.2388],[6.2905,5.2341],[6.279,5.2289],[6.2594,5.2279],[6.2335,5.2382],[6.2133,5.2387],[6.2021,5.2318],[6.196,5.223],[6.1943,5.2167],[6.1981,5.2038],[6.2023,5.1793],[6.2007,5.1695],[6.1909,5.1586],[6.1788,5.1611],[6.1659,5.1611],[6.1547,5.1517],[6.1503,5.1412],[6.1437,5.1348],[6.1297,5.1293],[6.1207,5.1337],[6.0979,5.1499],[6.0858,5.1508],[6.0696,5.1413],[6.0634,5.1232],[6.0637,5.1118],[6.0623,5.103],[6.055,5.0972],[6.0444,5.0957],[6.0272,5.0957],[6.0045,5.1037],[5.9642,5.1491],[5.9605,5.1572],[5.9461,5.1642],[5.9332,5.1647],[5.9278,5.1607],[5.9269,5.1399],[5.9218,5.135],[5.9175,5.1341],[5.9164,5.1315],[5.9145,5.1082],[5.9094,5.1049],[5.8965,5.1044],[5.8853,5.1],[5.8827,5.1018],[5.8808,5.1095],[5.8776,5.1053],[5.8776,5.0914],[5.8717,5.0812],[5.8677,5.0681],[5.8651,5.0695],[5.8631,5.0744],[5.8574,5.0774],[5.8531,5.0755],[5.852,5.0702],[5.8483,5.0665],[5.8409,5.0676],[5.8395,5.0745],[5.8401,5.0831],[5.8353,5.0825],[5.8203,5.0752],[5.8173,5.0774],[5.8141,5.0845],[5.809,5.0864],[5.8036,5.0819],[5.7913,5.0858],[5.7891,5.0844],[5.7899,5.0787],[5.7881,5.0725],[5.7804,5.065],[5.779,5.058],[5.7756,5.0575],[5.7735,5.0612],[5.7642,5.0642],[5.7584,5.061],[5.752,5.0537],[5.7486,5.0532],[5.7431,5.0557],[5.7365,5.0566],[5.7306,5.0545],[5.7194,5.0309],[5.7103,5.0238],[5.7021,5.0229],[5.6912,5.0242],[5.6756,5.0299],[5.6667,5.0283],[5.6635,5.024],[5.6636,5.0151],[5.6618,5.0129],[5.6479,5.0118],[5.6423,5.0156],[5.6329,5.0184],[5.6253,5.026],[5.6197,5.0347],[5.611,5.0389],[5.5909,5.0434],[5.5856,5.0479],[5.5846,5.0552],[5.5509,5.0556],[5.5331,5.0629],[5.5241,5.0688],[5.5116,5.0883],[5.5029,5.0925],[5.4761,5.0909],[5.4679,5.0932],[5.4646,5.0976],[5.4692,5.1168],[5.466,5.1216],[5.4616,5.1247],[5.4547,5.1267],[5.4484,5.1337]]]}},{"type":"Feature","properties":{"name":"Benue","code":"BE"},"geometry":{"type":"Polygon","coordinates":[[[9.4674,6.4013],[9.4685,6.4043],[9.5253,6.4297],[9.5944,6.4978],[9.598,6.4999],[9.6065,6.5718],[9.6223,6.6641],[9.6361,6.7129],[9.646,6.7386],[9.6487,6.7992],[9.6414,6.8665],[9.6457,6.8948],[9.6892,6.9864],[9.6998,7.0115],[9.738,7.0781],[9.7617,7.1011],[9.824,7.1723],[9.8346,7.1994],[9.8352,7.2172],[9.8286,7.2363],[9.825,7.2546],[9.8283,7.2574],[9.8408,7.2798],[9.856,7.3253],[9.8652,7.3628],[9.8827,7.4143],[9.8886,7.4617],[9.8847,7.5079],[9.8708,7.5402],[9.8458,7.5744],[9.8164,7.5978],[9.8085,7.6061],[9.7472,7.6549],[9.7017,7.7102],[9.6694,7.763],[9.6431,7.7999],[9.6015,7.8295],[9.5613,7.8388],[9.4994,7.8427],[9.3866,7.8447],[9.3148,7.8348],[9.2726,7.8229],[9.2251,7.8183],[9.1902,7.8104],[9.1302,7.788],[9.1203,7.7933],[9.1157,7.8084],[9.1243,7.8269],[9.1401,7.8487],[9.15,7.8599],[9.1625,7.8691],[9.1722,7.8866],[9.1782,7.8885],[9.1818,7.8917],[9.1832,7.8957],[9.1791,7.9081],[9.1458,7.9701],[9.1327,7.9913],[9.1147,8.008],[9.0625,8.0745],[9.057,8.0776],[9.0254,8.0626],[8.9641,8.0613],[8.9108,8.0563],[8.7805,8.0752],[8.6967,8.0964],[8.6371,8.1162],[8.588,8.1289],[8.5605,8.1401],[8.5244,8.1573],[8.5037,8.1582],[8.4663,8.1392],[8.4266,8.1122],[8.3909,8.0783],[8.3711,8.0463],[8.3635,8.0166],[8.3603,7.9873],[8.3603,7.9623],[8.3444,7.9734],[8.3397,7.961],[8.3479,7.9282],[8.374,7.8992],[8.389,7.8926],[8.3911,7.8905],[8.3919,7.8788],[8.3985,7.8574],[8.4015,7.8382],[8.406,7.8296],[8.4067,7.8177],[8.4103,7.8081],[8.4158,7.8],[8.4155,7.792],[8.4201,7.7826],[8.419,7.7782],[8.4206,7.7742],[8.412,7.7685],[8.4032,7.7662],[8.3722,7.77],[8.3455,7.7843],[8.2748,7.8146],[8.2152,7.8346],[8.1831,7.8532],[8.1804,7.8526],[8.1599,7.8597],[8.1138,7.8639],[8.0952,7.869],[8.0724,7.8774],[7.9947,7.923],[7.9729,7.9392],[7.9031,7.969],[7.877,7.9834],[7.8673,7.9862],[7.8384,7.9853],[7.7607,8.0034],[7.6975,8.0137],[7.6768,8.0145],[7.6643,7.9351],[7.6636,7.9059],[7.6698,7.8848],[7.6929,7.8386],[7.7447,7.7687],[7.7526,7.7442],[7.7547,7.6477],[7.7524,7.6478],[7.7524,7.6397],[7.7326,7.639],[7.7243,7.6205],[7.7263,7.6145],[7.7318,7.6127],[7.7362,7.5994],[7.7378,7.5672],[7.7374,7.5391],[7.7558,7.5304],[7.7545,7.5129],[7.7586,7.4925],[7.7608,7.4516],[7.7641,7.4337],[7.7683,7.427],[7.7762,7.4195],[7.7929,7.4149],[7.7922,7.4099],[7.7994,7.4011],[7.8001,7.3918],[7.7971,7.376],[7.8026,7.3643],[7.7687,7.3019],[7.7791,7.3007],[7.8012,7.2926],[7.7942,7.2687],[7.7971,7.2331],[7.79,7.2169],[7.7849,7.215],[7.7794,7.2089],[7.7678,7.2063],[7.7293,7.1927],[7.718,7.1836],[7.7101,7.1831],[7.703,7.189],[7.691,7.1918],[7.6819,7.1854],[7.6724,7.1737],[7.6431,7.1583],[7.6355,7.1471],[7.6374,7.1327],[7.6299,7.1248],[7.6186,7.1081],[7.6019,7.0906],[7.5994,7.0793],[7.6036,7.053],[7.6111,7.0272],[7.6078,7.0176],[7.6011,7.0164],[7.5932,7.018],[7.5807,7.0272],[7.5436,7.0401],[7.5305,7.0323],[7.5383,7.0202],[7.5493,6.991],[7.5572,6.9776],[7.5643,6.9524],[7.5714,6.9398],[7.5777,6.9327],[7.6202,6.9193],[7.636,6.9036],[7.658,6.8681],[7.6746,6.8555],[7.6917,6.8516],[7.7119,6.8609],[7.7138,6.871],[7.7191,6.8725],[7.7376,6.8704],[7.7502,6.8784],[7.7628,6.8799],[7.7856,6.8728],[7.7918,6.8893],[7.8186,6.8919],[7.8335,6.8864],[7.8396,6.8807],[7.8636,6.8799],[7.8746,6.8689],[7.8762,6.8634],[7.888,6.8539],[7.8904,6.8437],[7.8865,6.7941],[7.89,6.7854],[7.9002,6.7862],[7.9034,6.7815],[7.8947,6.7744],[7.8884,6.7665],[7.8782,6.7602],[7.8749,6.741],[7.8685,6.7249],[7.856,6.7001],[7.8308,6.6619],[7.814,6.6501],[7.811,6.6457],[7.8177,6.6375],[7.8218,6.6389],[7.8318,6.6385],[7.8336,6.6194],[7.844,6.6085],[7.8462,6.5983],[7.8558,6.5808],[7.8781,6.5617],[7.8996,6.556],[7.9253,6.5438],[7.9448,6.54],[7.9508,6.5431],[7.9542,6.5518],[7.9552,6.5834],[7.9592,6.5908],[7.9732,6.5968],[7.9871,6.6112],[7.9884,6.618],[7.9871,6.6335],[7.9783,6.6479],[7.9788,6.6671],[7.9746,6.6903],[7.9745,6.7113],[7.9844,6.7205],[8.0093,6.725],[8.02,6.7333],[8.032,6.7325],[8.0754,6.7138],[8.089,6.7116],[8.0985,6.707],[8.104,6.712],[8.1122,6.7093],[8.1276,6.7116],[8.1362,6.7161],[8.1444,6.7252],[8.1471,6.7429],[8.1526,6.7547],[8.173,6.7733],[8.1916,6.7783],[8.213,6.7761],[8.2202,6.7788],[8.2261,6.7897],[8.2293,6.8001],[8.2343,6.7992],[8.2407,6.7924],[8.2498,6.7756],[8.2498,6.7683],[8.2557,6.7661],[8.2661,6.7416],[8.2625,6.7379],[8.2516,6.7356],[8.2688,6.7279],[8.2738,6.7166],[8.2738,6.7129],[8.2802,6.7152],[8.2856,6.7102],[8.2802,6.7048],[8.2788,6.698],[8.2945,6.6787],[8.2994,6.6799],[8.3074,6.6776],[8.3211,6.6786],[8.3405,6.6842],[8.3611,6.6933],[8.3749,6.7069],[8.3934,6.7424],[8.4083,6.7526],[8.4198,6.7572],[8.4357,6.7582],[8.4437,6.7547],[8.4505,6.7478],[8.4687,6.7465],[8.4802,6.751],[8.4962,6.7543],[8.5088,6.7588],[8.535,6.7598],[8.5441,6.7586],[8.5784,6.7652],[8.6207,6.781],[8.6368,6.7981],[8.6403,6.805],[8.6416,6.8188],[8.637,6.8257],[8.62,6.835],[8.6019,6.85],[8.6008,6.8558],[8.6065,6.8592],[8.6236,6.8625],[8.6362,6.8624],[8.6544,6.8646],[8.6647,6.868],[8.7037,6.8964],[8.7209,6.8963],[8.7414,6.8927],[8.7596,6.8914],[8.7767,6.8879],[8.7858,6.8832],[8.7904,6.8832],[8.8177,6.8761],[8.8484,6.8656],[8.8677,6.854],[8.8791,6.8493],[8.8973,6.8377],[8.9234,6.8249],[8.9608,6.7971],[8.9745,6.7889],[8.9914,6.7693],[8.9948,6.7601],[8.9948,6.7543],[8.9773,6.7142],[8.9704,6.704],[8.9681,6.6971],[8.9692,6.6937],[8.9703,6.6914],[8.9852,6.6936],[8.992,6.6924],[8.9977,6.6831],[9.018,6.6623],[9.0225,6.6554],[9.0271,6.6508],[9.035,6.6473],[9.0476,6.6438],[9.0704,6.6425],[9.0853,6.6515],[9.1059,6.6606],[9.1173,6.6674],[9.1231,6.6731],[9.1357,6.6799],[9.1494,6.6844],[9.1585,6.6843],[9.1757,6.6888],[9.1848,6.6933],[9.1928,6.6944],[9.2157,6.7057],[9.2558,6.7181],[9.2797,6.7191],[9.2911,6.7213],[9.3003,6.7201],[9.3037,6.7178],[9.3183,6.6936],[9.3432,6.6647],[9.3477,6.6555],[9.3579,6.6428],[9.3612,6.6359],[9.3817,6.6185],[9.3862,6.6127],[9.4021,6.6011],[9.4054,6.5954],[9.4168,6.5827],[9.4325,6.5573],[9.4495,6.5388],[9.4711,6.5249],[9.4744,6.5111],[9.4743,6.4996],[9.4673,6.4732],[9.458,6.4047],[9.4674,6.4013]]]}},{"type":"Feature","properties":{"name":"Borno","code":"BO"},"geometry":{"type":"Polygon","coordinates":[[[11.8358,10.0339],[11.8551,10.0322],[11.883,10.0257],[11.9207,10.0247],[11.9311,10.0259],[11.9542,10.0322],[11.9605,10.0358],[11.9705,10.0349],[11.9892,10.0376],[11.9912,10.0353],[12.0043,10.0474],[12.0112,10.0599],[12.0188,10.0669],[12.0235,10.0628],[12.0343,10.0578],[12.0472,10.0568],[12.0554,10.0588],[12.0752,10.0586],[12.0868,10.0605],[12.0966,10.0679],[12.1013,10.0744],[12.1028,10.0934],[12.0913,10.1013],[12.0938,10.1173],[12.0887,10.1344],[12.089,10.1425],[12.1025,10.1638],[12.1089,10.1868],[12.1265,10.2036],[12.1297,10.2108],[12.1301,10.2171],[12.1333,10.2206],[12.1349,10.2276],[12.1374,10.2295],[12.135,10.2333],[12.136,10.2367],[12.1502,10.2502],[12.1609,10.257],[12.1633,10.2622],[12.1689,10.2623],[12.1746,10.2644],[12.1732,10.2687],[12.1791,10.2717],[12.1938,10.2729],[12.2008,10.2779],[12.2127,10.2808],[12.215,10.2871],[12.2292,10.2988],[12.2423,10.3193],[12.2537,10.3475],[12.2572,10.3598],[12.2798,10.3287],[12.2908,10.3301],[12.2993,10.3413],[12.3064,10.3361],[12.3128,10.3151],[12.3198,10.3156],[12.329,10.3196],[12.3441,10.3196],[12.3615,10.3173],[12.3719,10.3184],[12.3869,10.3171],[12.3897,10.3226],[12.3886,10.3332],[12.3851,10.3445],[12.3792,10.3505],[12.4216,10.3714],[12.4391,10.3699],[12.4627,10.3748],[12.5042,10.379],[12.5354,10.3929],[12.5516,10.3954],[12.5574,10.3951],[12.5604,10.4093],[12.5545,10.4277],[12.5551,10.4308],[12.5568,10.4339],[12.5643,10.4325],[12.5652,10.4346],[12.5625,10.4401],[12.5579,10.4435],[12.5581,10.4459],[12.5655,10.4571],[12.568,10.4656],[12.5675,10.469],[12.5709,10.4754],[12.5705,10.4816],[12.5788,10.4921],[12.5949,10.4899],[12.5982,10.4854],[12.6026,10.484],[12.6028,10.4777],[12.5998,10.4613],[12.6073,10.4509],[12.6104,10.4504],[12.6131,10.4477],[12.6186,10.4501],[12.6225,10.4442],[12.6333,10.4378],[12.6352,10.4402],[12.6397,10.4357],[12.6525,10.439],[12.6572,10.4459],[12.6587,10.4515],[12.6653,10.4596],[12.6737,10.4849],[12.6863,10.4996],[12.7027,10.5327],[12.7132,10.5453],[12.7318,10.5727],[12.7353,10.5761],[12.7446,10.5795],[12.7608,10.5829],[12.777,10.5772],[12.8754,10.5735],[12.9182,10.562],[12.9586,10.5481],[12.9829,10.5355],[13.0025,10.5217],[13.0105,10.5137],[13.0153,10.4949],[13.0314,10.4789],[13.0404,10.4747],[13.045,10.469],[13.052,10.4644],[13.0982,10.4506],[13.1074,10.4471],[13.1098,10.4448],[13.1225,10.4437],[13.1559,10.4287],[13.191,10.4097],[13.1971,10.4089],[13.2068,10.4157],[13.2186,10.4351],[13.2191,10.4385],[13.2104,10.442],[13.2141,10.4477],[13.2181,10.4493],[13.2192,10.4486],[13.2193,10.4436],[13.2281,10.4435],[13.2277,10.4519],[13.2233,10.4525],[13.2257,10.4532],[13.2266,10.4562],[13.2281,10.456],[13.2296,10.4588],[13.229,10.4608],[13.2345,10.4632],[13.2392,10.4861],[13.248,10.5079],[13.2528,10.5403],[13.233,10.5585],[13.2292,10.5776],[13.2325,10.5889],[13.2392,10.6005],[13.2583,10.612],[13.2678,10.63],[13.2832,10.6675],[13.3042,10.6995],[13.3088,10.7112],[13.3112,10.7135],[13.3194,10.7373],[13.323,10.759],[13.3359,10.8001],[13.3349,10.8288],[13.3363,10.8596],[13.3344,10.89],[13.3359,10.9078],[13.3428,10.9179],[13.3434,10.9283],[13.3457,10.9306],[13.3504,10.9317],[13.355,10.9305],[13.3677,10.9248],[13.372,10.913],[13.3734,10.8967],[13.3765,10.8957],[13.3829,10.8973],[13.3887,10.8959],[13.3906,10.8917],[13.3804,10.8827],[13.3831,10.8784],[13.4113,10.8803],[13.4357,10.8889],[13.4452,10.8951],[13.4634,10.9028],[13.4752,10.9028],[13.5019,10.9108],[13.5135,10.9153],[13.5181,10.9187],[13.546,10.929],[13.5518,10.9347],[13.5773,10.9483],[13.5854,10.9495],[13.6132,10.9494],[13.641,10.9459],[13.6514,10.9459],[13.6548,10.9445],[13.6699,10.9447],[13.7507,10.9141],[13.7681,10.9317],[13.7725,10.9411],[13.775,10.9528],[13.7744,10.9789],[13.7803,10.9927],[13.7927,11.0031],[13.795,11.0065],[13.8108,11.0517],[13.8249,11.0676],[13.844,11.0847],[13.8541,11.099],[13.857,11.1114],[13.864,11.1208],[13.8727,11.1254],[13.8808,11.1339],[13.8811,11.1358],[13.8755,11.1413],[13.8783,11.1482],[13.8901,11.1537],[13.9196,11.1808],[13.9484,11.2152],[13.9606,11.2361],[13.9659,11.2493],[13.9919,11.2742],[14.0036,11.2833],[14.0156,11.2822],[14.0267,11.2792],[14.1475,11.2358],[14.1581,11.2336],[14.1644,11.2342],[14.1886,11.2442],[14.2241,11.2669],[14.3297,11.3389],[14.3617,11.366],[14.3739,11.3781],[14.4108,11.4039],[14.4425,11.4061],[14.4667,11.4164],[14.6106,11.4992],[14.6178,11.5056],[14.6464,11.5758],[14.6411,11.6469],[14.635,11.6547],[14.5989,11.6883],[14.5886,11.6922],[14.5886,11.755],[14.6122,11.8253],[14.6061,11.8328],[14.6058,11.8374],[14.6071,11.8434],[14.613,11.8486],[14.6153,11.8521],[14.6146,11.8548],[14.6158,11.8564],[14.6087,11.862],[14.6047,11.8695],[14.6114,11.8783],[14.6142,11.879],[14.6193,11.8831],[14.6196,11.8865],[14.6256,11.8934],[14.6284,11.9014],[14.628,11.904],[14.6327,11.9057],[14.6365,11.9089],[14.6402,11.9094],[14.6432,11.9121],[14.6431,11.915],[14.6394,11.9186],[14.6396,11.9229],[14.6357,11.9266],[14.634,11.9325],[14.6356,11.9364],[14.6424,11.9429],[14.6447,11.9436],[14.6444,11.9463],[14.6469,11.9473],[14.6477,11.9504],[14.6538,11.9554],[14.6564,11.9623],[14.6525,11.9686],[14.6495,11.9685],[14.647,11.9719],[14.6444,11.9723],[14.6412,11.983],[14.6387,11.9844],[14.6382,11.9905],[14.6354,11.9938],[14.633,12.0004],[14.6346,12.0095],[14.6316,12.0172],[14.6324,12.0208],[14.6275,12.0278],[14.6232,12.0303],[14.6233,12.0338],[14.6216,12.036],[14.6237,12.0376],[14.6222,12.0417],[14.6242,12.0502],[14.6281,12.0531],[14.6312,12.0585],[14.6368,12.0617],[14.6488,12.0625],[14.6535,12.0641],[14.652,12.0713],[14.6401,12.0807],[14.6411,12.0838],[14.6363,12.0891],[14.6358,12.0922],[14.6387,12.0981],[14.6425,12.1004],[14.6484,12.1082],[14.6527,12.1114],[14.651,12.114],[14.6559,12.1157],[14.6562,12.1308],[14.6523,12.1373],[14.6535,12.1391],[14.6561,12.1388],[14.6575,12.1423],[14.6626,12.1445],[14.6635,12.1482],[14.667,12.1493],[14.6675,12.1526],[14.6738,12.1545],[14.6735,12.1563],[14.6773,12.1602],[14.6752,12.1624],[14.678,12.1641],[14.6775,12.1666],[14.6735,12.1761],[14.6638,12.1798],[14.6669,12.1864],[14.6668,12.1891],[14.6593,12.198],[14.6528,12.1974],[14.6493,12.1941],[14.6443,12.1952],[14.6416,12.1977],[14.6403,12.1925],[14.6387,12.1912],[14.6363,12.1914],[14.6345,12.1943],[14.6324,12.195],[14.6266,12.1915],[14.6259,12.1892],[14.6298,12.186],[14.6291,12.1824],[14.622,12.1835],[14.6176,12.1862],[14.6136,12.1858],[14.6133,12.1883],[14.6158,12.1901],[14.614,12.1925],[14.6103,12.1913],[14.6036,12.1943],[14.5975,12.1947],[14.5989,12.1982],[14.6047,12.1984],[14.609,12.2008],[14.6017,12.2142],[14.5926,12.2166],[14.5919,12.2195],[14.5954,12.2214],[14.5962,12.2239],[14.5932,12.2285],[14.5804,12.2293],[14.5742,12.2269],[14.5722,12.2297],[14.5675,12.2325],[14.557,12.2357],[14.55,12.236],[14.548,12.2384],[14.5482,12.2412],[14.5557,12.2469],[14.5558,12.2512],[14.5592,12.2563],[14.5594,12.2594],[14.5583,12.2608],[14.5554,12.2575],[14.5522,12.2568],[14.5496,12.2579],[14.5432,12.2715],[14.5478,12.2807],[14.5411,12.2838],[14.5348,12.2893],[14.528,12.2902],[14.5229,12.2963],[14.5188,12.298],[14.5116,12.2962],[14.5118,12.3002],[14.5157,12.3055],[14.5101,12.3138],[14.5113,12.3169],[14.514,12.3174],[14.5206,12.3137],[14.5222,12.3183],[14.5203,12.3274],[14.5149,12.3296],[14.5027,12.3296],[14.4979,12.3309],[14.4916,12.3383],[14.486,12.3393],[14.483,12.3416],[14.4833,12.3436],[14.4873,12.3457],[14.4875,12.3478],[14.4854,12.3514],[14.4825,12.3527],[14.4804,12.3518],[14.4776,12.3466],[14.4748,12.3464],[14.4682,12.3581],[14.4639,12.3605],[14.4556,12.3572],[14.4479,12.3503],[14.4444,12.3502],[14.4426,12.353],[14.4441,12.3617],[14.4427,12.3643],[14.4392,12.3676],[14.4314,12.3704],[14.4281,12.3702],[14.4225,12.3622],[14.4193,12.3612],[14.4138,12.3621],[14.4072,12.3668],[14.4009,12.3674],[14.3879,12.3636],[14.3836,12.3596],[14.3763,12.3595],[14.373,12.3628],[14.3657,12.365],[14.3514,12.3637],[14.3339,12.3736],[14.3269,12.3747],[14.321,12.3711],[14.3137,12.3606],[14.3087,12.3594],[14.303,12.3603],[14.3018,12.3664],[14.2982,12.3706],[14.2923,12.3718],[14.2915,12.3702],[14.2973,12.3632],[14.2966,12.359],[14.292,12.357],[14.2882,12.3597],[14.2834,12.3687],[14.2786,12.3713],[14.2707,12.3717],[14.2659,12.3693],[14.2516,12.3684],[14.2283,12.3623],[14.2224,12.3641],[14.2213,12.3682],[14.223,12.3718],[14.222,12.3741],[14.2017,12.3843],[14.1875,12.4062],[14.1758,12.4095],[14.1753,12.4125],[14.1798,12.4185],[14.176,12.4252],[14.1766,12.4281],[14.183,12.4271],[14.185,12.4283],[14.1855,12.4355],[14.1866,12.4362],[14.193,12.433],[14.1947,12.4345],[14.1881,12.4412],[14.1887,12.4441],[14.196,12.4471],[14.197,12.449],[14.1942,12.4515],[14.1907,12.4516],[14.1843,12.4468],[14.1823,12.447],[14.1838,12.4522],[14.1814,12.4651],[14.1778,12.4718],[14.1761,12.4791],[14.1777,12.4809],[14.1855,12.4806],[14.1882,12.4819],[14.1902,12.4856],[14.1903,12.4934],[14.1929,12.4999],[14.1967,12.5021],[14.2001,12.5015],[14.2033,12.5381],[14.0832,13.0834],[13.8399,13.4218],[13.6335,13.7083],[13.3716,13.7087],[13.3634,13.7077],[13.3613,13.7102],[13.358,13.7093],[13.3588,13.7128],[13.3533,13.7148],[13.3511,13.7142],[13.3508,13.7158],[13.3489,13.7147],[13.3454,13.72],[13.3408,13.7192],[13.3404,13.7211],[13.3384,13.7213],[13.3366,13.717],[13.3319,13.7164],[13.3329,13.714],[13.3318,13.7123],[13.3336,13.7107],[13.3353,13.7113],[13.336,13.7042],[13.334,13.6983],[13.336,13.6953],[13.3354,13.6935],[13.3314,13.6932],[13.3286,13.6952],[13.3266,13.6922],[13.3253,13.6923],[13.3268,13.6903],[13.3248,13.6888],[13.3221,13.6942],[13.3187,13.6925],[13.32,13.6899],[13.3163,13.6901],[13.3168,13.6936],[13.3132,13.6974],[13.3092,13.6962],[13.3101,13.6949],[13.3073,13.694],[13.3098,13.6934],[13.3097,13.6916],[13.3075,13.6913],[13.31,13.6881],[13.3115,13.6891],[13.3118,13.6871],[13.3099,13.6832],[13.3039,13.6823],[13.3053,13.6802],[13.3026,13.6772],[13.3036,13.6767],[13.3047,13.6785],[13.306,13.6768],[13.3027,13.6759],[13.3035,13.6717],[13.3019,13.6753],[13.2998,13.6738],[13.2979,13.6752],[13.2977,13.674],[13.2958,13.6742],[13.2994,13.6684],[13.2981,13.6648],[13.2961,13.6693],[13.2928,13.6693],[13.2939,13.6678],[13.2926,13.665],[13.2963,13.6655],[13.2973,13.6639],[13.2943,13.6586],[13.2925,13.657],[13.2867,13.6611],[13.2864,13.659],[13.2787,13.6544],[13.275,13.6492],[13.273,13.6488],[13.2736,13.6474],[13.2693,13.646],[13.2688,13.6425],[13.2758,13.6404],[13.2756,13.6392],[13.2621,13.6365],[13.2619,13.6325],[13.2579,13.6309],[13.2597,13.6263],[13.2589,13.6246],[13.2628,13.6219],[13.2631,13.6195],[13.2594,13.62],[13.2569,13.6224],[13.2556,13.6184],[13.2515,13.6198],[13.2507,13.6181],[13.2485,13.6175],[13.2463,13.6189],[13.2433,13.6163],[13.2427,13.6125],[13.2449,13.6125],[13.2462,13.6104],[13.2524,13.6072],[13.2525,13.6057],[13.2484,13.6055],[13.2476,13.6039],[13.2495,13.5999],[13.2522,13.599],[13.2519,13.597],[13.2538,13.5974],[13.2568,13.6043],[13.259,13.5988],[13.2626,13.5952],[13.257,13.5938],[13.2543,13.5905],[13.2514,13.5801],[13.2484,13.5825],[13.244,13.5836],[13.2423,13.5898],[13.2392,13.5882],[13.2338,13.5889],[13.2305,13.5866],[13.2282,13.5899],[13.2263,13.589],[13.2299,13.5828],[13.2262,13.5784],[13.227,13.5759],[13.2328,13.5727],[13.2343,13.5753],[13.2364,13.5749],[13.2356,13.5717],[13.2397,13.565],[13.2355,13.564],[13.233,13.5597],[13.2313,13.5604],[13.2255,13.5558],[13.2232,13.5594],[13.2209,13.5596],[13.2198,13.5523],[13.2178,13.5495],[13.2148,13.5515],[13.2162,13.555],[13.2138,13.5552],[13.2118,13.5539],[13.2095,13.5487],[13.2067,13.5491],[13.2104,13.5457],[13.2079,13.5451],[13.2057,13.5418],[13.2063,13.5387],[13.2047,13.5358],[13.2123,13.5332],[13.2059,13.531],[13.2047,13.5272],[13.1987,13.5285],[13.1944,13.5262],[13.1943,13.5226],[13.2002,13.5177],[13.1978,13.5134],[13.1944,13.513],[13.1876,13.5191],[13.1851,13.5254],[13.1863,13.5332],[13.1811,13.5375],[13.1722,13.5349],[13.169,13.5316],[13.1618,13.5337],[13.1594,13.5308],[13.1605,13.5277],[13.1551,13.5242],[13.1549,13.5218],[13.157,13.5198],[13.1552,13.5162],[13.1488,13.5177],[13.1436,13.5164],[13.1404,13.5177],[13.1387,13.5216],[13.1405,13.5255],[13.1401,13.533],[13.1422,13.5359],[13.1447,13.5366],[13.1419,13.543],[13.1481,13.5489],[13.1466,13.5505],[13.1426,13.55],[13.1394,13.5443],[13.136,13.5416],[13.1265,13.544],[13.1224,13.5412],[13.1211,13.5387],[13.1237,13.5372],[13.1273,13.5314],[13.1269,13.5292],[13.1259,13.5308],[13.1239,13.5291],[13.1243,13.5263],[13.1269,13.5243],[13.1252,13.5217],[13.1208,13.5218],[13.1165,13.5249],[13.1111,13.5306],[13.1099,13.5361],[13.108,13.5357],[13.1059,13.5396],[13.1042,13.5399],[13.1007,13.5386],[13.1013,13.5341],[13.0997,13.5295],[13.0955,13.5276],[13.0921,13.5201],[13.0911,13.5197],[13.0908,13.5212],[13.0894,13.52],[13.0907,13.518],[13.0885,13.5161],[13.0876,13.522],[13.0837,13.5219],[13.081,13.52],[13.0743,13.5256],[13.0685,13.5261],[13.0652,13.528],[13.0632,13.5267],[13.061,13.5275],[13.0625,13.5301],[13.0602,13.5338],[13.064,13.5334],[13.0653,13.538],[13.0687,13.5368],[13.0688,13.5323],[13.0728,13.5354],[13.069,13.5388],[13.0694,13.5418],[13.0667,13.5439],[13.0674,13.5476],[13.0645,13.5499],[13.062,13.5499],[13.0602,13.5492],[13.0616,13.5471],[13.0583,13.5459],[13.052,13.5391],[13.0491,13.5381],[13.0369,13.5398],[13.0161,13.5336],[12.9277,13.4963],[12.8878,13.4911],[12.8771,13.4856],[12.8189,13.4217],[12.7988,13.4036],[12.7926,13.4025],[12.7729,13.3937],[12.7581,13.3673],[12.7512,13.3597],[12.7482,13.3542],[12.7364,13.3481],[12.7371,13.3455],[12.7332,13.3414],[12.7326,13.3374],[12.7337,13.3361],[12.7376,13.338],[12.7408,13.3349],[12.7392,13.3264],[12.7299,13.3266],[12.7257,13.3238],[12.7196,13.3227],[12.7129,13.3248],[12.7083,13.3235],[12.7079,13.3214],[12.7105,13.3169],[12.72,13.3141],[12.7196,13.3094],[12.7147,13.3067],[12.7088,13.3077],[12.7062,13.3107],[12.7064,13.3155],[12.7013,13.3206],[12.6986,13.321],[12.6933,13.3184],[12.687,13.3207],[12.6875,13.3189],[12.6854,13.3178],[12.6838,13.3211],[12.6818,13.3206],[12.6843,13.3133],[12.6917,13.3028],[12.689,13.2972],[12.6852,13.2961],[12.6849,13.2942],[12.6871,13.295],[12.687,13.2924],[12.6845,13.2912],[12.677,13.2824],[12.6766,13.2762],[12.6748,13.2754],[12.6727,13.2775],[12.6729,13.2747],[12.6693,13.273],[12.6681,13.2738],[12.6657,13.2772],[12.6651,13.2853],[12.6566,13.291],[12.6541,13.2908],[12.6514,13.287],[12.6437,13.2886],[12.6424,13.2931],[12.6447,13.2942],[12.6424,13.301],[12.6479,13.3054],[12.6461,13.3077],[12.6441,13.3076],[12.6402,13.3022],[12.64,13.2973],[12.6337,13.2895],[12.6327,13.2854],[12.6255,13.2786],[12.623,13.278],[12.619,13.2799],[12.611,13.279],[12.604,13.2809],[12.601,13.2869],[12.598,13.287],[12.591,13.283],[12.589,13.2779],[12.59,13.274],[12.588,13.2719],[12.589,13.268],[12.588,13.266],[12.59,13.265],[12.59,13.258],[12.594,13.257],[12.593,13.255],[12.587,13.254],[12.582,13.251],[12.5778,13.2461],[12.5749,13.2459],[12.5731,13.2415],[12.5691,13.2439],[12.5647,13.2441],[12.5647,13.2396],[12.5658,13.2383],[12.5684,13.2386],[12.5701,13.234],[12.566,13.2281],[12.5511,13.227],[12.555,13.2228],[12.5558,13.2199],[12.554,13.2122],[12.5382,13.2153],[12.5342,13.207],[12.5505,13.2024],[12.5558,13.2035],[12.5591,13.2012],[12.5601,13.1963],[12.5552,13.1924],[12.55,13.185],[12.5494,13.1804],[12.5498,13.1722],[12.5521,13.1687],[12.5492,13.1628],[12.5555,13.1632],[12.5569,13.1624],[12.5563,13.1613],[12.5435,13.1564],[12.54,13.1519],[12.533,13.154],[12.527,13.154],[12.5246,13.1493],[12.52,13.148],[12.52,13.1464],[12.5085,13.1397],[12.4967,13.1127],[12.4786,13.0918],[12.4592,13.0661],[12.4296,13.073],[12.4254,13.0549],[12.4192,13.0459],[12.4085,13.0235],[12.4076,13.0071],[12.4095,12.9957],[12.4149,12.9844],[12.4126,12.9668],[12.4055,12.9431],[12.3945,12.9164],[12.3984,12.9044],[12.4051,12.8968],[12.4083,12.8878],[12.4092,12.8596],[12.4313,12.8521],[12.4602,12.8142],[12.4738,12.807],[12.4767,12.8034],[12.476,12.8013],[12.4775,12.8006],[12.4812,12.8036],[12.485,12.8016],[12.4907,12.774],[12.4974,12.7652],[12.4994,12.7059],[12.5039,12.6913],[12.5009,12.675],[12.4971,12.6646],[12.4876,12.6529],[12.4834,12.6437],[12.478,12.6422],[12.4734,12.637],[12.4646,12.6137],[12.4616,12.6117],[12.4426,12.6085],[12.4275,12.6025],[12.4419,12.5855],[12.4413,12.5789],[12.4363,12.574],[12.439,12.5672],[12.4438,12.5611],[12.4365,12.5482],[12.4188,12.5244],[12.401,12.5243],[12.3862,12.5267],[12.377,12.5199],[12.3737,12.5063],[12.3674,12.4923],[12.3606,12.4814],[12.3531,12.4598],[12.3244,12.4434],[12.3005,12.4351],[12.2868,12.4246],[12.2832,12.4095],[12.2873,12.344],[12.2862,12.3299],[12.27,12.3325],[12.2684,12.3235],[12.2846,12.3152],[12.2831,12.2872],[12.2849,12.2662],[12.2503,12.2127],[12.2636,12.1785],[12.2364,12.1373],[12.238,12.0896],[12.2516,12.0491],[12.2687,12.0048],[12.2806,11.9954],[12.2741,11.9774],[12.2629,11.9359],[12.2561,11.8856],[12.2615,11.8606],[12.2679,11.8467],[12.2704,11.8265],[12.257,11.8184],[12.2529,11.8172],[12.2443,11.8093],[12.2358,11.7675],[12.2376,11.7604],[12.2213,11.756],[12.2168,11.7337],[12.2161,11.7157],[12.2136,11.7034],[12.2084,11.6884],[12.1986,11.6707],[12.1958,11.6575],[12.1989,11.6425],[12.2237,11.6329],[12.2413,11.6523],[12.2748,11.694],[12.3011,11.6449],[12.3,11.6086],[12.3136,11.6056],[12.3299,11.5936],[12.3485,11.5831],[12.3735,11.5498],[12.3507,11.505],[12.3436,11.4791],[12.3262,11.4652],[12.3219,11.4602],[12.3221,11.4509],[12.3032,11.4445],[12.2674,11.4182],[12.2556,11.4055],[12.2461,11.3994],[12.2276,11.3779],[12.2206,11.3588],[12.2019,11.3566],[12.1966,11.3181],[12.1942,11.3116],[12.1869,11.3019],[12.1513,11.2798],[12.113,11.2601],[12.1075,11.2561],[12.1032,11.2478],[12.1025,11.2324],[12.1142,11.1834],[12.1146,11.1558],[12.1205,11.1402],[12.1531,11.1196],[12.1537,11.1112],[12.1671,11.0855],[12.1676,11.0791],[12.1627,11.0636],[12.153,11.0503],[12.1481,11.0461],[12.1362,11.0405],[12.126,11.0378],[12.0943,11.0385],[12.0567,11.0485],[12.0425,11.0493],[12.0353,11.0444],[12.017,11.0156],[12.0038,11.0038],[11.9937,10.9918],[11.9828,10.9921],[11.9746,10.9869],[11.9672,10.9683],[11.9469,10.9522],[11.9377,10.9477],[11.9079,10.9393],[11.8996,10.9689],[11.8948,10.962],[11.8942,10.9587],[11.8904,10.9574],[11.8904,10.9558],[11.8873,10.9549],[11.8833,10.9578],[11.8804,10.9544],[11.8762,10.9524],[11.8772,10.9472],[11.8737,10.9435],[11.8708,10.9445],[11.8689,10.9419],[11.8666,10.9415],[11.8629,10.9435],[11.8611,10.9384],[11.8545,10.9383],[11.8549,10.935],[11.8468,10.9353],[11.8467,10.9383],[11.8359,10.9371],[11.8342,10.9393],[11.8289,10.9384],[11.8186,10.945],[11.8168,10.939],[11.812,10.9396],[11.8065,10.9377],[11.8034,10.9328],[11.8007,10.9335],[11.8001,10.9377],[11.799,10.9382],[11.7954,10.9353],[11.7899,10.9336],[11.7833,10.9366],[11.7824,10.9349],[11.7768,10.9332],[11.7748,10.9278],[11.7758,10.9237],[11.7705,10.9237],[11.7679,10.92],[11.7647,10.9228],[11.7629,10.9171],[11.7602,10.9153],[11.755,10.919],[11.7499,10.916],[11.7465,10.9175],[11.746,10.9161],[11.742,10.9148],[11.7413,10.9118],[11.7432,10.9099],[11.7427,10.9081],[11.7395,10.9092],[11.7387,10.911],[11.7372,10.9064],[11.7336,10.9046],[11.7336,10.9011],[11.7243,10.899],[11.7221,10.896],[11.7198,10.8954],[11.7171,10.8996],[11.7122,10.9017],[11.7062,10.8993],[11.7064,10.8946],[11.7044,10.8915],[11.6981,10.8869],[11.6924,10.8836],[11.687,10.884],[11.6768,10.8768],[11.6722,10.8782],[11.6624,10.8782],[11.6583,10.8806],[11.6557,10.8796],[11.6508,10.8804],[11.6503,10.8771],[11.6467,10.8783],[11.6402,10.8757],[11.6321,10.8572],[11.6338,10.8331],[11.6469,10.8343],[11.7168,10.8242],[11.7292,10.8252],[11.742,10.8208],[11.7512,10.813],[11.7557,10.8036],[11.7599,10.782],[11.7639,10.7382],[11.7674,10.7227],[11.767,10.7058],[11.7537,10.6626],[11.7143,10.6341],[11.6799,10.6252],[11.6567,10.614],[11.639,10.6107],[11.6269,10.6024],[11.6036,10.5999],[11.5833,10.5939],[11.5728,10.5726],[11.5998,10.5342],[11.6377,10.5186],[11.6628,10.4968],[11.6568,10.4897],[11.6611,10.4863],[11.6569,10.4732],[11.6565,10.4606],[11.6552,10.4564],[11.6197,10.4422],[11.6025,10.4273],[11.5982,10.4176],[11.5989,10.4064],[11.597,10.395],[11.5925,10.3914],[11.5687,10.3846],[11.5657,10.3812],[11.5609,10.3705],[11.5524,10.3685],[11.5435,10.3421],[11.5439,10.3343],[11.5463,10.3274],[11.5357,10.3271],[11.5307,10.3188],[11.5293,10.3136],[11.5448,10.3181],[11.5465,10.3008],[11.5496,10.2964],[11.5515,10.2901],[11.5565,10.2963],[11.5612,10.2974],[11.5642,10.2967],[11.5679,10.2933],[11.57,10.2886],[11.5751,10.2921],[11.5815,10.2867],[11.5867,10.2859],[11.5898,10.2826],[11.5945,10.2705],[11.5955,10.2604],[11.5972,10.257],[11.6124,10.2491],[11.6141,10.2448],[11.6139,10.2371],[11.6179,10.23],[11.6167,10.2286],[11.6118,10.228],[11.61,10.2241],[11.6119,10.22],[11.6212,10.2127],[11.6231,10.2097],[11.6337,10.2081],[11.6395,10.2031],[11.6463,10.2034],[11.6481,10.2012],[11.6565,10.2009],[11.671,10.1973],[11.6868,10.1899],[11.6957,10.1878],[11.7109,10.1733],[11.7275,10.1462],[11.7314,10.1431],[11.736,10.1178],[11.7517,10.1019],[11.7562,10.0834],[11.7607,10.079],[11.7667,10.0769],[11.7803,10.0595],[11.7851,10.0458],[11.7899,10.0393],[11.8018,10.0358],[11.8358,10.0339]]]}},{"type":"Feature","properties":{"name":"Cross River","code":"CR"},"geometry":{"type":"Polygon","coordinates":[[[8.2743,4.8547],[8.3024,4.8443],[8.3227,4.8246],[8.3322,4.8216],[8.3317,4.8046],[8.3443,4.7932],[8.3634,4.7798],[8.3722,4.7749],[8.3966,4.7806],[8.3963,4.7751],[8.3995,4.7685],[8.3974,4.7646],[8.3849,4.7531],[8.3864,4.7449],[8.3971,4.7351],[8.4043,4.7326],[8.4088,4.7346],[8.418,4.726],[8.4232,4.7254],[8.4309,4.7268],[8.4371,4.7338],[8.4375,4.7361],[8.4424,4.7368],[8.4449,4.7351],[8.449,4.7363],[8.4576,4.7465],[8.4588,4.7539],[8.4608,4.7546],[8.4635,4.7532],[8.4704,4.7396],[8.4785,4.734],[8.4818,4.7296],[8.4656,4.7282],[8.463,4.7244],[8.4542,4.6994],[8.4599,4.694],[8.4699,4.6948],[8.4759,4.6927],[8.481,4.6887],[8.4846,4.6904],[8.4901,4.6896],[8.4932,4.6929],[8.5093,4.694],[8.5079,4.7046],[8.5035,4.7082],[8.5115,4.7043],[8.5168,4.7035],[8.5212,4.7046],[8.526,4.7088],[8.5318,4.7104],[8.5307,4.7188],[8.5224,4.7338],[8.5269,4.7349],[8.5253,4.7463],[8.5283,4.7698],[8.5388,4.7922],[8.5454,4.8025],[8.5512,4.8012],[8.5557,4.7974],[8.561,4.7978],[8.5741,4.8027],[8.5877,4.8014],[8.6283,4.8225],[8.6312,4.8268],[8.6295,4.8406],[8.6242,4.8494],[8.6185,4.8556],[8.6114,4.8605],[8.6042,4.8688],[8.6035,4.8829],[8.6127,4.8931],[8.6192,4.9051],[8.6252,4.9081],[8.6446,4.9087],[8.6521,4.9151],[8.6543,4.9247],[8.649,4.9361],[8.6507,4.943],[8.6534,4.9466],[8.6593,4.9444],[8.6689,4.9521],[8.6666,4.9584],[8.6683,4.9639],[8.6817,4.9722],[8.6814,4.9795],[8.6855,4.9831],[8.6977,4.9847],[8.6984,4.9882],[8.6947,4.9968],[8.6902,4.9958],[8.6854,5.0003],[8.7163,5.0295],[8.7252,5.0438],[8.7207,5.057],[8.7288,5.0746],[8.7432,5.0847],[8.7469,5.0977],[8.81,5.1517],[8.8156,5.1597],[8.8247,5.1886],[8.8433,5.3017],[8.8419,5.3072],[8.8333,5.3189],[8.8314,5.3306],[8.8328,5.3497],[8.8372,5.3797],[8.86,5.4975],[8.8678,5.5172],[8.8789,5.5333],[8.8894,5.5442],[8.9081,5.5597],[8.9108,5.5639],[8.9158,5.5728],[8.9217,5.5953],[8.9203,5.6075],[8.9164,5.6169],[8.9083,5.6294],[8.8803,5.6572],[8.8508,5.7225],[8.8611,5.8256],[8.8653,5.8419],[8.8681,5.8458],[8.9342,5.9033],[8.9439,5.9072],[8.9631,5.9069],[9.0717,6.0136],[9.2233,6.1506],[9.3331,6.2797],[9.3633,6.3258],[9.3739,6.3292],[9.3806,6.3292],[9.4069,6.3275],[9.4247,6.3244],[9.4308,6.325],[9.435,6.3278],[9.4556,6.3692],[9.4674,6.4013],[9.458,6.4047],[9.4673,6.4732],[9.4743,6.4996],[9.4744,6.5111],[9.4711,6.5249],[9.4495,6.5388],[9.4325,6.5573],[9.4168,6.5827],[9.4054,6.5954],[9.4021,6.6011],[9.3862,6.6127],[9.3817,6.6185],[9.3612,6.6359],[9.3579,6.6428],[9.3477,6.6555],[9.3432,6.6647],[9.3183,6.6936],[9.3037,6.7178],[9.3003,6.7201],[9.2911,6.7213],[9.2797,6.7191],[9.2558,6.7181],[9.2157,6.7057],[9.1928,6.6944],[9.1848,6.6933],[9.1757,6.6888],[9.1585,6.6843],[9.1494,6.6844],[9.1357,6.6799],[9.1231,6.6731],[9.1173,6.6674],[9.1059,6.6606],[9.0853,6.6515],[9.0704,6.6425],[9.0476,6.6438],[9.035,6.6473],[9.0271,6.6508],[9.0225,6.6554],[9.018,6.6623],[8.9977,6.6831],[8.992,6.6924],[8.9852,6.6936],[8.9703,6.6914],[8.9692,6.6937],[8.9681,6.6971],[8.9704,6.704],[8.9773,6.7142],[8.9948,6.7543],[8.9948,6.7601],[8.9914,6.7693],[8.9745,6.7889],[8.9608,6.7971],[8.9234,6.8249],[8.8973,6.8377],[8.8791,6.8493],[8.8677,6.854],[8.8484,6.8656],[8.8177,6.8761],[8.7904,6.8832],[8.7858,6.8832],[8.7767,6.8879],[8.7596,6.8914],[8.7414,6.8927],[8.7209,6.8963],[8.7037,6.8964],[8.6647,6.868],[8.6544,6.8646],[8.6362,6.8624],[8.6236,6.8625],[8.6065,6.8592],[8.6008,6.8558],[8.6019,6.85],[8.62,6.835],[8.637,6.8257],[8.6416,6.8188],[8.6403,6.805],[8.6368,6.7981],[8.6207,6.781],[8.5784,6.7652],[8.5441,6.7586],[8.535,6.7598],[8.5088,6.7588],[8.4962,6.7543],[8.4802,6.751],[8.4687,6.7465],[8.4505,6.7478],[8.4437,6.7547],[8.4357,6.7582],[8.4198,6.7572],[8.4083,6.7526],[8.3934,6.7424],[8.3749,6.7069],[8.3611,6.6933],[8.3405,6.6842],[8.3211,6.6786],[8.3074,6.6776],[8.2994,6.6799],[8.2945,6.6787],[8.302,6.6698],[8.3065,6.6607],[8.3047,6.6507],[8.3092,6.6394],[8.3156,6.6344],[8.3224,6.6344],[8.3251,6.6258],[8.3242,6.6212],[8.3215,6.6185],[8.3211,6.6139],[8.3142,6.6121],[8.3142,6.6071],[8.322,6.603],[8.3248,6.5895],[8.3301,6.5917],[8.3401,6.5753],[8.3519,6.5744],[8.3587,6.564],[8.3637,6.5622],[8.3742,6.5635],[8.3715,6.5481],[8.3751,6.5458],[8.3796,6.5486],[8.3914,6.5504],[8.3933,6.5445],[8.4001,6.5363],[8.3992,6.5322],[8.3937,6.5313],[8.391,6.5263],[8.391,6.5231],[8.396,6.5195],[8.4101,6.5172],[8.4155,6.5186],[8.4191,6.5145],[8.4205,6.5054],[8.4123,6.5004],[8.4087,6.4886],[8.406,6.485],[8.4087,6.4777],[8.4228,6.4777],[8.4237,6.4664],[8.4387,6.4468],[8.4319,6.4396],[8.4323,6.4332],[8.4423,6.4328],[8.4441,6.4309],[8.4568,6.4282],[8.4568,6.4178],[8.455,6.4146],[8.4536,6.406],[8.4427,6.4047],[8.4416,6.4031],[8.445,6.3855],[8.4309,6.381],[8.4232,6.3712],[8.4037,6.366],[8.3992,6.3538],[8.3917,6.3065],[8.3944,6.297],[8.4109,6.2821],[8.4166,6.2734],[8.418,6.2611],[8.4112,6.2461],[8.4053,6.2371],[8.4007,6.2166],[8.3712,6.1966],[8.3635,6.178],[8.359,6.1712],[8.3394,6.153],[8.3313,6.1353],[8.3208,6.129],[8.3149,6.1163],[8.302,6.1081],[8.302,6.1024],[8.2985,6.0909],[8.2982,6.0675],[8.2915,6.0554],[8.2888,6.0457],[8.2866,6.0166],[8.2822,6.0047],[8.2743,5.999],[8.2637,5.9968],[8.2584,5.9981],[8.254,6.0052],[8.2527,6.0122],[8.2448,6.018],[8.2303,6.0127],[8.2228,6.0144],[8.2148,6.0122],[8.2043,6.0043],[8.1937,5.992],[8.1677,5.9695],[8.1532,5.9673],[8.1138,5.9381],[8.1091,5.9453],[8.1058,5.9591],[8.1009,5.9609],[8.0735,5.946],[8.0647,5.9438],[8.0504,5.9509],[8.0474,5.9557],[8.049,5.9739],[8.0528,5.9861],[8.052,5.9903],[8.0492,5.9945],[8.041,5.9985],[8.0239,5.9975],[7.9862,5.9817],[7.9804,5.9749],[7.9792,5.9703],[7.9792,5.9657],[7.9882,5.9484],[7.9893,5.9427],[7.9824,5.9358],[7.9823,5.9266],[7.9857,5.922],[8.0005,5.9127],[8.0061,5.9035],[8.005,5.9001],[8.001,5.8955],[7.9965,5.8996],[7.989,5.9021],[7.9868,5.8992],[7.9893,5.8933],[7.9876,5.8853],[7.9693,5.8743],[7.9664,5.8688],[7.9621,5.8503],[7.959,5.8433],[7.9548,5.8409],[7.9441,5.8395],[7.9372,5.8361],[7.9322,5.8295],[7.932,5.822],[7.9424,5.8051],[7.9701,5.7683],[7.9514,5.7751],[7.9423,5.7704],[7.9366,5.7692],[7.9218,5.76],[7.9172,5.7531],[7.9116,5.7255],[7.9048,5.7151],[7.8866,5.7001],[7.8901,5.692],[7.8901,5.6848],[7.9154,5.6554],[7.9177,5.6496],[7.9143,5.6358],[7.91,5.5875],[7.9061,5.5706],[7.9046,5.5687],[7.9067,5.5599],[7.9079,5.5358],[7.9206,5.5094],[7.9345,5.4692],[7.9391,5.4612],[7.9506,5.4475],[7.9563,5.4372],[7.9598,5.4257],[7.9725,5.3993],[7.9737,5.3936],[7.9782,5.389],[7.984,5.3764],[7.9875,5.3626],[7.983,5.3557],[7.9727,5.3545],[7.9578,5.3567],[7.9339,5.3577],[7.9202,5.3611],[7.9122,5.3611],[7.8804,5.3668],[7.8813,5.3626],[7.8848,5.3586],[7.9033,5.3431],[7.9045,5.3414],[7.9039,5.3385],[7.9017,5.3356],[7.8965,5.3333],[7.8759,5.3372],[7.8683,5.3429],[7.8488,5.3444],[7.842,5.3409],[7.8409,5.3375],[7.8426,5.3352],[7.8542,5.3254],[7.8577,5.3185],[7.8629,5.3151],[7.8652,5.3146],[7.8749,5.3181],[7.8921,5.3165],[7.9129,5.304],[7.9297,5.2851],[7.935,5.2736],[7.9378,5.2543],[7.9401,5.2497],[7.9481,5.2417],[7.9538,5.2383],[7.9618,5.236],[7.9664,5.2315],[7.9698,5.2203],[7.9761,5.2083],[7.9844,5.2058],[7.9927,5.2067],[8.0033,5.2192],[8.0066,5.2257],[8.0098,5.2382],[8.0168,5.247],[8.0281,5.2438],[8.0416,5.2346],[8.0552,5.2173],[8.0653,5.1988],[8.0667,5.1817],[8.063,5.1581],[8.0649,5.1452],[8.0697,5.136],[8.0952,5.1152],[8.0993,5.1071],[8.1003,5.0628],[8.0982,5.043],[8.1,5.0334],[8.1026,5.0238],[8.1222,4.9942],[8.1256,4.982],[8.1348,4.9728],[8.1421,4.9683],[8.1592,4.9696],[8.1839,4.9654],[8.187,4.9588],[8.2006,4.952],[8.209,4.9415],[8.23,4.9305],[8.2359,4.919],[8.2387,4.9005],[8.2448,4.8872],[8.2514,4.8821],[8.2629,4.8771],[8.2743,4.8547]]]}},{"type":"Feature","properties":{"name":"Delta","code":"DE"},"geometry":{"type":"Polygon","coordinates":[[[6.4855,5.3792],[6.4766,5.4041],[6.4831,5.4206],[6.4997,5.4265],[6.5088,5.4257],[6.5176,5.4344],[6.5245,5.4387],[6.5348,5.459],[6.5382,5.4758],[6.5308,5.532],[6.5426,5.5492],[6.5554,5.5524],[6.5689,5.5534],[6.5848,5.5617],[6.5917,5.5745],[6.601,5.5969],[6.6038,5.6149],[6.6176,5.6315],[6.6213,5.6426],[6.6065,5.6702],[6.5997,5.6789],[6.6019,5.6875],[6.6006,5.7066],[6.6391,5.7395],[6.6436,5.7473],[6.6483,5.7717],[6.6472,5.7853],[6.6508,5.8171],[6.6579,5.8404],[6.6609,5.8565],[6.6735,5.8891],[6.686,5.9048],[6.7001,5.9293],[6.7094,5.9593],[6.7159,5.9699],[6.7165,5.981],[6.7245,6.0123],[6.7265,6.0289],[6.7255,6.0407],[6.7202,6.0457],[6.7032,6.0512],[6.6991,6.061],[6.7045,6.0811],[6.7133,6.0871],[6.7221,6.0975],[6.7492,6.1137],[6.7553,6.1207],[6.7607,6.1478],[6.7694,6.168],[6.7673,6.1818],[6.7537,6.1928],[6.7427,6.2094],[6.731,6.2391],[6.7262,6.2599],[6.7231,6.2656],[6.7221,6.2827],[6.7128,6.3534],[6.7073,6.3686],[6.6998,6.3817],[6.6921,6.4184],[6.6818,6.4557],[6.6739,6.4683],[6.6689,6.5012],[6.6598,6.4986],[6.6463,6.4887],[6.6327,6.4893],[6.6224,6.4955],[6.6088,6.4995],[6.5857,6.4979],[6.5755,6.4951],[6.5402,6.492],[6.5233,6.4875],[6.52,6.483],[6.5096,6.4758],[6.5022,6.464],[6.4805,6.4478],[6.4662,6.4409],[6.4489,6.4281],[6.4366,6.4161],[6.4313,6.4068],[6.4127,6.396],[6.3799,6.3855],[6.3702,6.3833],[6.3576,6.3843],[6.3496,6.3788],[6.3363,6.3782],[6.3224,6.373],[6.3128,6.3673],[6.2903,6.3619],[6.2817,6.3574],[6.2614,6.3323],[6.2539,6.319],[6.2363,6.3036],[6.2126,6.2792],[6.1976,6.2827],[6.1935,6.2984],[6.1887,6.3095],[6.1805,6.3212],[6.1675,6.3315],[6.1409,6.3486],[6.1266,6.3561],[6.113,6.3491],[6.088,6.3183],[6.086,6.3038],[6.0861,6.2892],[6.0766,6.2787],[6.0849,6.2635],[6.1122,6.2409],[6.1157,6.2],[6.1344,6.1357],[6.1481,6.1143],[6.1638,6.0943],[6.1693,6.0825],[6.1955,6.0545],[6.2205,6.0531],[6.2409,6.0558],[6.2449,6.0537],[6.2433,6.053],[6.2328,6.0338],[6.241,6.0263],[6.2566,6.0167],[6.2479,5.984],[6.246,5.9715],[6.2338,5.9485],[6.2291,5.936],[6.2176,5.9165],[6.2075,5.906],[6.2014,5.897],[6.1797,5.8822],[6.1519,5.8577],[6.1209,5.8397],[6.1019,5.8032],[6.0937,5.7941],[6.0759,5.7861],[6.0736,5.7865],[6.0619,5.7751],[6.0398,5.7646],[6.0157,5.7643],[6.0045,5.7606],[5.9817,5.7481],[5.9586,5.7507],[5.9409,5.7464],[5.9246,5.7483],[5.9061,5.7704],[5.9068,5.7815],[5.9026,5.7946],[5.8942,5.7986],[5.9024,5.8111],[5.9064,5.826],[5.9065,5.8439],[5.9213,5.8773],[5.8333,5.9411],[5.8353,5.9515],[5.8305,5.9598],[5.823,5.9666],[5.812,5.9839],[5.7951,5.9796],[5.7453,6.009],[5.6989,6.0336],[5.6689,6.052],[5.6575,6.0332],[5.6262,6.0288],[5.616,6.0245],[5.6051,6.0231],[5.5936,6.0181],[5.5834,6.0111],[5.5713,5.9909],[5.5463,5.9854],[5.5366,5.9899],[5.5323,6.0042],[5.5346,6.0097],[5.5326,6.0117],[5.5235,6.0127],[5.5192,6.0163],[5.5153,6.0219],[5.5189,6.0274],[5.513,6.0353],[5.5009,6.0366],[5.4973,6.0425],[5.4943,6.0418],[5.4914,6.0386],[5.4897,6.03],[5.4789,6.0271],[5.4655,6.0278],[5.4562,6.0224],[5.4534,6.0251],[5.4521,6.0343],[5.4428,6.0414],[5.4297,6.0319],[5.4294,6.0247],[5.4333,6.0192],[5.4337,6.0142],[5.4333,6.01],[5.4281,6.007],[5.4176,6.0094],[5.418,6.0116],[5.4134,6.0215],[5.4019,6.0231],[5.3904,6.019],[5.3678,6.0209],[5.3444,6.0174],[5.3404,6.02],[5.3343,6.0214],[5.3274,6.0183],[5.323,6.0053],[5.327,5.9944],[5.327,5.9827],[5.3365,5.9844],[5.34,5.9827],[5.3452,5.9753],[5.3587,5.9696],[5.35,5.9609],[5.3413,5.9562],[5.3159,5.9323],[5.3051,5.9173],[5.2921,5.9099],[5.276,5.9068],[5.2705,5.9165],[5.269,5.9368],[5.2568,5.9477],[5.2542,5.9547],[5.2499,5.9677],[5.2486,5.9842],[5.2557,6.0108],[5.2631,6.031],[5.2683,6.0525],[5.2702,6.0543],[5.2576,6.0644],[5.24,6.0616],[5.234,6.0648],[5.2348,6.0727],[5.2324,6.1003],[5.2337,6.1124],[5.2305,6.1188],[5.2172,6.1356],[5.2184,6.1408],[5.2228,6.144],[5.2224,6.1479],[5.2104,6.1531],[5.2062,6.1516],[5.206,6.1478],[5.2026,6.1454],[5.1988,6.147],[5.1937,6.1518],[5.1897,6.1519],[5.184,6.1474],[5.1806,6.1494],[5.1824,6.1544],[5.1819,6.1569],[5.1687,6.1636],[5.1643,6.1591],[5.1629,6.1479],[5.164,6.146],[5.1615,6.1427],[5.1579,6.1467],[5.1546,6.1442],[5.1455,6.1416],[5.143,6.1433],[5.1435,6.1512],[5.1418,6.155],[5.1331,6.1647],[5.1344,6.1694],[5.127,6.1639],[5.119,6.15],[5.1011,6.1249],[5.0922,6.1089],[5.0759,6.078],[5.0342,5.9887],[5.0181,5.9505],[4.9844,5.8993],[4.9855,5.896],[4.9828,5.8957],[4.9768,5.8877],[5.0092,5.8447],[5.026,5.8179],[5.0408,5.7827],[5.0678,5.7667],[5.0798,5.7468],[5.0811,5.7364],[5.0806,5.7244],[5.0841,5.7176],[5.0845,5.713],[5.1215,5.6432],[5.1497,5.6092],[5.1701,5.5938],[5.181,5.592],[5.1913,5.5958],[5.2053,5.606],[5.2282,5.6193],[5.2472,5.622],[5.3013,5.614],[5.3512,5.5961],[5.3735,5.5985],[5.3878,5.608],[5.3992,5.6373],[5.4128,5.647],[5.445,5.6544],[5.4978,5.6242],[5.5036,5.6164],[5.5106,5.5961],[5.4945,5.6078],[5.4804,5.6218],[5.4669,5.6311],[5.4357,5.6352],[5.4179,5.6399],[5.4079,5.6368],[5.4021,5.6299],[5.4029,5.6133],[5.3936,5.5883],[5.3873,5.5857],[5.3766,5.5866],[5.3486,5.5851],[5.3266,5.588],[5.2873,5.5999],[5.2314,5.6021],[5.2141,5.6012],[5.2074,5.5988],[5.1958,5.5805],[5.1796,5.5705],[5.1704,5.5571],[5.1637,5.5547],[5.1597,5.5471],[5.1571,5.5371],[5.2083,5.4675],[5.2398,5.4402],[5.2602,5.4285],[5.318,5.4039],[5.3549,5.3898],[5.3794,5.39],[5.431,5.3855],[5.4723,5.3994],[5.491,5.4328],[5.5002,5.4807],[5.5098,5.5009],[5.5243,5.5134],[5.5407,5.5187],[5.5556,5.5187],[5.5822,5.5145],[5.5958,5.5191],[5.6,5.5167],[5.5998,5.5132],[5.5849,5.5059],[5.5689,5.5038],[5.5528,5.5065],[5.5311,5.5053],[5.5195,5.5011],[5.5085,5.4681],[5.5073,5.4437],[5.5145,5.4265],[5.525,5.4171],[5.5269,5.4071],[5.5194,5.4054],[5.5128,5.3987],[5.4671,5.3717],[5.3855,5.3608],[5.3705,5.3566],[5.3517,5.3633],[5.3369,5.3612],[5.3247,5.3665],[5.3206,5.3644],[5.32,5.3548],[5.3304,5.3001],[5.3457,5.2314],[5.3527,5.1679],[5.3726,5.1456],[5.388,5.139],[5.4216,5.1525],[5.4316,5.1517],[5.4439,5.1467],[5.4477,5.1387],[5.4484,5.1337],[5.4547,5.1267],[5.4616,5.1247],[5.466,5.1216],[5.4692,5.1168],[5.4646,5.0976],[5.4679,5.0932],[5.4761,5.0909],[5.5029,5.0925],[5.5116,5.0883],[5.5241,5.0688],[5.5331,5.0629],[5.5509,5.0556],[5.5846,5.0552],[5.5856,5.0479],[5.5909,5.0434],[5.611,5.0389],[5.6197,5.0347],[5.6253,5.026],[5.6329,5.0184],[5.6423,5.0156],[5.6479,5.0118],[5.6618,5.0129],[5.6636,5.0151],[5.6635,5.024],[5.6667,5.0283],[5.6756,5.0299],[5.6912,5.0242],[5.7021,5.0229],[5.7103,5.0238],[5.7194,5.0309],[5.7306,5.0545],[5.7365,5.0566],[5.7431,5.0557],[5.7486,5.0532],[5.752,5.0537],[5.7584,5.061],[5.7642,5.0642],[5.7735,5.0612],[5.7756,5.0575],[5.779,5.058],[5.7804,5.065],[5.7881,5.0725],[5.7899,5.0787],[5.7891,5.0844],[5.7913,5.0858],[5.8036,5.0819],[5.809,5.0864],[5.8141,5.0845],[5.8173,5.0774],[5.8203,5.0752],[5.8353,5.0825],[5.8401,5.0831],[5.8395,5.0745],[5.8409,5.0676],[5.8483,5.0665],[5.852,5.0702],[5.8531,5.0755],[5.8574,5.0774],[5.8631,5.0744],[5.8651,5.0695],[5.8677,5.0681],[5.8717,5.0812],[5.8776,5.0914],[5.8776,5.1053],[5.8808,5.1095],[5.8827,5.1018],[5.8853,5.1],[5.8965,5.1044],[5.9094,5.1049],[5.9145,5.1082],[5.9164,5.1315],[5.9175,5.1341],[5.9218,5.135],[5.9269,5.1399],[5.9278,5.1607],[5.9332,5.1647],[5.9461,5.1642],[5.9605,5.1572],[5.9642,5.1491],[6.0045,5.1037],[6.0272,5.0957],[6.0444,5.0957],[6.055,5.0972],[6.0623,5.103],[6.0637,5.1118],[6.0634,5.1232],[6.0696,5.1413],[6.0858,5.1508],[6.0979,5.1499],[6.1207,5.1337],[6.1297,5.1293],[6.1437,5.1348],[6.1503,5.1412],[6.1547,5.1517],[6.1659,5.1611],[6.1788,5.1611],[6.1909,5.1586],[6.2007,5.1695],[6.2023,5.1793],[6.1981,5.2038],[6.1943,5.2167],[6.196,5.223],[6.2021,5.2318],[6.2133,5.2387],[6.2335,5.2382],[6.2594,5.2279],[6.279,5.2289],[6.2905,5.2341],[6.293,5.2388],[6.2923,5.2454],[6.2838,5.2665],[6.2835,5.275],[6.285,5.2791],[6.3,5.299],[6.3064,5.303],[6.3254,5.3065],[6.3335,5.3176],[6.3388,5.3198],[6.3476,5.3205],[6.3625,5.314],[6.3804,5.309],[6.4089,5.3048],[6.426,5.3112],[6.4345,5.3233],[6.4502,5.3276],[6.4731,5.3219],[6.4902,5.324],[6.4935,5.326],[6.493,5.3283],[6.5026,5.3389],[6.4959,5.3697],[6.4855,5.3792]]]}},{"type":"Feature","properties":{"name":"Ebonyi","code":"EB"},"geometry":{"type":"Polygon","coordinates":[[[8.2945,6.6787],[8.2788,6.698],[8.2802,6.7048],[8.2856,6.7102],[8.2802,6.7152],[8.2738,6.7129],[8.2738,6.7166],[8.2688,6.7279],[8.2516,6.7356],[8.2625,6.7379],[8.2661,6.7416],[8.2557,6.7661],[8.2498,6.7683],[8.2498,6.7756],[8.2407,6.7924],[8.2343,6.7992],[8.2293,6.8001],[8.2261,6.7897],[8.2202,6.7788],[8.213,6.7761],[8.1916,6.7783],[8.173,6.7733],[8.1526,6.7547],[8.1471,6.7429],[8.1444,6.7252],[8.1362,6.7161],[8.1276,6.7116],[8.1122,6.7093],[8.104,6.712],[8.0985,6.707],[8.089,6.7116],[8.0754,6.7138],[8.032,6.7325],[8.02,6.7333],[8.0093,6.725],[7.9844,6.7205],[7.9745,6.7113],[7.9746,6.6903],[7.9788,6.6671],[7.9783,6.6479],[7.9871,6.6335],[7.9884,6.618],[7.9871,6.6112],[7.9732,6.5968],[7.9592,6.5908],[7.9552,6.5834],[7.9542,6.5518],[7.9508,6.5431],[7.9448,6.54],[7.9253,6.5438],[7.8996,6.556],[7.8781,6.5617],[7.8558,6.5808],[7.8462,6.5983],[7.844,6.6085],[7.8336,6.6194],[7.8318,6.6385],[7.8218,6.6389],[7.8177,6.6375],[7.8023,6.6321],[7.776,6.6337],[7.738,6.6447],[7.72,6.6469],[7.6912,6.6384],[7.6882,6.6293],[7.7039,6.6071],[7.7044,6.5782],[7.7261,6.5601],[7.7418,6.494],[7.7498,6.4369],[7.7514,6.3855],[7.7387,6.3538],[7.721,6.331],[7.708,6.2984],[7.7089,6.2779],[7.733,6.2266],[7.7287,6.1999],[7.7262,6.1149],[7.7138,6.0839],[7.6981,6.074],[7.6862,6.0713],[7.6694,6.0636],[7.6637,6.0472],[7.6672,6.0304],[7.6758,6.01],[7.6971,5.9887],[7.7112,5.971],[7.7148,5.946],[7.7048,5.9292],[7.6919,5.9246],[7.679,5.9287],[7.6644,5.9301],[7.5732,5.9691],[7.5591,5.9855],[7.5302,6.006],[7.5208,6.0003],[7.5236,5.9877],[7.5305,5.9721],[7.5291,5.952],[7.5061,5.9119],[7.5035,5.9002],[7.5052,5.8828],[7.5273,5.869],[7.5259,5.8562],[7.5266,5.8444],[7.5346,5.8347],[7.5519,5.8435],[7.5667,5.8439],[7.571,5.8411],[7.6176,5.8273],[7.7072,5.8213],[7.725,5.8164],[7.7694,5.8137],[7.7804,5.8068],[7.7863,5.8049],[7.793,5.7916],[7.7968,5.7616],[7.8039,5.745],[7.8234,5.7402],[7.8305,5.7353],[7.8408,5.7241],[7.8538,5.7179],[7.8631,5.7083],[7.8699,5.6999],[7.8706,5.6936],[7.8863,5.6878],[7.8901,5.6848],[7.8901,5.692],[7.8866,5.7001],[7.9048,5.7151],[7.9116,5.7255],[7.9172,5.7531],[7.9218,5.76],[7.9366,5.7692],[7.9423,5.7704],[7.9514,5.7751],[7.9701,5.7683],[7.9424,5.8051],[7.932,5.822],[7.9322,5.8295],[7.9372,5.8361],[7.9441,5.8395],[7.9548,5.8409],[7.959,5.8433],[7.9621,5.8503],[7.9664,5.8688],[7.9693,5.8743],[7.9876,5.8853],[7.9893,5.8933],[7.9868,5.8992],[7.989,5.9021],[7.9965,5.8996],[8.001,5.8955],[8.005,5.9001],[8.0061,5.9035],[8.0005,5.9127],[7.9857,5.922],[7.9823,5.9266],[7.9824,5.9358],[7.9893,5.9427],[7.9882,5.9484],[7.9792,5.9657],[7.9792,5.9703],[7.9804,5.9749],[7.9862,5.9817],[8.0239,5.9975],[8.041,5.9985],[8.0492,5.9945],[8.052,5.9903],[8.0528,5.9861],[8.049,5.9739],[8.0474,5.9557],[8.0504,5.9509],[8.0647,5.9438],[8.0735,5.946],[8.1009,5.9609],[8.1058,5.9591],[8.1091,5.9453],[8.1138,5.9381],[8.1532,5.9673],[8.1677,5.9695],[8.1937,5.992],[8.2043,6.0043],[8.2148,6.0122],[8.2228,6.0144],[8.2303,6.0127],[8.2448,6.018],[8.2527,6.0122],[8.254,6.0052],[8.2584,5.9981],[8.2637,5.9968],[8.2743,5.999],[8.2822,6.0047],[8.2866,6.0166],[8.2888,6.0457],[8.2915,6.0554],[8.2982,6.0675],[8.2985,6.0909],[8.302,6.1024],[8.302,6.1081],[8.3149,6.1163],[8.3208,6.129],[8.3313,6.1353],[8.3394,6.153],[8.359,6.1712],[8.3635,6.178],[8.3712,6.1966],[8.4007,6.2166],[8.4053,6.2371],[8.4112,6.2461],[8.418,6.2611],[8.4166,6.2734],[8.4109,6.2821],[8.3944,6.297],[8.3917,6.3065],[8.3992,6.3538],[8.4037,6.366],[8.4232,6.3712],[8.4309,6.381],[8.445,6.3855],[8.4416,6.4031],[8.4427,6.4047],[8.4536,6.406],[8.455,6.4146],[8.4568,6.4178],[8.4568,6.4282],[8.4441,6.4309],[8.4423,6.4328],[8.4323,6.4332],[8.4319,6.4396],[8.4387,6.4468],[8.4237,6.4664],[8.4228,6.4777],[8.4087,6.4777],[8.406,6.485],[8.4087,6.4886],[8.4123,6.5004],[8.4205,6.5054],[8.4191,6.5145],[8.4155,6.5186],[8.4101,6.5172],[8.396,6.5195],[8.391,6.5231],[8.391,6.5263],[8.3937,6.5313],[8.3992,6.5322],[8.4001,6.5363],[8.3933,6.5445],[8.3914,6.5504],[8.3796,6.5486],[8.3751,6.5458],[8.3715,6.5481],[8.3742,6.5635],[8.3637,6.5622],[8.3587,6.564],[8.3519,6.5744],[8.3401,6.5753],[8.3301,6.5917],[8.3248,6.5895],[8.322,6.603],[8.3142,6.6071],[8.3142,6.6121],[8.3211,6.6139],[8.3215,6.6185],[8.3242,6.6212],[8.3251,6.6258],[8.3224,6.6344],[8.3156,6.6344],[8.3092,6.6394],[8.3047,6.6507],[8.3065,6.6607],[8.302,6.6698],[8.2945,6.6787]]]}},{"type":"Feature","properties":{"name":"Edo","code":"ED"},"geometry":{"type":"Polygon","coordinates":[[[5.1344,6.1694],[5.1331,6.1647],[5.1418,6.155],[5.1435,6.1512],[5.143,6.1433],[5.1455,6.1416],[5.1546,6.1442],[5.1579,6.1467],[5.1615,6.1427],[5.164,6.146],[5.1629,6.1479],[5.1643,6.1591],[5.1687,6.1636],[5.1819,6.1569],[5.1824,6.1544],[5.1806,6.1494],[5.184,6.1474],[5.1897,6.1519],[5.1937,6.1518],[5.1988,6.147],[5.2026,6.1454],[5.206,6.1478],[5.2062,6.1516],[5.2104,6.1531],[5.2224,6.1479],[5.2228,6.144],[5.2184,6.1408],[5.2172,6.1356],[5.2305,6.1188],[5.2337,6.1124],[5.2324,6.1003],[5.2348,6.0727],[5.234,6.0648],[5.24,6.0616],[5.2576,6.0644],[5.2702,6.0543],[5.2683,6.0525],[5.2631,6.031],[5.2557,6.0108],[5.2486,5.9842],[5.2499,5.9677],[5.2542,5.9547],[5.2568,5.9477],[5.269,5.9368],[5.2705,5.9165],[5.276,5.9068],[5.2921,5.9099],[5.3051,5.9173],[5.3159,5.9323],[5.3413,5.9562],[5.35,5.9609],[5.3587,5.9696],[5.3452,5.9753],[5.34,5.9827],[5.3365,5.9844],[5.327,5.9827],[5.327,5.9944],[5.323,6.0053],[5.3274,6.0183],[5.3343,6.0214],[5.3404,6.02],[5.3444,6.0174],[5.3678,6.0209],[5.3904,6.019],[5.4019,6.0231],[5.4134,6.0215],[5.418,6.0116],[5.4176,6.0094],[5.4281,6.007],[5.4333,6.01],[5.4337,6.0142],[5.4333,6.0192],[5.4294,6.0247],[5.4297,6.0319],[5.4428,6.0414],[5.4521,6.0343],[5.4534,6.0251],[5.4562,6.0224],[5.4655,6.0278],[5.4789,6.0271],[5.4897,6.03],[5.4914,6.0386],[5.4943,6.0418],[5.4973,6.0425],[5.5009,6.0366],[5.513,6.0353],[5.5189,6.0274],[5.5153,6.0219],[5.5192,6.0163],[5.5235,6.0127],[5.5326,6.0117],[5.5346,6.0097],[5.5323,6.0042],[5.5366,5.9899],[5.5463,5.9854],[5.5713,5.9909],[5.5834,6.0111],[5.5936,6.0181],[5.6051,6.0231],[5.616,6.0245],[5.6262,6.0288],[5.6575,6.0332],[5.6689,6.052],[5.6989,6.0336],[5.7453,6.009],[5.7951,5.9796],[5.812,5.9839],[5.823,5.9666],[5.8305,5.9598],[5.8353,5.9515],[5.8333,5.9411],[5.9213,5.8773],[5.9065,5.8439],[5.9064,5.826],[5.9024,5.8111],[5.8942,5.7986],[5.9026,5.7946],[5.9068,5.7815],[5.9061,5.7704],[5.9246,5.7483],[5.9409,5.7464],[5.9586,5.7507],[5.9817,5.7481],[6.0045,5.7606],[6.0157,5.7643],[6.0398,5.7646],[6.0619,5.7751],[6.0736,5.7865],[6.0759,5.7861],[6.0937,5.7941],[6.1019,5.8032],[6.1209,5.8397],[6.1519,5.8577],[6.1797,5.8822],[6.2014,5.897],[6.2075,5.906],[6.2176,5.9165],[6.2291,5.936],[6.2338,5.9485],[6.246,5.9715],[6.2479,5.984],[6.2566,6.0167],[6.241,6.0263],[6.2328,6.0338],[6.2433,6.053],[6.2449,6.0537],[6.2409,6.0558],[6.2205,6.0531],[6.1955,6.0545],[6.1693,6.0825],[6.1638,6.0943],[6.1481,6.1143],[6.1344,6.1357],[6.1157,6.2],[6.1122,6.2409],[6.0849,6.2635],[6.0766,6.2787],[6.0861,6.2892],[6.086,6.3038],[6.088,6.3183],[6.113,6.3491],[6.1266,6.3561],[6.1409,6.3486],[6.1675,6.3315],[6.1805,6.3212],[6.1887,6.3095],[6.1935,6.2984],[6.1976,6.2827],[6.2126,6.2792],[6.2363,6.3036],[6.2539,6.319],[6.2614,6.3323],[6.2817,6.3574],[6.2903,6.3619],[6.3128,6.3673],[6.3224,6.373],[6.3363,6.3782],[6.3496,6.3788],[6.3576,6.3843],[6.3702,6.3833],[6.3799,6.3855],[6.4127,6.396],[6.4313,6.4068],[6.4366,6.4161],[6.4489,6.4281],[6.4662,6.4409],[6.4805,6.4478],[6.5022,6.464],[6.5096,6.4758],[6.52,6.483],[6.5233,6.4875],[6.5402,6.492],[6.5755,6.4951],[6.5857,6.4979],[6.6088,6.4995],[6.6224,6.4955],[6.6327,6.4893],[6.6463,6.4887],[6.6598,6.4986],[6.6689,6.5012],[6.6617,6.5579],[6.6619,6.5729],[6.6592,6.6078],[6.6528,6.6343],[6.628,6.6746],[6.6179,6.7049],[6.6216,6.7223],[6.6262,6.7315],[6.6317,6.7691],[6.6235,6.7908],[6.6237,6.796],[6.6203,6.8001],[6.6108,6.8221],[6.6141,6.8308],[6.6216,6.8415],[6.6462,6.8854],[6.6527,6.9078],[6.673,6.9357],[6.6794,6.9688],[6.6773,7.0341],[6.6901,7.0683],[6.7115,7.1047],[6.7158,7.1207],[6.7158,7.1357],[6.7008,7.1785],[6.6933,7.2165],[6.6853,7.223],[6.6832,7.2299],[6.6747,7.2329],[6.6692,7.24],[6.6377,7.2942],[6.5695,7.2753],[6.5443,7.2749],[6.5299,7.2727],[6.5149,7.267],[6.5114,7.267],[6.508,7.27],[6.5081,7.2764],[6.4997,7.2922],[6.4999,7.3108],[6.4983,7.3184],[6.4996,7.3272],[6.4973,7.333],[6.4858,7.342],[6.473,7.3606],[6.4669,7.3653],[6.4505,7.3555],[6.4425,7.3568],[6.4357,7.3597],[6.4341,7.3767],[6.4325,7.3796],[6.4267,7.382],[6.4222,7.389],[6.4321,7.3977],[6.4322,7.4023],[6.4277,7.4105],[6.4282,7.4153],[6.4239,7.4175],[6.3798,7.3982],[6.3569,7.4149],[6.2955,7.4992],[6.2812,7.501],[6.2678,7.4818],[6.2592,7.4789],[6.2379,7.4756],[6.2269,7.471],[6.2196,7.4578],[6.2089,7.4496],[6.1869,7.4387],[6.1863,7.4329],[6.1828,7.4294],[6.1799,7.43],[6.176,7.4341],[6.1709,7.4441],[6.1597,7.4476],[6.1428,7.4496],[6.1279,7.4462],[6.1187,7.4463],[6.1124,7.4487],[6.1101,7.4572],[6.1083,7.4842],[6.1083,7.4907],[6.1101,7.4941],[6.1148,7.4988],[6.1286,7.5051],[6.1506,7.5189],[6.1623,7.5339],[6.167,7.5452],[6.1642,7.5502],[6.1383,7.5505],[6.1336,7.5521],[6.1299,7.5645],[6.1188,7.5914],[6.0485,7.5801],[6.0434,7.5775],[6.0289,7.5653],[6.0254,7.559],[6.023,7.5496],[6.0235,7.5473],[6.013,7.5334],[6.0041,7.5292],[5.9945,7.5271],[5.9871,7.5295],[5.9756,7.5302],[5.9674,7.5157],[5.9651,7.514],[5.9628,7.5128],[5.9542,7.5152],[5.953,7.5071],[5.9488,7.496],[5.9481,7.4873],[5.9533,7.4838],[5.9633,7.4604],[5.9713,7.4603],[5.9845,7.4561],[5.9867,7.4503],[5.9872,7.4415],[5.9814,7.4386],[5.9756,7.4323],[5.9714,7.4195],[5.9685,7.4149],[5.9701,7.4084],[5.9747,7.4037],[5.9741,7.4008],[5.9757,7.3956],[5.9797,7.3914],[5.975,7.3822],[5.9749,7.3752],[5.9782,7.3681],[5.9868,7.3634],[5.9867,7.3552],[5.9786,7.3477],[5.9577,7.3443],[5.9504,7.3445],[5.9193,7.3371],[5.9175,7.3337],[5.9186,7.3237],[5.9162,7.3185],[5.924,7.3021],[5.924,7.2963],[5.9071,7.2749],[5.9047,7.2656],[5.8965,7.2581],[5.8959,7.2534],[5.8987,7.2452],[5.8973,7.2312],[5.9041,7.2207],[5.9035,7.2172],[5.8843,7.1999],[5.8837,7.1929],[5.8939,7.1858],[5.8939,7.1829],[5.8823,7.176],[5.873,7.1626],[5.8717,7.1533],[5.8682,7.1469],[5.8675,7.1411],[5.8628,7.1283],[5.8605,7.126],[5.8443,7.1203],[5.8426,7.118],[5.843,7.1098],[5.851,7.1022],[5.8549,7.0963],[5.8497,7.0923],[5.8295,7.082],[5.8237,7.0814],[5.8156,7.0716],[5.8096,7.0512],[5.8043,7.0485],[5.7962,7.0243],[5.7926,7.0217],[5.794,7.0156],[5.7938,7.0053],[5.7892,6.9924],[5.7884,6.9804],[5.7856,6.9683],[5.7922,6.9555],[5.7998,6.9213],[5.798,6.9149],[5.7897,6.901],[5.7879,6.8945],[5.7871,6.8714],[5.7788,6.8584],[5.7742,6.8538],[5.7715,6.8473],[5.7697,6.8399],[5.7772,6.8233],[5.7781,6.8178],[5.7708,6.7965],[5.7672,6.7919],[5.7579,6.7844],[5.7265,6.7695],[5.7145,6.7574],[5.7026,6.7361],[5.6674,6.7276],[5.6543,6.7349],[5.6404,6.7469],[5.6293,6.7459],[5.62,6.7421],[5.6052,6.7291],[5.5896,6.7143],[5.5822,6.7041],[5.5766,6.704],[5.5645,6.7206],[5.5617,6.7298],[5.5625,6.7409],[5.5615,6.752],[5.5632,6.7624],[5.5614,6.7723],[5.5558,6.787],[5.5458,6.8043],[5.5436,6.8128],[5.5435,6.8248],[5.549,6.8331],[5.5536,6.8359],[5.5638,6.8378],[5.5712,6.8453],[5.5721,6.8545],[5.5702,6.8693],[5.5618,6.8794],[5.5552,6.883],[5.5371,6.8848],[5.2724,6.8883],[5.2548,6.8827],[5.2089,6.8108],[5.2025,6.7887],[5.2025,6.7832],[5.197,6.7739],[5.1905,6.7721],[5.1665,6.7581],[5.1508,6.746],[5.1407,6.7312],[5.126,6.7015],[5.1223,6.6987],[5.1224,6.695],[5.1178,6.6839],[5.1124,6.6562],[5.1116,6.6304],[5.1144,6.6211],[5.1276,6.5935],[5.1281,6.5882],[5.1322,6.5861],[5.1369,6.5779],[5.1406,6.5742],[5.1472,6.5696],[5.1546,6.5678],[5.1621,6.562],[5.1619,6.5593],[5.1642,6.5545],[5.1607,6.5499],[5.1623,6.5465],[5.1603,6.5392],[5.1552,6.5331],[5.1548,6.5189],[5.1504,6.5117],[5.1502,6.5046],[5.1537,6.5011],[5.1534,6.498],[5.1473,6.4893],[5.1454,6.4888],[5.1395,6.48],[5.1358,6.477],[5.1336,6.4726],[5.1235,6.4628],[5.1174,6.459],[5.114,6.4533],[5.1028,6.4414],[5.1026,6.4378],[5.1076,6.435],[5.1074,6.4325],[5.1044,6.4309],[5.1037,6.4213],[5.1095,6.4138],[5.1037,6.4022],[5.0989,6.3974],[5.086,6.3892],[5.0757,6.3773],[5.0661,6.3766],[5.0528,6.3842],[5.0492,6.3824],[5.0472,6.3721],[5.0438,6.3666],[5.0392,6.3641],[5.0324,6.3649],[5.0292,6.3636],[5.0278,6.3452],[5.0287,6.3418],[5.0349,6.3329],[5.0353,6.3285],[5.0301,6.3231],[5.0215,6.3187],[5.0154,6.309],[5.0129,6.3021],[5.0156,6.2924],[5.0215,6.2854],[5.0296,6.2792],[5.0377,6.2774],[5.048,6.2649],[5.0497,6.2514],[5.0534,6.2468],[5.0635,6.2483],[5.0733,6.2395],[5.0729,6.2312],[5.0788,6.2226],[5.0779,6.2201],[5.0745,6.2177],[5.0756,6.2134],[5.0818,6.218],[5.0872,6.2145],[5.0861,6.2078],[5.0892,6.2011],[5.0958,6.1971],[5.0982,6.1981],[5.0998,6.2022],[5.1032,6.2022],[5.1099,6.1954],[5.1128,6.1955],[5.1155,6.2061],[5.1199,6.207],[5.1225,6.2059],[5.1224,6.2013],[5.1271,6.197],[5.1287,6.1897],[5.1359,6.1867],[5.1357,6.1823],[5.132,6.1808],[5.1371,6.1763],[5.1377,6.1731],[5.1334,6.1722],[5.1344,6.1694]]]}},{"type":"Feature","properties":{"name":"Ekiti","code":"EK"},"geometry":{"type":"Polygon","coordinates":[[[5.773,7.7473],[5.7916,7.7821],[5.768,7.7876],[5.7558,7.7956],[5.746,7.805],[5.7373,7.8211],[5.729,7.8283],[5.7102,7.8301],[5.6684,7.829],[5.6588,7.8277],[5.6427,7.8287],[5.6305,7.835],[5.6232,7.843],[5.6142,7.8656],[5.6086,7.9108],[5.6041,7.9265],[5.602,7.9428],[5.5988,7.9519],[5.5988,7.9585],[5.6016,7.9637],[5.6096,7.9661],[5.6142,7.9623],[5.627,7.9571],[5.6343,7.9585],[5.6455,7.963],[5.6472,7.9661],[5.6476,7.9862],[5.6507,7.9907],[5.657,7.9943],[5.6632,8.0002],[5.6681,8.0023],[5.6674,8.0086],[5.6625,8.0152],[5.6507,8.0236],[5.6472,8.041],[5.6399,8.0538],[5.643,8.0591],[5.6538,8.0643],[5.6597,8.0698],[5.6563,8.0747],[5.6246,8.0726],[5.5992,8.0737],[5.5766,8.0712],[5.5508,8.051],[5.5453,8.0441],[5.5376,8.0406],[5.516,8.0222],[5.5087,8.0176],[5.5059,8.0187],[5.5038,8.0236],[5.5073,8.0371],[5.5073,8.0455],[5.5136,8.0838],[5.5139,8.1112],[5.498,8.1107],[5.4491,8.1059],[5.3983,8.1036],[5.3873,8.1021],[5.3712,8.0965],[5.364,8.0905],[5.3606,8.0829],[5.3587,8.0739],[5.3587,8.0634],[5.3614,8.0434],[5.3606,8.0385],[5.352,8.0257],[5.3324,8.0096],[5.3177,8.0077],[5.2829,8.0085],[5.2624,8.0129],[5.2568,8.0182],[5.2308,8.022],[5.2029,8.0171],[5.1958,8.0182],[5.1916,8.0224],[5.1883,8.0295],[5.1819,8.0363],[5.1423,8.0619],[5.1179,8.0626],[5.0844,8.0242],[5.0757,8.025],[5.0724,8.031],[5.0618,8.0382],[5.0576,8.0395],[5.0565,8.0311],[5.0531,8.0235],[5.0355,8.0052],[5.0329,7.9968],[5.0332,7.9823],[5.0313,7.9769],[5.0165,7.9552],[5.0012,7.9461],[4.9905,7.9312],[4.9497,7.9034],[4.942,7.8999],[4.9371,7.8892],[4.9273,7.8804],[4.9245,7.8744],[4.9238,7.8635],[4.9164,7.8572],[4.9141,7.8504],[4.9111,7.8501],[4.9086,7.8298],[4.9158,7.8221],[4.9158,7.7958],[4.9143,7.783],[4.9094,7.7664],[4.9042,7.7574],[4.903,7.7499],[4.8932,7.7303],[4.8879,7.6919],[4.8808,7.6678],[4.8733,7.6513],[4.8639,7.6227],[4.868,7.6163],[4.8831,7.6114],[4.9022,7.5764],[4.9179,7.5298],[4.9202,7.5172],[4.9389,7.4787],[4.9478,7.4547],[4.9524,7.4478],[4.9757,7.4337],[4.9848,7.4265],[4.9871,7.4192],[4.997,7.415],[5.0046,7.4139],[5.0089,7.4256],[5.02,7.4332],[5.0486,7.4573],[5.0652,7.4602],[5.0782,7.4593],[5.0959,7.4521],[5.1265,7.4458],[5.1673,7.4404],[5.1812,7.4414],[5.1877,7.4406],[5.1924,7.4369],[5.1991,7.4374],[5.2174,7.4343],[5.2453,7.4335],[5.2647,7.4384],[5.2796,7.4355],[5.2944,7.4365],[5.3148,7.4431],[5.3203,7.4413],[5.3288,7.4173],[5.34,7.3971],[5.3466,7.3814],[5.3542,7.3445],[5.3552,7.3344],[5.3544,7.3104],[5.3582,7.2956],[5.3882,7.2832],[5.4046,7.2903],[5.413,7.2904],[5.4583,7.3017],[5.4732,7.3018],[5.4815,7.3046],[5.5044,7.3162],[5.5212,7.3325],[5.5331,7.3538],[5.5368,7.3575],[5.5466,7.3736],[5.5525,7.3798],[5.5754,7.4178],[5.5883,7.4317],[5.5994,7.4502],[5.6075,7.4802],[5.6103,7.4845],[5.6138,7.5288],[5.6128,7.5371],[5.6182,7.5639],[5.6246,7.5824],[5.643,7.6121],[5.6551,7.6287],[5.6594,7.629],[5.6757,7.6237],[5.681,7.6237],[5.6886,7.6324],[5.6914,7.638],[5.6949,7.6718],[5.6994,7.6829],[5.7165,7.701],[5.7676,7.7372],[5.773,7.7473]]]}},{"type":"Feature","properties":{"name":"Enugu","code":"EN"},"geometry":{"type":"Polygon","coordinates":[[[6.861,6.7534],[6.9098,6.6964],[6.9131,6.6954],[6.9187,6.6986],[6.9229,6.6991],[6.9269,6.6985],[6.9306,6.6957],[6.9356,6.6956],[6.9393,6.7033],[6.9439,6.7061],[6.9565,6.71],[6.9909,6.7131],[7.0166,6.7061],[7.0463,6.6874],[7.0506,6.6826],[7.0702,6.6856],[7.0903,6.6773],[7.1016,6.6756],[7.1291,6.6595],[7.1326,6.6521],[7.1317,6.6434],[7.1247,6.6259],[7.1177,6.6155],[7.1156,6.6033],[7.1095,6.5932],[7.092,6.5758],[7.0842,6.5623],[7.0781,6.5575],[7.0633,6.5549],[7.0554,6.5453],[7.0485,6.5274],[7.0463,6.5122],[7.0463,6.5008],[7.0497,6.4744],[7.0454,6.4712],[7.0363,6.4738],[7.0332,6.4669],[7.0322,6.4424],[7.0387,6.4402],[7.0648,6.4372],[7.0635,6.4279],[7.0706,6.4288],[7.0894,6.4263],[7.1,6.4187],[7.1154,6.4015],[7.1307,6.3994],[7.1439,6.3883],[7.1418,6.3799],[7.1419,6.3597],[7.1523,6.3289],[7.1589,6.323],[7.1618,6.3156],[7.1602,6.3034],[7.1504,6.2969],[7.1426,6.2891],[7.1491,6.2625],[7.147,6.2558],[7.1484,6.251],[7.1455,6.25],[7.1448,6.246],[7.1423,6.2439],[7.1455,6.2404],[7.1453,6.2363],[7.1434,6.2356],[7.1507,6.23],[7.1506,6.2286],[7.1893,6.2395],[7.1995,6.2348],[7.2035,6.2182],[7.2043,6.2088],[7.209,6.2025],[7.224,6.1914],[7.2247,6.1788],[7.2216,6.1576],[7.224,6.1426],[7.2295,6.1276],[7.2397,6.1142],[7.2484,6.1087],[7.2497,6.1065],[7.2548,6.1047],[7.2613,6.0794],[7.2849,6.0777],[7.3095,6.079],[7.3096,6.0765],[7.3039,6.071],[7.3006,6.0656],[7.2973,6.0562],[7.2972,6.0526],[7.2995,6.0481],[7.3038,6.045],[7.3391,6.0421],[7.3763,6.04],[7.3868,6.0367],[7.4044,6.0124],[7.4158,6.0062],[7.4306,6.0062],[7.4515,6.0138],[7.4615,6.0148],[7.4758,6.0124],[7.5105,6.0214],[7.5201,6.02],[7.5334,6.011],[7.5302,6.006],[7.5591,5.9855],[7.5732,5.9691],[7.6644,5.9301],[7.679,5.9287],[7.6919,5.9246],[7.7048,5.9292],[7.7148,5.946],[7.7112,5.971],[7.6971,5.9887],[7.6758,6.01],[7.6672,6.0304],[7.6637,6.0472],[7.6694,6.0636],[7.6862,6.0713],[7.6981,6.074],[7.7138,6.0839],[7.7262,6.1149],[7.7287,6.1999],[7.733,6.2266],[7.7089,6.2779],[7.708,6.2984],[7.721,6.331],[7.7387,6.3538],[7.7514,6.3855],[7.7498,6.4369],[7.7418,6.494],[7.7261,6.5601],[7.7044,6.5782],[7.7039,6.6071],[7.6882,6.6293],[7.6912,6.6384],[7.72,6.6469],[7.738,6.6447],[7.776,6.6337],[7.8023,6.6321],[7.8177,6.6375],[7.811,6.6457],[7.814,6.6501],[7.8308,6.6619],[7.856,6.7001],[7.8685,6.7249],[7.8749,6.741],[7.8782,6.7602],[7.8884,6.7665],[7.8947,6.7744],[7.9034,6.7815],[7.9002,6.7862],[7.89,6.7854],[7.8865,6.7941],[7.8904,6.8437],[7.888,6.8539],[7.8762,6.8634],[7.8746,6.8689],[7.8636,6.8799],[7.8396,6.8807],[7.8335,6.8864],[7.8186,6.8919],[7.7918,6.8893],[7.7856,6.8728],[7.7628,6.8799],[7.7502,6.8784],[7.7376,6.8704],[7.7191,6.8725],[7.7138,6.871],[7.7119,6.8609],[7.6917,6.8516],[7.6746,6.8555],[7.658,6.8681],[7.636,6.9036],[7.6202,6.9193],[7.5777,6.9327],[7.5714,6.9398],[7.5643,6.9524],[7.5572,6.9776],[7.5493,6.991],[7.5383,7.0202],[7.5305,7.0323],[7.5257,7.0359],[7.502,7.069],[7.491,7.0737],[7.4825,7.0819],[7.4702,7.0868],[7.4704,7.0939],[7.4647,7.0892],[7.4574,7.0959],[7.4424,7.0959],[7.4355,7.0978],[7.4319,7.1016],[7.3944,7.0929],[7.3868,7.0861],[7.3894,7.0651],[7.3847,7.0517],[7.3705,7.0414],[7.3272,7.0241],[7.3122,7.0052],[7.2933,6.9942],[7.2578,6.9808],[7.2413,6.9713],[7.2381,6.9579],[7.2389,6.9414],[7.2329,6.9297],[7.2178,6.9253],[7.2154,6.9155],[7.2101,6.9035],[7.1877,6.9012],[7.1759,6.8965],[7.1701,6.8839],[7.1562,6.8831],[7.1468,6.8642],[7.1342,6.8547],[7.12,6.8484],[7.1129,6.8374],[7.1011,6.8287],[7.0932,6.8193],[7.0814,6.8004],[7.0601,6.7949],[7.0554,6.7862],[7.042,6.783],[7.0302,6.7854],[7.0207,6.7893],[7.005,6.7854],[6.9908,6.7854],[6.9861,6.7886],[6.9853,6.7988],[6.99,6.8232],[6.99,6.8335],[6.9868,6.8445],[6.9782,6.85],[6.9632,6.8445],[6.9522,6.8279],[6.9524,6.8081],[6.9448,6.7987],[6.9299,6.7865],[6.9254,6.7925],[6.9234,6.802],[6.9121,6.8007],[6.8968,6.7924],[6.8783,6.7606],[6.8683,6.7553],[6.861,6.7534]]]}},{"type":"Feature","properties":{"name":"Federal Capital Territory","code":"FC"},"geometry":{"type":"Polygon","coordinates":[[[6.9808,8.4437],[7.0359,8.4397],[7.0799,8.4431],[7.0863,8.4327],[7.0835,8.4193],[7.1242,8.4228],[7.141,8.4353],[7.1397,8.4432],[7.1334,8.4495],[7.2705,8.4644],[7.3133,8.4736],[7.3653,8.4877],[7.3803,8.5215],[7.396,8.5384],[7.4181,8.5699],[7.443,8.5933],[7.4793,8.6328],[7.496,8.6543],[7.502,8.6687],[7.5917,8.8349],[7.5947,8.8564],[7.5887,9.1291],[7.6676,9.3037],[7.7241,9.3293],[7.693,9.3494],[7.6787,9.3684],[7.6707,9.3839],[7.6675,9.4014],[7.647,9.4087],[7.6141,9.4061],[7.5421,9.3874],[7.5091,9.355],[7.4969,9.3524],[7.4737,9.3503],[7.3897,9.3359],[7.3786,9.3365],[7.3591,9.309],[7.3567,9.3101],[7.3526,9.3069],[7.3308,9.2694],[7.2198,9.1135],[7.0153,9.269],[6.7881,9.2702],[6.7831,8.8489],[6.7923,8.8403],[6.7901,8.7901],[6.7813,8.7439],[6.78,8.5803],[6.7825,8.5715],[6.7846,8.4576],[6.8279,8.4576],[6.9408,8.4589],[6.9774,8.4439],[6.9808,8.4437]]]}},{"type":"Feature","properties":{"name":"Gombe","code":"GO"},"geometry":{"type":"Polygon","coordinates":[[[11.5833,10.5939],[11.5613,10.5916],[11.5515,10.5879],[11.5276,10.5676],[11.5165,10.5703],[11.5127,10.5853],[11.5134,10.6073],[11.5215,10.6394],[11.5242,10.66],[11.5227,10.6615],[11.5165,10.684],[11.5151,10.695],[11.5166,10.7321],[11.5198,10.7449],[11.5265,10.7579],[11.5287,10.7904],[11.5362,10.8231],[11.5364,10.8288],[11.5344,10.8335],[11.5381,10.8399],[11.5391,10.851],[11.5365,10.8637],[11.5287,10.8768],[11.5274,10.8916],[11.5289,10.8934],[11.531,10.9041],[11.5319,10.9181],[11.5304,10.9349],[11.5273,10.9423],[11.515,10.9659],[11.495,10.9909],[11.4825,11.0028],[11.4705,11.0216],[11.4486,11.0467],[11.4349,11.0559],[11.4121,11.0802],[11.4025,11.0879],[11.3944,11.092],[11.3911,11.0902],[11.3867,11.0908],[11.3712,11.0984],[11.3743,11.1017],[11.3742,11.105],[11.3727,11.1061],[11.375,11.1101],[11.3732,11.114],[11.36,11.1275],[11.3549,11.1442],[11.3479,11.1527],[11.3416,11.1638],[11.3194,11.1862],[11.3114,11.1689],[11.2755,11.1723],[11.2486,11.1836],[11.2238,11.1648],[11.2009,11.1751],[11.1819,11.199],[11.1651,11.2012],[11.1338,11.2078],[11.0919,11.2261],[11.0774,11.2867],[10.9817,11.1788],[11.0085,11.1491],[10.9893,11.1363],[10.9374,11.0962],[10.9293,11.0945],[10.9296,11.0907],[10.9219,11.0921],[10.9103,11.0883],[10.8821,11.086],[10.8642,11.0884],[10.8534,11.085],[10.7991,11.0843],[10.789,11.0728],[10.7871,11.0641],[10.7724,11.0603],[10.7384,11.101],[10.7079,11.0848],[10.6899,11.0472],[10.679,11.0458],[10.6695,11.0398],[10.6647,11.0283],[10.6625,11.0107],[10.6647,10.9944],[10.6597,10.9849],[10.6427,10.977],[10.6411,10.9608],[10.6571,10.9517],[10.6627,10.9463],[10.6746,10.9386],[10.6772,10.9309],[10.6467,10.8932],[10.652,10.8814],[10.6427,10.876],[10.6365,10.8675],[10.6247,10.8587],[10.62,10.8513],[10.6098,10.8488],[10.5955,10.8269],[10.5765,10.8071],[10.5687,10.8108],[10.5267,10.737],[10.5214,10.7326],[10.5203,10.7269],[10.5186,10.7255],[10.5143,10.7255],[10.5109,10.7199],[10.5065,10.7178],[10.5054,10.7145],[10.4997,10.712],[10.5,10.6976],[10.4943,10.6883],[10.5253,10.6627],[10.5286,10.6497],[10.538,10.6494],[10.5626,10.6423],[10.5695,10.6279],[10.5582,10.6006],[10.57,10.5868],[10.5934,10.5714],[10.6124,10.5566],[10.6619,10.4914],[10.6655,10.4909],[10.6696,10.4931],[10.6894,10.4931],[10.7014,10.4874],[10.7054,10.4804],[10.7216,10.4901],[10.7302,10.4874],[10.7425,10.4736],[10.7907,10.4351],[10.7926,10.4407],[10.8004,10.4507],[10.8103,10.4478],[10.8135,10.4377],[10.8041,10.4245],[10.8354,10.3996],[10.8339,10.365],[10.8283,10.351],[10.8222,10.343],[10.8234,10.3311],[10.8222,10.3208],[10.8192,10.313],[10.8473,10.2864],[10.8629,10.2683],[10.8553,10.2408],[10.8572,10.2357],[10.8512,10.2242],[10.8393,10.2152],[10.8356,10.2041],[10.8199,10.1811],[10.8172,10.1695],[10.8186,10.1573],[10.8074,10.138],[10.8003,10.1348],[10.7867,10.1348],[10.7746,10.1376],[10.7492,10.1199],[10.7384,10.121],[10.7265,10.1055],[10.7212,10.0951],[10.7159,10.0945],[10.7134,10.0888],[10.7115,10.0762],[10.7169,10.0635],[10.7175,10.0499],[10.7277,10.0415],[10.7753,10.0125],[10.7884,10.0061],[10.8122,9.9793],[10.825,9.97],[10.8577,9.9557],[10.8659,9.9499],[10.8752,9.9405],[10.8906,9.9307],[10.9185,9.8997],[10.9454,9.8804],[10.9449,9.8704],[10.9591,9.8522],[10.9577,9.8345],[10.9612,9.8234],[10.9657,9.8141],[10.9702,9.8117],[10.9773,9.8127],[10.9816,9.7748],[10.9787,9.7722],[10.9785,9.7698],[10.9747,9.7669],[10.9655,9.7523],[10.9647,9.7455],[10.9664,9.7311],[10.9618,9.7168],[10.9567,9.7114],[10.9578,9.7033],[10.9608,9.6958],[10.9605,9.6754],[10.9563,9.6719],[10.9569,9.6686],[10.985,9.6418],[10.9899,9.6406],[10.9882,9.6302],[10.9691,9.6154],[10.9781,9.5746],[10.9847,9.5655],[10.9924,9.5593],[11.0082,9.5521],[11.0204,9.5495],[11.0355,9.5487],[11.0621,9.5522],[11.0764,9.5514],[11.0836,9.5467],[11.0945,9.5331],[11.1142,9.5256],[11.1509,9.5508],[11.1613,9.551],[11.1821,9.5556],[11.2225,9.5693],[11.2271,9.5694],[11.2441,9.5622],[11.2547,9.5543],[11.2693,9.5489],[11.278,9.5478],[11.3377,9.5487],[11.4057,9.5445],[11.4202,9.546],[11.4296,9.5496],[11.4339,9.5521],[11.4419,9.5604],[11.4445,9.5762],[11.468,9.5985],[11.4843,9.6042],[11.4912,9.6041],[11.5017,9.6075],[11.5273,9.6082],[11.5456,9.6052],[11.563,9.6051],[11.5671,9.6108],[11.5764,9.6153],[11.5817,9.6198],[11.5862,9.6338],[11.5983,9.6493],[11.6136,9.6563],[11.6345,9.6275],[11.6546,9.6369],[11.6639,9.6484],[11.672,9.6552],[11.6836,9.6632],[11.6964,9.6689],[11.7009,9.6738],[11.7266,9.6906],[11.7359,9.6997],[11.7382,9.6997],[11.7463,9.7054],[11.7566,9.7187],[11.7761,9.7071],[11.7962,9.7309],[11.8172,9.7409],[11.8358,9.7727],[11.8509,9.7864],[11.8545,9.7935],[11.8518,9.814],[11.8444,9.8193],[11.8264,9.8229],[11.8034,9.8323],[11.8012,9.8407],[11.809,9.8764],[11.8165,9.8914],[11.8193,9.9028],[11.8293,9.9154],[11.8347,9.9297],[11.8332,9.949],[11.8237,9.9558],[11.8227,9.9699],[11.8253,9.9949],[11.8296,10.0164],[11.8355,10.0285],[11.8358,10.0339],[11.8018,10.0358],[11.7899,10.0393],[11.7851,10.0458],[11.7803,10.0595],[11.7667,10.0769],[11.7607,10.079],[11.7562,10.0834],[11.7517,10.1019],[11.736,10.1178],[11.7314,10.1431],[11.7275,10.1462],[11.7109,10.1733],[11.6957,10.1878],[11.6868,10.1899],[11.671,10.1973],[11.6565,10.2009],[11.6481,10.2012],[11.6463,10.2034],[11.6395,10.2031],[11.6337,10.2081],[11.6231,10.2097],[11.6212,10.2127],[11.6119,10.22],[11.61,10.2241],[11.6118,10.228],[11.6167,10.2286],[11.6179,10.23],[11.6139,10.2371],[11.6141,10.2448],[11.6124,10.2491],[11.5972,10.257],[11.5955,10.2604],[11.5945,10.2705],[11.5898,10.2826],[11.5867,10.2859],[11.5815,10.2867],[11.5751,10.2921],[11.57,10.2886],[11.5679,10.2933],[11.5642,10.2967],[11.5612,10.2974],[11.5565,10.2963],[11.5515,10.2901],[11.5496,10.2964],[11.5465,10.3008],[11.5448,10.3181],[11.5293,10.3136],[11.5307,10.3188],[11.5357,10.3271],[11.5463,10.3274],[11.5439,10.3343],[11.5435,10.3421],[11.5524,10.3685],[11.5609,10.3705],[11.5657,10.3812],[11.5687,10.3846],[11.5925,10.3914],[11.597,10.395],[11.5989,10.4064],[11.5982,10.4176],[11.6025,10.4273],[11.6197,10.4422],[11.6552,10.4564],[11.6565,10.4606],[11.6569,10.4732],[11.6611,10.4863],[11.6568,10.4897],[11.6628,10.4968],[11.6377,10.5186],[11.5998,10.5342],[11.5728,10.5726],[11.5833,10.5939]]]}},{"type":"Feature","properties":{"name":"Imo","code":"IM"},"geometry":{"type":"Polygon","coordinates":[[[7.2643,5.2156],[7.268,5.2421],[7.2765,5.2557],[7.2793,5.2781],[7.2911,5.3035],[7.2923,5.3276],[7.3035,5.3482],[7.3057,5.3581],[7.3134,5.3634],[7.3219,5.3825],[7.3226,5.3955],[7.3216,5.4012],[7.3228,5.4075],[7.3363,5.4321],[7.347,5.4421],[7.3539,5.4446],[7.3589,5.4503],[7.3642,5.4658],[7.3762,5.4792],[7.3798,5.4912],[7.388,5.5104],[7.3926,5.5124],[7.4043,5.5286],[7.4088,5.5427],[7.408,5.5476],[7.4095,5.553],[7.4174,5.5621],[7.4152,5.5759],[7.4225,5.581],[7.4228,5.5836],[7.426,5.5856],[7.4291,5.604],[7.4323,5.6094],[7.4276,5.6269],[7.4226,5.635],[7.4176,5.6485],[7.4163,5.6615],[7.4102,5.6738],[7.4082,5.677],[7.3897,5.6915],[7.384,5.6988],[7.3816,5.7056],[7.3831,5.7076],[7.3968,5.7087],[7.3997,5.7104],[7.4003,5.7127],[7.4001,5.7207],[7.3963,5.7365],[7.3943,5.7558],[7.395,5.7649],[7.3936,5.7724],[7.3944,5.7842],[7.3924,5.8092],[7.3924,5.8338],[7.3864,5.8609],[7.3896,5.8815],[7.3961,5.8987],[7.3959,5.9076],[7.392,5.9119],[7.3879,5.9128],[7.3767,5.906],[7.3672,5.9035],[7.3629,5.9038],[7.3558,5.9064],[7.3457,5.9071],[7.3352,5.9114],[7.2845,5.9184],[7.2708,5.9248],[7.261,5.9389],[7.2569,5.9347],[7.2486,5.9319],[7.2288,5.9328],[7.2121,5.9289],[7.2028,5.921],[7.1952,5.9049],[7.1914,5.9004],[7.1888,5.8995],[7.1649,5.9112],[7.1429,5.9185],[7.1189,5.9218],[7.1077,5.9262],[7.076,5.9304],[7.0602,5.9314],[7.053,5.9295],[7.0478,5.9272],[7.031,5.9121],[7.0255,5.9098],[7.0092,5.9077],[7.0031,5.9052],[6.9967,5.8991],[6.9795,5.8745],[6.956,5.8506],[6.9539,5.8455],[6.9484,5.8386],[6.9334,5.8304],[6.9089,5.8208],[6.9014,5.8168],[6.8915,5.8089],[6.8898,5.8063],[6.8855,5.7871],[6.8837,5.7541],[6.8795,5.7455],[6.8766,5.7441],[6.8723,5.7444],[6.8655,5.7479],[6.8488,5.7641],[6.8198,5.7835],[6.8107,5.7876],[6.8044,5.7861],[6.8008,5.7846],[6.794,5.7742],[6.7617,5.7578],[6.7514,5.7496],[6.7301,5.7507],[6.7143,5.7613],[6.6949,5.7462],[6.6913,5.6997],[6.6794,5.6958],[6.6689,5.6899],[6.6391,5.4934],[6.6527,5.4907],[6.7156,5.4891],[6.7333,5.4939],[6.7414,5.4941],[6.745,5.4845],[6.7499,5.4765],[6.7512,5.4648],[6.7437,5.4589],[6.7441,5.4491],[6.749,5.4388],[6.7533,5.4335],[6.7625,5.4102],[6.7581,5.3898],[6.7605,5.3534],[6.7576,5.3428],[6.7558,5.3235],[6.7707,5.3008],[6.8036,5.2693],[6.8271,5.2524],[6.8361,5.2499],[6.849,5.2498],[6.8664,5.2431],[6.8756,5.2379],[6.8876,5.2256],[6.904,5.2195],[6.9289,5.2265],[6.9598,5.2317],[6.9718,5.2362],[6.9865,5.2343],[6.9984,5.2392],[7.012,5.2424],[7.015,5.2419],[7.04,5.2496],[7.0531,5.2456],[7.0599,5.24],[7.0622,5.2405],[7.0838,5.229],[7.0873,5.2287],[7.1041,5.2215],[7.1227,5.2163],[7.1654,5.2123],[7.1743,5.2102],[7.1984,5.1998],[7.2101,5.1966],[7.2315,5.1946],[7.2421,5.1959],[7.2514,5.2019],[7.2561,5.2135],[7.2601,5.2133],[7.2643,5.2156]]]}},{"type":"Feature","properties":{"name":"Jigawa","code":"JI"},"geometry":{"type":"Polygon","coordinates":[[[8.2462,12.5944],[8.2563,12.5962],[8.2788,12.6046],[8.2886,12.5999],[8.2901,12.5888],[8.2946,12.5767],[8.3012,12.5361],[8.2971,12.5336],[8.3,12.5272],[8.3029,12.5282],[8.3111,12.5077],[8.3354,12.4992],[8.3547,12.4797],[8.3582,12.4379],[8.3656,12.4317],[8.3672,12.4357],[8.3769,12.4356],[8.3795,12.4424],[8.3849,12.4503],[8.3847,12.4572],[8.3874,12.4703],[8.3962,12.4726],[8.3979,12.4832],[8.4037,12.4887],[8.408,12.4959],[8.4102,12.5047],[8.4584,12.5869],[8.4887,12.6005],[8.4924,12.6019],[8.496,12.5944],[8.5077,12.5953],[8.532,12.6007],[8.556,12.6026],[8.5998,12.5971],[8.6112,12.5946],[8.6407,12.593],[8.6487,12.5835],[8.6457,12.5598],[8.6608,12.5589],[8.6832,12.5619],[8.6919,12.5722],[8.7191,12.5666],[8.73,12.5591],[8.7376,12.551],[8.7282,12.546],[8.7181,12.538],[8.7145,12.5235],[8.705,12.5025],[8.6971,12.4951],[8.6932,12.4946],[8.6875,12.4828],[8.6886,12.4685],[8.6989,12.4546],[8.6956,12.4428],[8.7049,12.4273],[8.7099,12.4159],[8.7295,12.4255],[8.7334,12.4234],[8.7387,12.4172],[8.7574,12.4213],[8.7638,12.4199],[8.774,12.4033],[8.7804,12.3871],[8.785,12.3926],[8.7951,12.3823],[8.783,12.3662],[8.78,12.3412],[8.7556,12.344],[8.7469,12.332],[8.7518,12.3286],[8.7402,12.3158],[8.734,12.3059],[8.7251,12.3055],[8.7235,12.2948],[8.7583,12.2934],[8.7611,12.2877],[8.7746,12.2754],[8.7879,12.2773],[8.816,12.302],[8.8251,12.3024],[8.8396,12.3082],[8.9099,12.301],[8.9115,12.2849],[8.9175,12.2663],[8.9205,12.2667],[8.9352,12.231],[8.9344,12.2146],[8.9438,12.2018],[8.9445,12.1961],[8.9522,12.1853],[8.9506,12.1686],[8.9432,12.1546],[8.942,12.1534],[8.9312,12.1552],[8.9305,12.1479],[8.9358,12.142],[8.9397,12.1323],[8.9386,12.1301],[8.939,12.1227],[8.9366,12.1191],[8.9384,12.1138],[8.9278,12.1104],[8.9252,12.0963],[8.915,12.0762],[8.9457,12.0723],[8.9488,12.0755],[8.9665,12.0826],[8.9725,12.0844],[8.978,12.0838],[8.9851,12.0798],[8.9885,12.0684],[8.996,12.0644],[9.0074,12.0627],[9.0137,12.0696],[9.0438,12.0757],[9.0466,12.074],[9.0741,12.0735],[9.0771,12.0596],[9.078,12.0462],[9.0815,12.0462],[9.0837,12.0386],[9.0828,12.0328],[9.0847,12.0274],[9.0983,12.0229],[9.1333,12.0353],[9.1443,12.0262],[9.1489,12.0194],[9.1519,12.0276],[9.1454,12.0416],[9.1477,12.0455],[9.1475,12.0482],[9.1528,12.0548],[9.1563,12.0675],[9.1819,12.0854],[9.1938,12.0846],[9.1987,12.0828],[9.2004,12.0683],[9.214,12.0541],[9.2203,12.0321],[9.224,12.0262],[9.228,12.0144],[9.223,11.9896],[9.201,11.9619],[9.207,11.9565],[9.2075,11.9463],[9.207,11.9242],[9.202,11.9047],[9.2266,11.9088],[9.23,11.8947],[9.2222,11.891],[9.2124,11.879],[9.2156,11.8756],[9.2123,11.8686],[9.206,11.8634],[9.1983,11.8612],[9.1957,11.8484],[9.1902,11.8376],[9.1871,11.8346],[9.174,11.8292],[9.1523,11.8295],[9.1439,11.8266],[9.1389,11.7937],[9.1416,11.7867],[9.1427,11.7728],[9.1482,11.7656],[9.1415,11.7594],[9.1529,11.7494],[9.1572,11.7415],[9.1574,11.7192],[9.1657,11.7066],[9.1712,11.7026],[9.1743,11.7028],[9.1826,11.7073],[9.1818,11.71],[9.1887,11.7128],[9.193,11.7206],[9.2025,11.7305],[9.2258,11.7357],[9.2489,11.6967],[9.2486,11.6902],[9.2437,11.6897],[9.2446,11.6785],[9.2339,11.6797],[9.233,11.6766],[9.2333,11.6731],[9.2352,11.6726],[9.2335,11.6631],[9.2376,11.6619],[9.2412,11.6571],[9.2414,11.6454],[9.2545,11.6427],[9.274,11.6441],[9.2778,11.6387],[9.2675,11.631],[9.2691,11.6271],[9.2819,11.6131],[9.3117,11.5888],[9.319,11.5806],[9.3274,11.5771],[9.3537,11.5725],[9.3603,11.5608],[9.3432,11.5317],[9.3305,11.5166],[9.2986,11.4987],[9.2908,11.5063],[9.2842,11.5026],[9.2762,11.4921],[9.2605,11.4761],[9.2525,11.4722],[9.2477,11.4573],[9.2349,11.4524],[9.2315,11.4495],[9.2276,11.4262],[9.2338,11.4197],[9.2334,11.4134],[9.2321,11.4125],[9.2325,11.4057],[9.2291,11.3966],[9.2249,11.3924],[9.2222,11.3738],[9.2084,11.358],[9.195,11.3266],[9.2114,11.3288],[9.2303,11.3352],[9.2871,11.3494],[9.291,11.3482],[9.2943,11.3394],[9.3038,11.3377],[9.3136,11.3462],[9.322,11.3394],[9.3239,11.341],[9.3232,11.3437],[9.3305,11.3399],[9.3301,11.3448],[9.3355,11.3405],[9.337,11.3414],[9.3378,11.3449],[9.3426,11.3407],[9.3461,11.3467],[9.3514,11.3432],[9.3796,11.3313],[9.398,11.3166],[9.4116,11.3],[9.4212,11.2988],[9.4262,11.295],[9.441,11.2932],[9.4452,11.2913],[9.4491,11.2874],[9.4641,11.2815],[9.4667,11.2836],[9.4712,11.2818],[9.4753,11.2846],[9.4753,11.2861],[9.4788,11.2865],[9.4975,11.2781],[9.5058,11.2899],[9.5052,11.2954],[9.5077,11.2977],[9.5075,11.302],[9.5083,11.3051],[9.5114,11.3079],[9.5118,11.3131],[9.5256,11.3165],[9.5379,11.3173],[9.559,11.3169],[9.5591,11.3155],[9.6094,11.3155],[9.6096,11.3091],[9.6073,11.3026],[9.6016,11.2983],[9.5984,11.2929],[9.597,11.2689],[9.5935,11.2572],[9.5956,11.2476],[9.6034,11.2434],[9.6259,11.2367],[9.6476,11.2341],[9.662,11.2284],[9.6676,11.2314],[9.6705,11.2273],[9.6706,11.2245],[9.6776,11.2213],[9.6841,11.2219],[9.6846,11.2241],[9.6865,11.2233],[9.6926,11.2269],[9.6949,11.2263],[9.6966,11.2287],[9.7011,11.2294],[9.7005,11.231],[9.7132,11.2299],[9.7139,11.2317],[9.7118,11.2323],[9.7122,11.2351],[9.7143,11.236],[9.7155,11.2447],[9.7209,11.2475],[9.7256,11.246],[9.7248,11.2476],[9.7267,11.2493],[9.7264,11.2509],[9.7396,11.2482],[9.7428,11.2493],[9.7455,11.2476],[9.7446,11.2472],[9.7455,11.2449],[9.7625,11.2458],[9.7653,11.2503],[9.7671,11.2504],[9.7676,11.2533],[9.7765,11.257],[9.7791,11.2616],[9.7828,11.2625],[9.7889,11.2607],[9.79,11.2634],[9.792,11.2634],[9.7943,11.2666],[9.7941,11.2703],[9.7982,11.2733],[9.8022,11.2739],[9.8108,11.2783],[9.8137,11.277],[9.8163,11.2786],[9.8199,11.2776],[9.8249,11.2796],[9.8419,11.2296],[9.8486,11.2277],[9.8615,11.1982],[9.872,11.1986],[9.8738,11.1966],[9.881,11.1961],[9.8787,11.194],[9.8783,11.1893],[9.8738,11.1868],[9.8827,11.1638],[9.8833,11.1473],[9.8781,11.1325],[9.8903,11.1066],[9.889,11.094],[9.8552,11.0765],[9.8529,11.0662],[9.8592,11.0555],[9.8543,11.0455],[9.8544,11.0374],[9.8593,11.0144],[9.8629,11.0064],[9.8689,10.9996],[9.874,10.9973],[9.8815,10.9893],[9.8904,10.991],[9.9292,10.9916],[9.9671,10.9708],[9.9855,10.9582],[10.0063,10.9557],[10.0103,10.9701],[10.0254,10.9729],[10.0462,10.9659],[10.0603,10.97],[10.088,10.99],[10.1119,10.9922],[10.1112,10.9626],[10.1199,10.9542],[10.134,10.9475],[10.1481,10.9454],[10.1511,10.9472],[10.1563,10.9443],[10.1634,10.9444],[10.1727,10.9422],[10.1868,10.9447],[10.1914,10.9482],[10.2203,10.9468],[10.2215,10.9537],[10.2043,10.9755],[10.1953,10.9818],[10.1845,10.986],[10.1691,10.9888],[10.1556,11.0056],[10.1536,11.0136],[10.1618,11.0297],[10.1588,11.0327],[10.1666,11.0479],[10.1688,11.0581],[10.1716,11.0615],[10.1748,11.0628],[10.1788,11.0702],[10.1892,11.0817],[10.2098,11.0923],[10.2185,11.0947],[10.2263,11.0943],[10.2314,11.0895],[10.2481,11.0793],[10.2507,11.0817],[10.258,11.0831],[10.2638,11.0865],[10.2696,11.088],[10.2717,11.094],[10.2705,11.0982],[10.2744,11.1015],[10.2773,11.1071],[10.2852,11.1041],[10.2917,11.1223],[10.3024,11.12],[10.3068,11.122],[10.3135,11.1305],[10.3167,11.1304],[10.3258,11.1248],[10.3299,11.1258],[10.3319,11.1218],[10.3312,11.1187],[10.3323,11.1174],[10.334,11.1181],[10.3385,11.1306],[10.3357,11.1434],[10.3403,11.1526],[10.3461,11.1596],[10.3464,11.1628],[10.3646,11.1794],[10.3634,11.1875],[10.3667,11.2025],[10.3655,11.2059],[10.3585,11.2081],[10.3468,11.208],[10.3222,11.2042],[10.2988,11.2058],[10.2795,11.2032],[10.2533,11.2153],[10.2506,11.2195],[10.2353,11.2239],[10.2131,11.2271],[10.2,11.2261],[10.1897,11.2222],[10.1756,11.2243],[10.165,11.2277],[10.1592,11.2311],[10.1518,11.2391],[10.1457,11.241],[10.1365,11.2362],[10.1298,11.2379],[10.1199,11.2374],[10.1221,11.247],[10.1082,11.2536],[10.0905,11.2671],[10.0842,11.2697],[10.0628,11.2661],[10.0277,11.2652],[10.0119,11.2614],[9.9985,11.2646],[9.9915,11.2702],[9.9772,11.2772],[9.9695,11.2788],[9.9683,11.283],[9.9646,11.2818],[9.9577,11.2863],[9.9484,11.2963],[9.9415,11.3139],[9.913,11.3164],[9.9119,11.3183],[9.9137,11.3199],[9.9183,11.3474],[9.9035,11.3475],[9.8826,11.359],[9.8835,11.3676],[9.8857,11.3703],[9.8895,11.3714],[9.8884,11.381],[9.8845,11.3813],[9.88,11.3889],[9.8851,11.3963],[9.8856,11.4064],[9.8762,11.4154],[9.8761,11.4234],[9.8801,11.4355],[9.8769,11.4459],[9.878,11.4485],[9.8748,11.4527],[9.8689,11.4583],[9.8646,11.4584],[9.8557,11.466],[9.8014,11.4434],[9.7847,11.4682],[9.7865,11.4822],[9.784,11.4913],[9.7879,11.5047],[9.7921,11.5065],[9.8056,11.5214],[9.8154,11.5293],[9.8297,11.5378],[9.8308,11.5403],[9.8196,11.5799],[9.8295,11.5881],[9.8349,11.5989],[9.8172,11.6041],[9.8228,11.6134],[9.8215,11.6157],[9.8197,11.6159],[9.8187,11.6196],[9.8136,11.6192],[9.8115,11.6208],[9.8107,11.6248],[9.8125,11.6276],[9.8259,11.6268],[9.8282,11.6347],[9.8257,11.6484],[9.8221,11.6576],[9.8208,11.6716],[9.8278,11.6824],[9.8306,11.6846],[9.8278,11.6923],[9.802,11.6915],[9.7843,11.7239],[9.7848,11.7272],[9.7796,11.7365],[9.7126,11.7209],[9.7037,11.7207],[9.6924,11.7222],[9.6849,11.7253],[9.6612,11.7271],[9.6397,11.733],[9.632,11.7385],[9.6321,11.7405],[9.6342,11.7415],[9.6307,11.7424],[9.6307,11.7395],[9.6285,11.7392],[9.627,11.7411],[9.6234,11.7412],[9.6233,11.744],[9.6191,11.7455],[9.6201,11.7537],[9.6209,11.7545],[9.6232,11.753],[9.6257,11.7574],[9.6269,11.7558],[9.6281,11.7584],[9.6256,11.7593],[9.6258,11.7614],[9.6288,11.7593],[9.6304,11.7638],[9.6351,11.7673],[9.6345,11.7702],[9.6363,11.7701],[9.6401,11.7725],[9.6399,11.7742],[9.6431,11.775],[9.6432,11.7765],[9.6407,11.7779],[9.6414,11.7787],[9.645,11.7797],[9.6476,11.7775],[9.6515,11.779],[9.6555,11.7781],[9.6583,11.7811],[9.6612,11.7809],[9.6623,11.7835],[9.6695,11.7843],[9.6731,11.7922],[9.6761,11.8131],[9.6778,11.8432],[9.6735,11.8471],[9.6738,11.8593],[9.6826,11.8668],[9.6862,11.8679],[9.6882,11.8657],[9.6878,11.8642],[9.6906,11.864],[9.6953,11.8589],[9.6992,11.8603],[9.7031,11.8587],[9.7018,11.855],[9.7039,11.8511],[9.7065,11.8517],[9.7079,11.8499],[9.7316,11.8579],[9.7476,11.8611],[9.7499,11.864],[9.7536,11.8625],[9.763,11.8678],[9.7778,11.8726],[9.7805,11.8722],[9.7823,11.8746],[9.7871,11.8745],[9.7903,11.8785],[9.8002,11.8801],[9.804,11.8824],[9.8087,11.882],[9.8162,11.8867],[9.8335,11.8904],[9.873,11.9231],[9.8827,11.9332],[9.8888,11.9366],[9.8916,11.9354],[9.9005,11.9381],[9.9087,11.9432],[9.9234,11.9438],[9.9236,11.9467],[9.9263,11.9479],[9.9267,11.9497],[9.9304,11.9501],[9.9315,11.9518],[9.9337,11.9496],[9.9345,11.952],[9.9397,11.9508],[9.9414,11.9536],[9.9503,11.9552],[9.9517,11.956],[9.9515,11.9578],[9.9597,11.9604],[9.9605,11.9551],[9.9627,11.9539],[9.9678,11.9544],[9.9712,11.9626],[9.9733,11.9641],[9.9763,11.9627],[9.984,11.9702],[9.9966,11.9751],[10.0122,11.979],[10.0167,11.9827],[10.0201,11.9836],[10.0237,11.9805],[10.0312,11.9787],[10.0372,11.9746],[10.0379,11.9762],[10.0413,11.9763],[10.0446,11.9811],[10.0458,11.9801],[10.0461,11.9813],[10.0481,11.9812],[10.0476,11.9775],[10.051,11.979],[10.054,11.9781],[10.0537,11.9809],[10.0577,11.9853],[10.0613,11.9863],[10.0634,11.9836],[10.0664,11.9836],[10.067,11.985],[10.0636,11.9863],[10.0653,11.9884],[10.0646,11.9893],[10.0671,11.9899],[10.0682,11.9878],[10.0701,11.9886],[10.0695,11.9919],[10.0748,11.9938],[10.0773,11.9921],[10.0789,11.9984],[10.0802,11.9973],[10.0797,11.9953],[10.0821,11.9975],[10.0848,11.9969],[10.0866,11.9917],[10.0891,11.9922],[10.0904,11.9953],[10.0927,11.9942],[10.0954,11.9997],[10.092,12.0027],[10.092,12.006],[10.0971,12.0121],[10.0959,12.0144],[10.0966,12.0187],[10.1004,12.0164],[10.1047,12.0171],[10.1055,12.0155],[10.1087,12.0155],[10.1098,12.0139],[10.1119,12.0149],[10.1133,12.0135],[10.1182,12.0133],[10.121,12.0152],[10.1246,12.0144],[10.1272,12.0161],[10.1249,12.0171],[10.1253,12.0184],[10.1303,12.0186],[10.1314,12.0199],[10.1321,12.0214],[10.1294,12.0244],[10.132,12.0282],[10.1344,12.0283],[10.1359,12.0254],[10.1391,12.0233],[10.1428,12.0246],[10.1447,12.0275],[10.1453,12.0252],[10.155,12.0233],[10.1577,12.0275],[10.1568,12.0302],[10.1591,12.031],[10.1623,12.0367],[10.1649,12.0369],[10.1621,12.0397],[10.1624,12.0417],[10.1646,12.0424],[10.1672,12.0407],[10.1745,12.0395],[10.1763,12.0427],[10.1749,12.0462],[10.1707,12.0485],[10.1689,12.0515],[10.1663,12.0503],[10.1657,12.054],[10.1683,12.0579],[10.1626,12.0657],[10.1525,12.0899],[10.1528,12.1024],[10.1568,12.1197],[10.1573,12.1294],[10.164,12.139],[10.1658,12.1511],[10.1704,12.165],[10.1622,12.1832],[10.1515,12.2023],[10.1475,12.2382],[10.175,12.2734],[10.1798,12.288],[10.1962,12.311],[10.1994,12.3135],[10.2023,12.3116],[10.2066,12.3119],[10.2055,12.3142],[10.2062,12.3193],[10.2036,12.3168],[10.202,12.3172],[10.2045,12.3243],[10.1964,12.3213],[10.1975,12.3247],[10.195,12.3281],[10.1989,12.3306],[10.2017,12.3361],[10.2012,12.3419],[10.2077,12.3542],[10.2096,12.3557],[10.2205,12.3563],[10.2258,12.364],[10.2266,12.3686],[10.2429,12.3799],[10.2541,12.391],[10.225,12.4339],[10.2405,12.434],[10.2581,12.4596],[10.2881,12.4555],[10.3027,12.4486],[10.3257,12.4428],[10.3392,12.4413],[10.3443,12.4447],[10.3477,12.4449],[10.3498,12.4434],[10.3522,12.4452],[10.3578,12.4459],[10.3632,12.4521],[10.3812,12.4637],[10.3939,12.4652],[10.411,12.4595],[10.4208,12.4589],[10.4296,12.456],[10.4333,12.4433],[10.4378,12.4409],[10.4473,12.4393],[10.4589,12.4407],[10.5125,12.4684],[10.5157,12.4682],[10.539,12.4778],[10.5546,12.4808],[10.5547,12.4725],[10.5577,12.4671],[10.5626,12.471],[10.5701,12.4699],[10.5726,12.4771],[10.5758,12.4748],[10.5786,12.4752],[10.5812,12.4769],[10.5838,12.4817],[10.5908,12.4823],[10.5949,12.4856],[10.6017,12.4851],[10.6032,12.4871],[10.6025,12.4883],[10.6056,12.489],[10.5905,12.5049],[10.5929,12.5101],[10.5949,12.5113],[10.6047,12.5107],[10.6052,12.5117],[10.6056,12.5146],[10.6044,12.515],[10.5987,12.5142],[10.5917,12.5162],[10.5912,12.5184],[10.5925,12.5198],[10.5952,12.521],[10.597,12.5202],[10.5982,12.522],[10.5977,12.5239],[10.5941,12.5255],[10.5897,12.5257],[10.5891,12.5279],[10.5924,12.5327],[10.5982,12.5342],[10.5981,12.5376],[10.5943,12.5402],[10.5891,12.5371],[10.586,12.5386],[10.587,12.5425],[10.5954,12.5522],[10.5946,12.5587],[10.5993,12.5583],[10.6026,12.5626],[10.6019,12.5647],[10.5878,12.5658],[10.5854,12.5699],[10.5932,12.5822],[10.5921,12.5888],[10.5965,12.5908],[10.5965,12.6169],[10.5888,12.6422],[10.581,12.6478],[10.5827,12.6539],[10.5823,12.6597],[10.5837,12.6615],[10.5868,12.6636],[10.5963,12.6633],[10.6001,12.6952],[10.5938,12.6986],[10.5934,12.7003],[10.5986,12.7031],[10.5986,12.7061],[10.5841,12.7114],[10.5807,12.7361],[10.5764,12.7453],[10.573,12.7615],[10.5687,12.7857],[10.569,12.794],[10.5657,12.7944],[10.5638,12.7972],[10.5609,12.798],[10.5581,12.8095],[10.5531,12.8111],[10.5501,12.8137],[10.5463,12.8193],[10.5467,12.8206],[10.5435,12.8196],[10.5377,12.8236],[10.5301,12.8166],[10.5274,12.817],[10.5266,12.8197],[10.5248,12.8176],[10.5128,12.8196],[10.5039,12.8141],[10.4951,12.8159],[10.4938,12.8148],[10.4946,12.8108],[10.502,12.8093],[10.503,12.807],[10.4997,12.8038],[10.4827,12.7989],[10.4807,12.7914],[10.4752,12.79],[10.465,12.7991],[10.4502,12.807],[10.4332,12.8199],[10.4194,12.8246],[10.4096,12.8305],[10.3854,12.8411],[10.331,12.8473],[10.3253,12.8115],[10.3149,12.8145],[10.2982,12.8171],[10.2905,12.8155],[10.2955,12.8355],[10.3038,12.8554],[10.3047,12.8611],[10.2901,12.8755],[10.289,12.9056],[10.2719,12.9176],[10.2741,12.9345],[10.2707,12.9389],[10.2704,12.9448],[10.264,12.9548],[10.2773,12.9584],[10.2834,12.9621],[10.2846,12.9643],[10.282,12.9794],[10.2654,12.9836],[10.2637,12.9853],[10.2603,12.9975],[10.2347,13.0088],[10.2265,13.0069],[10.2243,13.0148],[10.2029,13.0082],[10.1744,13.0022],[10.1546,12.9933],[10.149,12.9876],[10.1438,12.9867],[10.1399,12.9892],[10.1364,12.9894],[10.1178,12.9846],[10.0986,12.9855],[10.1037,12.9663],[10.0973,12.9664],[10.0887,12.9836],[10.0637,12.9778],[10.0569,12.974],[10.0609,12.9657],[10.0512,12.9528],[10.039,12.9617],[10.0321,12.9652],[10.0291,12.9651],[10.0192,12.9638],[10.0062,12.9571],[9.997,12.9556],[9.988,12.9564],[9.9644,12.9444],[9.9537,12.936],[9.9431,12.9112],[9.9297,12.9185],[9.911,12.8775],[9.9177,12.8723],[9.9154,12.8634],[9.9102,12.8585],[9.8997,12.8551],[9.8964,12.8527],[9.8582,12.8202],[9.8162,12.8075],[9.7974,12.8097],[9.7929,12.8145],[9.787,12.8144],[9.7853,12.8127],[9.7868,12.8042],[9.7856,12.7991],[9.7809,12.8004],[9.7774,12.8042],[9.7777,12.7993],[9.7652,12.7962],[9.7483,12.7982],[9.7143,12.8102],[9.714,12.8139],[9.7112,12.814],[9.7048,12.8226],[9.6807,12.8209],[9.662,12.8338],[9.6349,12.8024],[9.5566,12.8131],[9.5364,12.8111],[9.4754,12.8137],[9.4308,12.8231],[9.3804,12.8223],[9.3667,12.8208],[9.1933,12.8328],[9.1855,12.8344],[9.1289,12.8331],[9.0891,12.8352],[9.0817,12.8342],[9.0575,12.8452],[9.0409,12.8461],[9.0473,12.8162],[9.015,12.8091],[8.9829,12.8068],[8.9713,12.7851],[8.97,12.7756],[8.9513,12.7381],[8.9232,12.7071],[8.9084,12.702],[8.8835,12.6961],[8.8646,12.669],[8.8505,12.6788],[8.8479,12.6753],[8.831,12.6704],[8.8297,12.6705],[8.8286,12.6759],[8.8239,12.6744],[8.8047,12.6731],[8.7593,12.6739],[8.7524,12.6727],[8.7448,12.6667],[8.7229,12.6699],[8.7228,12.6827],[8.7124,12.6806],[8.7012,12.687],[8.688,12.6882],[8.6836,12.708],[8.6781,12.7126],[8.6767,12.7159],[8.6686,12.7195],[8.6639,12.7258],[8.651,12.7276],[8.6518,12.7331],[8.6363,12.7373],[8.6038,12.7373],[8.5944,12.7662],[8.5931,12.7773],[8.5882,12.7944],[8.5871,12.8027],[8.5891,12.8086],[8.574,12.8205],[8.5639,12.8253],[8.5632,12.8341],[8.5522,12.8318],[8.5021,12.8338],[8.4853,12.832],[8.4698,12.8281],[8.4592,12.8219],[8.4441,12.8161],[8.4354,12.8152],[8.4229,12.8209],[8.3984,12.8259],[8.3706,12.8255],[8.3608,12.8241],[8.3524,12.8255],[8.3375,12.836],[8.2923,12.8291],[8.2606,12.8301],[8.245,12.8279],[8.2421,12.8261],[8.2301,12.8262],[8.211,12.8175],[8.1925,12.8157],[8.1789,12.8113],[8.1521,12.8186],[8.1278,12.8011],[8.1279,12.7968],[8.1523,12.7968],[8.1629,12.7639],[8.1671,12.7567],[8.1721,12.7511],[8.1802,12.7561],[8.182,12.7503],[8.1792,12.7485],[8.1851,12.7325],[8.1668,12.729],[8.1445,12.7213],[8.1433,12.7153],[8.1539,12.6906],[8.16,12.684],[8.1604,12.6671],[8.1532,12.6554],[8.1821,12.6518],[8.1835,12.6352],[8.1853,12.6299],[8.1904,12.6287],[8.1904,12.624],[8.2035,12.6216],[8.2305,12.6125],[8.237,12.609],[8.2462,12.5944]]]}},{"type":"Feature","properties":{"name":"Kaduna","code":"KD"},"geometry":{"type":"Polygon","coordinates":[[[7.7241,9.3293],[7.7312,9.3261],[7.7639,9.2959],[7.7929,9.2756],[7.8084,9.2728],[7.8268,9.2764],[7.8725,9.29],[7.8974,9.3059],[7.9191,9.3174],[7.9406,9.3142],[7.9839,9.2979],[7.9967,9.2947],[8.0149,9.2849],[8.0609,9.2658],[8.0781,9.2463],[8.0872,9.2307],[8.0708,9.1546],[8.0616,9.0521],[8.0991,9.0397],[8.1376,9.0362],[8.1919,9.0524],[8.2328,9.1048],[8.2535,9.1472],[8.2584,9.1829],[8.2851,9.1849],[8.3009,9.1885],[8.3088,9.1864],[8.3185,9.1804],[8.3283,9.1811],[8.334,9.1851],[8.3381,9.1924],[8.3433,9.1945],[8.3646,9.1814],[8.3873,9.1757],[8.3955,9.162],[8.4184,9.1399],[8.4308,9.1258],[8.4466,9.1126],[8.4739,9.073],[8.4766,9.0554],[8.4907,9.0377],[8.4986,9.0113],[8.5043,9.0014],[8.514,9.0007],[8.5333,9.0044],[8.5476,9.0142],[8.5541,9.0204],[8.5576,9.0259],[8.5621,9.0267],[8.5622,9.0302],[8.564,9.0327],[8.5763,9.0344],[8.5758,9.042],[8.5696,9.044],[8.5677,9.0495],[8.564,9.0522],[8.5668,9.0608],[8.5707,9.0633],[8.5936,9.0906],[8.6207,9.1149],[8.6303,9.137],[8.6498,9.1731],[8.6548,9.1873],[8.6578,9.2077],[8.679,9.2753],[8.6844,9.2833],[8.6875,9.2989],[8.6927,9.3126],[8.6981,9.3206],[8.6942,9.3223],[8.6914,9.3396],[8.6894,9.3414],[8.6907,9.355],[8.6959,9.3687],[8.6954,9.3784],[8.6873,9.3877],[8.6695,9.3965],[8.6649,9.3932],[8.6484,9.3956],[8.6382,9.4067],[8.6318,9.4199],[8.6279,9.4217],[8.6237,9.4292],[8.6177,9.4348],[8.6076,9.464],[8.6024,9.4727],[8.6027,9.4825],[8.5882,9.4893],[8.5801,9.4956],[8.5778,9.4992],[8.5743,9.5137],[8.5685,9.5197],[8.5563,9.5537],[8.5536,9.569],[8.555,9.5806],[8.5659,9.5966],[8.567,9.614],[8.5656,9.6243],[8.5704,9.64],[8.5778,9.6564],[8.5852,9.6644],[8.5801,9.6727],[8.5816,9.6758],[8.599,9.6787],[8.6019,9.6907],[8.6019,9.7061],[8.5989,9.7279],[8.6106,9.7413],[8.6155,9.7424],[8.6168,9.7448],[8.6336,9.7546],[8.6439,9.7754],[8.6425,9.8108],[8.6439,9.8347],[8.6393,9.8558],[8.6347,9.8668],[8.6381,9.8857],[8.6466,9.9052],[8.6649,9.9639],[8.6799,10.0051],[8.6723,10.0817],[8.6717,10.1246],[8.6732,10.1376],[8.672,10.1462],[8.6809,10.177],[8.6861,10.2112],[8.7125,10.2303],[8.7287,10.2483],[8.7343,10.2751],[8.7386,10.278],[8.7496,10.2809],[8.7573,10.2801],[8.7634,10.2814],[8.7692,10.2852],[8.7907,10.2935],[8.7993,10.3029],[8.7993,10.3229],[8.8011,10.3385],[8.804,10.3454],[8.8051,10.3556],[8.8183,10.3804],[8.8131,10.3798],[8.8103,10.3812],[8.8089,10.3863],[8.8053,10.3881],[8.8076,10.3921],[8.8066,10.3932],[8.8037,10.3928],[8.7979,10.3989],[8.7955,10.3994],[8.7983,10.4017],[8.7969,10.403],[8.7937,10.4024],[8.7931,10.4107],[8.7823,10.4242],[8.778,10.4242],[8.7702,10.4281],[8.7673,10.4277],[8.765,10.4317],[8.7576,10.435],[8.7552,10.4391],[8.7492,10.4407],[8.7494,10.4452],[8.7528,10.4546],[8.7583,10.4579],[8.7767,10.4795],[8.7761,10.4963],[8.7731,10.5045],[8.7737,10.5138],[8.7753,10.5191],[8.7821,10.5259],[8.7843,10.5433],[8.7931,10.5655],[8.7832,10.597],[8.7792,10.5981],[8.7706,10.5873],[8.7604,10.5819],[8.7585,10.5731],[8.7497,10.565],[8.736,10.5609],[8.7111,10.5434],[8.7035,10.5493],[8.6664,10.5933],[8.6496,10.6241],[8.6439,10.6305],[8.6388,10.6305],[8.6156,10.6398],[8.5936,10.6451],[8.5827,10.6413],[8.5539,10.6362],[8.5437,10.6318],[8.5345,10.6327],[8.5226,10.6376],[8.519,10.6417],[8.5142,10.6433],[8.5063,10.6505],[8.5074,10.6559],[8.501,10.6605],[8.4982,10.6647],[8.4974,10.6798],[8.4898,10.6974],[8.4897,10.7029],[8.484,10.7093],[8.4812,10.7159],[8.5014,10.7258],[8.5206,10.7314],[8.5394,10.7334],[8.5716,10.7483],[8.5729,10.7737],[8.5628,10.7783],[8.5593,10.7846],[8.5587,10.7892],[8.5625,10.7965],[8.5631,10.8165],[8.5692,10.8174],[8.567,10.8272],[8.57,10.8282],[8.575,10.8271],[8.5739,10.8421],[8.5815,10.8589],[8.585,10.8615],[8.5837,10.888],[8.5808,10.9017],[8.578,10.9074],[8.5685,10.9075],[8.5736,10.929],[8.5813,10.942],[8.5866,10.9574],[8.5885,10.9679],[8.5971,10.9892],[8.599,11.0021],[8.6148,11.0177],[8.6099,11.0403],[8.6073,11.0712],[8.5946,11.0825],[8.5899,11.0821],[8.5896,11.0849],[8.5741,11.0928],[8.5592,11.0998],[8.5465,11.1025],[8.534,11.1073],[8.5196,11.1149],[8.506,11.1322],[8.5099,11.1512],[8.5187,11.1623],[8.5146,11.163],[8.509,11.1586],[8.5061,11.1582],[8.5021,11.1589],[8.4976,11.1626],[8.4834,11.1616],[8.4701,11.1693],[8.4669,11.1681],[8.4647,11.1696],[8.4619,11.1718],[8.4575,11.1841],[8.4472,11.204],[8.4378,11.21],[8.4379,11.2168],[8.4338,11.2266],[8.428,11.2291],[8.4151,11.2306],[8.4029,11.2279],[8.3593,11.2266],[8.3362,11.2333],[8.334,11.2295],[8.3252,11.2272],[8.3082,11.2354],[8.2979,11.2342],[8.294,11.2425],[8.2937,11.2495],[8.291,11.2524],[8.2917,11.256],[8.2878,11.2589],[8.2861,11.2682],[8.278,11.2749],[8.2766,11.2778],[8.2742,11.2779],[8.2731,11.2765],[8.2661,11.2774],[8.2607,11.2763],[8.2573,11.2797],[8.2547,11.2958],[8.2563,11.3012],[8.26,11.3042],[8.2644,11.3132],[8.2586,11.3129],[8.2557,11.315],[8.2488,11.3257],[8.2374,11.3271],[8.2268,11.3259],[8.2068,11.3187],[8.2002,11.3244],[8.1874,11.3406],[8.1674,11.3543],[8.1652,11.363],[8.1488,11.3734],[8.1499,11.3754],[8.1229,11.3867],[8.1223,11.3917],[8.1137,11.4085],[8.1286,11.4113],[8.1406,11.4163],[8.1433,11.4203],[8.1404,11.4568],[8.1539,11.4774],[8.1525,11.489],[8.1617,11.4972],[8.1618,11.5055],[8.1501,11.5192],[8.121,11.5202],[8.114,11.5223],[8.11,11.5209],[8.1069,11.5237],[8.103,11.5227],[8.1015,11.524],[8.0976,11.5201],[8.0866,11.5174],[8.0835,11.5138],[8.0819,11.5055],[8.0735,11.5046],[8.0672,11.5004],[8.0619,11.5009],[8.0607,11.4977],[8.0568,11.4967],[8.0544,11.4905],[8.047,11.4865],[8.0447,11.4879],[8.0402,11.4872],[8.0391,11.4917],[8.0303,11.4941],[8.0225,11.4888],[8.0123,11.4918],[8.0091,11.4908],[8.0009,11.4921],[7.9995,11.4896],[7.9976,11.4893],[7.9957,11.4916],[7.9948,11.4869],[7.991,11.4876],[7.9886,11.4847],[7.9825,11.483],[7.9802,11.4843],[7.9787,11.4833],[7.9779,11.479],[7.9684,11.4787],[7.9627,11.4714],[7.9569,11.4676],[7.954,11.4662],[7.9487,11.4662],[7.9448,11.4644],[7.945,11.4631],[7.9425,11.4632],[7.9419,11.4597],[7.9314,11.4533],[7.9302,11.4484],[7.9177,11.4401],[7.9168,11.4353],[7.9094,11.4335],[7.9069,11.4314],[7.9033,11.4323],[7.8986,11.4311],[7.8968,11.4277],[7.8938,11.4272],[7.8931,11.4242],[7.8966,11.4189],[7.8891,11.4052],[7.8827,11.3995],[7.8823,11.3951],[7.879,11.3919],[7.8789,11.3862],[7.866,11.3818],[7.8571,11.3855],[7.8558,11.3781],[7.8359,11.3774],[7.8329,11.3719],[7.8268,11.3696],[7.8214,11.3735],[7.8195,11.3722],[7.8135,11.3785],[7.8113,11.3792],[7.8062,11.3775],[7.8055,11.3717],[7.8016,11.3736],[7.8005,11.3767],[7.7984,11.3767],[7.789,11.3599],[7.7831,11.3611],[7.7775,11.3649],[7.7792,11.366],[7.7755,11.3702],[7.7755,11.3749],[7.7694,11.3791],[7.7648,11.3793],[7.76,11.3754],[7.7571,11.3771],[7.7548,11.3724],[7.7507,11.3714],[7.7416,11.3683],[7.7301,11.3716],[7.7205,11.3697],[7.7177,11.3646],[7.7133,11.3484],[7.718,11.3368],[7.7165,11.3361],[7.7212,11.325],[7.7171,11.3225],[7.7187,11.3213],[7.7157,11.318],[7.7084,11.3158],[7.7077,11.3183],[7.7066,11.3181],[7.7062,11.31],[7.6898,11.3088],[7.6835,11.3097],[7.6845,11.3063],[7.6753,11.3062],[7.6688,11.2969],[7.6643,11.3],[7.664,11.2975],[7.658,11.293],[7.6538,11.292],[7.6517,11.293],[7.6479,11.29],[7.631,11.2849],[7.6075,11.2718],[7.574,11.3191],[7.5622,11.3232],[7.5509,11.3314],[7.5383,11.3345],[7.5299,11.3392],[7.5217,11.3404],[7.5219,11.3535],[7.5203,11.3616],[7.5056,11.3565],[7.4964,11.3516],[7.4895,11.3522],[7.483,11.3576],[7.4725,11.376],[7.4677,11.3777],[7.4544,11.3784],[7.4276,11.374],[7.4055,11.3753],[7.3979,11.378],[7.3923,11.3748],[7.3806,11.3494],[7.3701,11.3332],[7.3643,11.3113],[7.3646,11.2903],[7.3578,11.2643],[7.3412,11.2624],[7.3202,11.2651],[7.2976,11.2736],[7.2896,11.2843],[7.284,11.2755],[7.2733,11.2744],[7.2657,11.2781],[7.2605,11.2785],[7.2527,11.2729],[7.2496,11.2729],[7.2274,11.2786],[7.2221,11.2761],[7.2151,11.27],[7.21,11.2611],[7.1948,11.2576],[7.1953,11.2522],[7.199,11.2434],[7.2006,11.2285],[7.2027,11.2222],[7.2114,11.2024],[7.2185,11.1999],[7.2197,11.1942],[7.2065,11.1856],[7.2001,11.1732],[7.2003,11.1517],[7.173,11.1349],[7.1521,11.1288],[7.1443,11.1301],[7.1293,11.1382],[7.1234,11.145],[7.1187,11.1561],[7.0958,11.1695],[7.0899,11.1748],[7.0846,11.181],[7.0767,11.1953],[7.069,11.2033],[7.0614,11.2078],[7.0584,11.2003],[7.0469,11.2048],[7.0402,11.2048],[7.0255,11.2096],[6.9991,11.2268],[6.9757,11.239],[6.9677,11.2452],[6.9724,11.2556],[6.9841,11.2706],[6.997,11.2811],[7.0087,11.2938],[7.0076,11.311],[7.0096,11.3309],[7.0082,11.3408],[7.0099,11.3474],[7.0134,11.346],[7.0136,11.3492],[7.0062,11.3618],[6.9885,11.3607],[6.9755,11.3574],[6.9613,11.3588],[6.9496,11.3659],[6.9403,11.3742],[6.9345,11.3754],[6.9193,11.3849],[6.898,11.3841],[6.8977,11.3813],[6.8894,11.3836],[6.8779,11.3662],[6.8445,11.3604],[6.8329,11.352],[6.8334,11.3374],[6.8353,11.3288],[6.8399,11.3189],[6.8362,11.3161],[6.8357,11.31],[6.8295,11.3072],[6.8251,11.308],[6.8225,11.3107],[6.8195,11.3084],[6.8153,11.3081],[6.7871,11.3198],[6.774,11.3224],[6.7706,11.3201],[6.7679,11.3082],[6.7665,11.2969],[6.7668,11.2722],[6.7643,11.2673],[6.7606,11.2671],[6.7584,11.2634],[6.7305,11.2582],[6.7112,11.2492],[6.7034,11.239],[6.6928,11.2163],[6.6891,11.2036],[6.6861,11.1794],[6.685,11.1515],[6.6882,11.1279],[6.6909,11.1209],[6.6986,11.114],[6.7142,11.111],[6.716,11.1062],[6.707,11.0943],[6.7009,11.0966],[6.696,11.0936],[6.6874,11.0917],[6.6811,11.0811],[6.683,11.065],[6.6768,11.0573],[6.6753,11.0564],[6.6686,11.0628],[6.6638,11.0615],[6.6638,11.0556],[6.662,11.0547],[6.6608,11.0558],[6.6565,11.052],[6.6464,11.0493],[6.6442,11.0488],[6.643,11.0506],[6.6272,11.0481],[6.6242,11.0491],[6.6227,11.047],[6.6032,11.046],[6.5998,11.0447],[6.5988,11.0413],[6.5876,11.0309],[6.5859,11.025],[6.5846,11.0239],[6.5781,11.0253],[6.5773,11.0216],[6.572,11.0221],[6.5722,11.0245],[6.5516,11.0418],[6.5334,11.0479],[6.5108,11.0437],[6.4886,11.0327],[6.4791,11.0295],[6.4582,11.0159],[6.437,11.0076],[6.4318,11.0075],[6.4271,11.0095],[6.4263,11.0127],[6.4216,11.0178],[6.419,11.0277],[6.4113,11.0311],[6.4069,11.0289],[6.4037,11.0329],[6.3956,11.0318],[6.3916,11.0338],[6.3865,11.0322],[6.3825,11.0326],[6.3783,11.0305],[6.3749,11.031],[6.3718,11.0247],[6.3648,11.0177],[6.3538,11.0223],[6.3468,11.0222],[6.3442,11.0242],[6.3409,11.0211],[6.3383,11.021],[6.3347,11.0247],[6.3286,11.0271],[6.3224,11.0241],[6.322,11.0214],[6.3262,11.0227],[6.3274,11.0196],[6.3243,11.0177],[6.3222,11.0117],[6.3201,11.0102],[6.3131,11.0104],[6.3009,10.9991],[6.3014,10.9941],[6.2964,10.9926],[6.2927,10.9853],[6.2875,10.9794],[6.287,10.9752],[6.2832,10.9746],[6.2831,10.9684],[6.2802,10.9636],[6.2665,10.9661],[6.2654,10.9636],[6.2623,10.9629],[6.2608,10.9595],[6.2544,10.9554],[6.251,10.9483],[6.2482,10.9486],[6.2418,10.9453],[6.2375,10.9453],[6.2321,10.9332],[6.234,10.9266],[6.233,10.9221],[6.2178,10.9051],[6.2092,10.9018],[6.1646,10.8931],[6.1578,10.8851],[6.164,10.8682],[6.1624,10.8656],[6.1637,10.86],[6.1628,10.8561],[6.1606,10.854],[6.1567,10.8528],[6.1541,10.8547],[6.1488,10.855],[6.1226,10.8449],[6.122,10.8361],[6.1304,10.8339],[6.1364,10.8253],[6.1303,10.818],[6.1268,10.8186],[6.1223,10.815],[6.1126,10.8139],[6.1135,10.8052],[6.1112,10.7997],[6.1101,10.7897],[6.1057,10.7775],[6.102,10.7747],[6.1039,10.7695],[6.1131,10.7602],[6.111,10.7499],[6.1165,10.7429],[6.1167,10.7403],[6.1116,10.7361],[6.1106,10.7319],[6.1071,10.7277],[6.1073,10.721],[6.1037,10.7162],[6.0938,10.7106],[6.0944,10.7055],[6.0928,10.699],[6.0969,10.6982],[6.0989,10.7017],[6.1075,10.7018],[6.1119,10.7004],[6.1164,10.6942],[6.1142,10.6919],[6.1176,10.6868],[6.1258,10.6853],[6.1326,10.679],[6.1372,10.6792],[6.141,10.6732],[6.1402,10.6705],[6.1331,10.6674],[6.1331,10.6605],[6.1305,10.6577],[6.1308,10.646],[6.127,10.6386],[6.1275,10.6344],[6.1234,10.6322],[6.1214,10.6286],[6.1147,10.6068],[6.1171,10.6021],[6.1275,10.5963],[6.134,10.5901],[6.1299,10.5777],[6.1287,10.5688],[6.1254,10.5616],[6.1257,10.5567],[6.12,10.5501],[6.1144,10.5486],[6.109,10.5452],[6.0997,10.5475],[6.0936,10.5462],[6.0943,10.531],[6.0922,10.5218],[6.1583,10.5008],[6.1749,10.4422],[6.1614,10.4176],[6.1623,10.4096],[6.1645,10.4081],[6.1629,10.4039],[6.1644,10.3986],[6.1663,10.3964],[6.1696,10.3955],[6.1723,10.3885],[6.1751,10.3881],[6.1773,10.3858],[6.1731,10.3809],[6.1692,10.3713],[6.1693,10.3664],[6.1709,10.365],[6.1697,10.3585],[6.1734,10.3591],[6.1805,10.366],[6.1826,10.3738],[6.1842,10.3753],[6.1928,10.3787],[6.1967,10.3783],[6.2046,10.3725],[6.2071,10.3731],[6.2138,10.3823],[6.2167,10.3894],[6.2194,10.3894],[6.2219,10.3858],[6.226,10.3846],[6.2319,10.3865],[6.2357,10.3848],[6.2442,10.4119],[6.2545,10.4274],[6.2859,10.4138],[6.2872,10.4144],[6.2876,10.4203],[6.2862,10.4235],[6.2914,10.4231],[6.2971,10.4181],[6.3043,10.4247],[6.3023,10.4314],[6.31,10.4326],[6.3201,10.4406],[6.3216,10.4435],[6.3238,10.4535],[6.3154,10.4802],[6.3271,10.4952],[6.3553,10.5112],[6.3698,10.5279],[6.3829,10.5404],[6.3865,10.5509],[6.3918,10.5569],[6.3912,10.5613],[6.3971,10.5694],[6.3972,10.5727],[6.4024,10.5744],[6.4064,10.5728],[6.4099,10.575],[6.4244,10.5771],[6.4356,10.5908],[6.4459,10.5906],[6.4467,10.5942],[6.4504,10.595],[6.4558,10.5957],[6.4573,10.5939],[6.4599,10.5942],[6.4692,10.6003],[6.4724,10.6061],[6.4771,10.6081],[6.4804,10.6074],[6.483,10.6049],[6.4945,10.6157],[6.5138,10.6054],[6.5243,10.595],[6.5211,10.5822],[6.5216,10.5728],[6.5251,10.5645],[6.5323,10.5532],[6.5403,10.5452],[6.5492,10.5452],[6.5561,10.5469],[6.5741,10.5573],[6.5869,10.5741],[6.6471,10.5934],[6.6809,10.5894],[6.696,10.591],[6.7098,10.5875],[6.7259,10.5894],[6.7313,10.5964],[6.7243,10.6177],[6.7142,10.6341],[6.7166,10.6415],[6.7198,10.6435],[6.7296,10.6419],[6.7418,10.6439],[6.7511,10.6421],[6.7599,10.6453],[6.7853,10.6392],[6.803,10.6432],[6.8166,10.6384],[6.8295,10.6247],[6.8295,10.5998],[6.8351,10.5958],[6.8419,10.5725],[6.8411,10.5573],[6.8355,10.538],[6.8395,10.5316],[6.8443,10.5283],[6.8492,10.5308],[6.8564,10.538],[6.8612,10.5508],[6.8691,10.5554],[6.9126,10.538],[6.919,10.5308],[6.9266,10.517],[6.9235,10.5123],[6.9299,10.5111],[6.9359,10.5002],[6.9479,10.4914],[6.9535,10.4822],[6.9544,10.4625],[6.9463,10.4504],[6.9383,10.4336],[6.9231,10.3822],[6.9263,10.3701],[6.9343,10.3613],[6.9488,10.3605],[6.9772,10.3648],[6.9969,10.3565],[7.0202,10.3541],[7.0339,10.3436],[7.0435,10.3267],[7.0508,10.3171],[7.0492,10.301],[7.0459,10.2914],[7.0323,10.2874],[7.0194,10.2737],[7.0098,10.2504],[7.0082,10.2424],[7.0034,10.2416],[7.0026,10.2472],[6.9961,10.2448],[6.9873,10.2368],[6.9849,10.2368],[6.9825,10.244],[6.9704,10.2328],[6.9656,10.2151],[6.9545,10.192],[6.9423,10.1806],[6.9287,10.1806],[6.9271,10.1862],[6.9214,10.191],[6.915,10.1886],[6.911,10.179],[6.9038,10.1685],[6.8949,10.1581],[6.8853,10.1508],[6.8821,10.1171],[6.9012,10.0764],[6.9144,10.0778],[6.9262,10.0677],[6.9405,10.061],[6.9523,10.0476],[7.0085,10.0448],[7.0187,10.0383],[7.0339,10.0442],[7.065,10.0425],[7.0852,10.0366],[7.0919,10.0324],[7.1003,10.0299],[7.1037,10.0316],[7.1054,10.0265],[7.1121,10.0265],[7.123,10.0299],[7.1249,10.033],[7.1382,10.0358],[7.1668,10.0333],[7.1794,10.0274],[7.1886,10.0274],[7.2004,10.0333],[7.2071,10.0417],[7.2139,10.04],[7.216,10.0374],[7.2221,10.0373],[7.2291,10.0384],[7.2324,10.0433],[7.2408,10.04],[7.2541,10.0392],[7.2702,10.0282],[7.2778,10.0164],[7.2803,9.9996],[7.2811,9.965],[7.2862,9.95],[7.2854,9.9332],[7.2938,9.9079],[7.2955,9.8877],[7.2955,9.8718],[7.2965,9.8698],[7.2949,9.853],[7.2929,9.8516],[7.2887,9.8406],[7.2921,9.8238],[7.2929,9.8112],[7.2913,9.8003],[7.2854,9.7893],[7.2736,9.7834],[7.2677,9.7834],[7.2601,9.7868],[7.2517,9.7944],[7.2315,9.791],[7.224,9.7876],[7.2105,9.7801],[7.2047,9.7583],[7.2227,9.7409],[7.256,9.7126],[7.2764,9.6899],[7.2979,9.6489],[7.3056,9.6277],[7.2961,9.6135],[7.2589,9.5891],[7.2339,9.5648],[7.2485,9.535],[7.2514,9.521],[7.2295,9.4998],[7.219,9.4927],[7.2009,9.4598],[7.2214,9.3753],[7.2224,9.3323],[7.2323,9.3177],[7.2737,9.3293],[7.334,9.3408],[7.3536,9.3378],[7.3786,9.3365],[7.3897,9.3359],[7.4737,9.3503],[7.4969,9.3524],[7.5091,9.355],[7.5421,9.3874],[7.6141,9.4061],[7.647,9.4087],[7.6675,9.4014],[7.6707,9.3839],[7.6787,9.3684],[7.693,9.3494],[7.7241,9.3293]]]}},{"type":"Feature","properties":{"name":"Kano","code":"KN"},"geometry":{"type":"Polygon","coordinates":[[[7.7507,11.3714],[7.7548,11.3724],[7.7571,11.3771],[7.76,11.3754],[7.7648,11.3793],[7.7694,11.3791],[7.7755,11.3749],[7.7755,11.3702],[7.7792,11.366],[7.7775,11.3649],[7.7831,11.3611],[7.789,11.3599],[7.7984,11.3767],[7.8005,11.3767],[7.8016,11.3736],[7.8055,11.3717],[7.8062,11.3775],[7.8113,11.3792],[7.8135,11.3785],[7.8195,11.3722],[7.8214,11.3735],[7.8268,11.3696],[7.8329,11.3719],[7.8359,11.3774],[7.8558,11.3781],[7.8571,11.3855],[7.866,11.3818],[7.8789,11.3862],[7.879,11.3919],[7.8823,11.3951],[7.8827,11.3995],[7.8891,11.4052],[7.8966,11.4189],[7.8931,11.4242],[7.8938,11.4272],[7.8968,11.4277],[7.8986,11.4311],[7.9033,11.4323],[7.9069,11.4314],[7.9094,11.4335],[7.9168,11.4353],[7.9177,11.4401],[7.9302,11.4484],[7.9314,11.4533],[7.9419,11.4597],[7.9425,11.4632],[7.945,11.4631],[7.9448,11.4644],[7.9487,11.4662],[7.954,11.4662],[7.9569,11.4676],[7.9627,11.4714],[7.9684,11.4787],[7.9779,11.479],[7.9787,11.4833],[7.9802,11.4843],[7.9825,11.483],[7.9886,11.4847],[7.991,11.4876],[7.9948,11.4869],[7.9957,11.4916],[7.9976,11.4893],[7.9995,11.4896],[8.0009,11.4921],[8.0091,11.4908],[8.0123,11.4918],[8.0225,11.4888],[8.0303,11.4941],[8.0391,11.4917],[8.0402,11.4872],[8.0447,11.4879],[8.047,11.4865],[8.0544,11.4905],[8.0568,11.4967],[8.0607,11.4977],[8.0619,11.5009],[8.0672,11.5004],[8.0735,11.5046],[8.0819,11.5055],[8.0835,11.5138],[8.0866,11.5174],[8.0976,11.5201],[8.1015,11.524],[8.103,11.5227],[8.1069,11.5237],[8.11,11.5209],[8.114,11.5223],[8.121,11.5202],[8.1501,11.5192],[8.1618,11.5055],[8.1617,11.4972],[8.1525,11.489],[8.1539,11.4774],[8.1404,11.4568],[8.1433,11.4203],[8.1406,11.4163],[8.1286,11.4113],[8.1137,11.4085],[8.1223,11.3917],[8.1229,11.3867],[8.1499,11.3754],[8.1488,11.3734],[8.1652,11.363],[8.1674,11.3543],[8.1874,11.3406],[8.2002,11.3244],[8.2068,11.3187],[8.2268,11.3259],[8.2374,11.3271],[8.2488,11.3257],[8.2557,11.315],[8.2586,11.3129],[8.2644,11.3132],[8.26,11.3042],[8.2563,11.3012],[8.2547,11.2958],[8.2573,11.2797],[8.2607,11.2763],[8.2661,11.2774],[8.2731,11.2765],[8.2742,11.2779],[8.2766,11.2778],[8.278,11.2749],[8.2861,11.2682],[8.2878,11.2589],[8.2917,11.256],[8.291,11.2524],[8.2937,11.2495],[8.294,11.2425],[8.2979,11.2342],[8.3082,11.2354],[8.3252,11.2272],[8.334,11.2295],[8.3362,11.2333],[8.3593,11.2266],[8.4029,11.2279],[8.4151,11.2306],[8.428,11.2291],[8.4338,11.2266],[8.4379,11.2168],[8.4378,11.21],[8.4472,11.204],[8.4575,11.1841],[8.4619,11.1718],[8.4647,11.1696],[8.4669,11.1681],[8.4701,11.1693],[8.4834,11.1616],[8.4976,11.1626],[8.5021,11.1589],[8.5061,11.1582],[8.509,11.1586],[8.5146,11.163],[8.5187,11.1623],[8.5099,11.1512],[8.506,11.1322],[8.5196,11.1149],[8.534,11.1073],[8.5465,11.1025],[8.5592,11.0998],[8.5741,11.0928],[8.5896,11.0849],[8.5899,11.0821],[8.5946,11.0825],[8.6073,11.0712],[8.6099,11.0403],[8.6148,11.0177],[8.599,11.0021],[8.5971,10.9892],[8.5885,10.9679],[8.5866,10.9574],[8.5813,10.942],[8.5736,10.929],[8.5685,10.9075],[8.578,10.9074],[8.5808,10.9017],[8.5837,10.888],[8.585,10.8615],[8.5815,10.8589],[8.5739,10.8421],[8.575,10.8271],[8.57,10.8282],[8.567,10.8272],[8.5692,10.8174],[8.5631,10.8165],[8.5625,10.7965],[8.5587,10.7892],[8.5593,10.7846],[8.5628,10.7783],[8.5729,10.7737],[8.5716,10.7483],[8.5394,10.7334],[8.5206,10.7314],[8.5014,10.7258],[8.4812,10.7159],[8.484,10.7093],[8.4897,10.7029],[8.4898,10.6974],[8.4974,10.6798],[8.4982,10.6647],[8.501,10.6605],[8.5074,10.6559],[8.5063,10.6505],[8.5142,10.6433],[8.519,10.6417],[8.5226,10.6376],[8.5345,10.6327],[8.5437,10.6318],[8.5539,10.6362],[8.5827,10.6413],[8.5936,10.6451],[8.6156,10.6398],[8.6388,10.6305],[8.6439,10.6305],[8.6496,10.6241],[8.6664,10.5933],[8.7035,10.5493],[8.7111,10.5434],[8.736,10.5609],[8.7497,10.565],[8.7585,10.5731],[8.7604,10.5819],[8.7706,10.5873],[8.7792,10.5981],[8.7832,10.597],[8.7819,10.601],[8.8219,10.6723],[8.8247,10.6753],[8.8482,10.6799],[8.8525,10.6863],[8.8552,10.7074],[8.8513,10.7201],[8.838,10.7336],[8.829,10.7578],[8.8216,10.7692],[8.7856,10.7972],[8.7694,10.8293],[8.7662,10.8511],[8.7458,10.8572],[8.7451,10.8595],[8.7454,10.8618],[8.7501,10.8669],[8.7499,10.8856],[8.7596,10.9235],[8.7652,10.9266],[8.7672,10.9301],[8.7679,10.9364],[8.7667,10.9417],[8.7707,10.9418],[8.7733,10.9383],[8.7773,10.9368],[8.7887,10.9423],[8.7897,10.9477],[8.7841,10.9743],[8.7868,10.9939],[8.7829,10.9998],[8.7798,11.0115],[8.7842,11.0372],[8.7938,11.0615],[8.7904,11.0682],[8.7942,11.0688],[8.7927,11.0829],[8.7955,11.0837],[8.7985,11.0745],[8.8024,11.0743],[8.8129,11.0918],[8.8119,11.0971],[8.8051,11.1001],[8.8053,11.1037],[8.8087,11.1041],[8.8178,11.0969],[8.8246,11.0958],[8.8456,11.1008],[8.8562,11.0985],[8.8689,11.1025],[8.8764,11.1099],[8.8827,11.1123],[8.8849,11.1109],[8.8934,11.1171],[8.894,11.1214],[8.9011,11.1314],[8.901,11.1354],[8.9098,11.1435],[8.9122,11.1467],[8.9147,11.1544],[8.9197,11.1588],[8.918,11.1597],[8.9205,11.1677],[8.9192,11.1703],[8.921,11.1722],[8.9199,11.1775],[8.9258,11.1803],[8.9402,11.1919],[8.9418,11.1912],[8.9487,11.1944],[8.9488,11.1922],[8.9527,11.1925],[8.9524,11.1951],[8.9559,11.2003],[8.9633,11.2024],[8.9668,11.206],[8.9668,11.2079],[8.9703,11.2086],[8.9736,11.2121],[8.974,11.2159],[8.9779,11.2206],[8.9798,11.2217],[8.9834,11.2205],[8.9852,11.2247],[8.9898,11.2248],[8.9956,11.2275],[8.9958,11.2329],[8.9998,11.2359],[9.0003,11.2401],[9.0036,11.2443],[9.008,11.2465],[9.01,11.2508],[9.0194,11.2577],[9.0182,11.2597],[9.0187,11.2653],[9.0267,11.2771],[9.0348,11.2769],[9.0378,11.2781],[9.0448,11.2859],[9.0511,11.2873],[9.0558,11.2909],[9.0626,11.293],[9.0725,11.3017],[9.0753,11.3062],[9.082,11.3093],[9.0831,11.3139],[9.0849,11.3149],[9.0886,11.3142],[9.0992,11.3104],[9.1018,11.3068],[9.1149,11.3169],[9.1179,11.3239],[9.1236,11.3263],[9.1241,11.3277],[9.1287,11.3275],[9.1296,11.329],[9.1422,11.3262],[9.1403,11.3216],[9.1415,11.3164],[9.143,11.3156],[9.1614,11.3146],[9.1695,11.3082],[9.1748,11.3063],[9.1804,11.3085],[9.1824,11.3111],[9.1781,11.3183],[9.1868,11.3206],[9.195,11.3266],[9.2084,11.358],[9.2222,11.3738],[9.2249,11.3924],[9.2291,11.3966],[9.2325,11.4057],[9.2321,11.4125],[9.2334,11.4134],[9.2338,11.4197],[9.2276,11.4262],[9.2315,11.4495],[9.2349,11.4524],[9.2477,11.4573],[9.2525,11.4722],[9.2605,11.4761],[9.2762,11.4921],[9.2842,11.5026],[9.2908,11.5063],[9.2986,11.4987],[9.3305,11.5166],[9.3432,11.5317],[9.3603,11.5608],[9.3537,11.5725],[9.3274,11.5771],[9.319,11.5806],[9.3117,11.5888],[9.2819,11.6131],[9.2691,11.6271],[9.2675,11.631],[9.2778,11.6387],[9.274,11.6441],[9.2545,11.6427],[9.2414,11.6454],[9.2412,11.6571],[9.2376,11.6619],[9.2335,11.6631],[9.2352,11.6726],[9.2333,11.6731],[9.233,11.6766],[9.2339,11.6797],[9.2446,11.6785],[9.2437,11.6897],[9.2486,11.6902],[9.2489,11.6967],[9.2258,11.7357],[9.2025,11.7305],[9.193,11.7206],[9.1887,11.7128],[9.1818,11.71],[9.1826,11.7073],[9.1743,11.7028],[9.1712,11.7026],[9.1657,11.7066],[9.1574,11.7192],[9.1572,11.7415],[9.1529,11.7494],[9.1415,11.7594],[9.1482,11.7656],[9.1427,11.7728],[9.1416,11.7867],[9.1389,11.7937],[9.1439,11.8266],[9.1523,11.8295],[9.174,11.8292],[9.1871,11.8346],[9.1902,11.8376],[9.1957,11.8484],[9.1983,11.8612],[9.206,11.8634],[9.2123,11.8686],[9.2156,11.8756],[9.2124,11.879],[9.2222,11.891],[9.23,11.8947],[9.2266,11.9088],[9.202,11.9047],[9.207,11.9242],[9.2075,11.9463],[9.207,11.9565],[9.201,11.9619],[9.223,11.9896],[9.228,12.0144],[9.224,12.0262],[9.2203,12.0321],[9.214,12.0541],[9.2004,12.0683],[9.1987,12.0828],[9.1938,12.0846],[9.1819,12.0854],[9.1563,12.0675],[9.1528,12.0548],[9.1475,12.0482],[9.1477,12.0455],[9.1454,12.0416],[9.1519,12.0276],[9.1489,12.0194],[9.1443,12.0262],[9.1333,12.0353],[9.0983,12.0229],[9.0847,12.0274],[9.0828,12.0328],[9.0837,12.0386],[9.0815,12.0462],[9.078,12.0462],[9.0771,12.0596],[9.0741,12.0735],[9.0466,12.074],[9.0438,12.0757],[9.0137,12.0696],[9.0074,12.0627],[8.996,12.0644],[8.9885,12.0684],[8.9851,12.0798],[8.978,12.0838],[8.9725,12.0844],[8.9665,12.0826],[8.9488,12.0755],[8.9457,12.0723],[8.915,12.0762],[8.9252,12.0963],[8.9278,12.1104],[8.9384,12.1138],[8.9366,12.1191],[8.939,12.1227],[8.9386,12.1301],[8.9397,12.1323],[8.9358,12.142],[8.9305,12.1479],[8.9312,12.1552],[8.942,12.1534],[8.9432,12.1546],[8.9506,12.1686],[8.9522,12.1853],[8.9445,12.1961],[8.9438,12.2018],[8.9344,12.2146],[8.9352,12.231],[8.9205,12.2667],[8.9175,12.2663],[8.9115,12.2849],[8.9099,12.301],[8.8396,12.3082],[8.8251,12.3024],[8.816,12.302],[8.7879,12.2773],[8.7746,12.2754],[8.7611,12.2877],[8.7583,12.2934],[8.7235,12.2948],[8.7251,12.3055],[8.734,12.3059],[8.7402,12.3158],[8.7518,12.3286],[8.7469,12.332],[8.7556,12.344],[8.78,12.3412],[8.783,12.3662],[8.7951,12.3823],[8.785,12.3926],[8.7804,12.3871],[8.774,12.4033],[8.7638,12.4199],[8.7574,12.4213],[8.7387,12.4172],[8.7334,12.4234],[8.7295,12.4255],[8.7099,12.4159],[8.7049,12.4273],[8.6956,12.4428],[8.6989,12.4546],[8.6886,12.4685],[8.6875,12.4828],[8.6932,12.4946],[8.6971,12.4951],[8.705,12.5025],[8.7145,12.5235],[8.7181,12.538],[8.7282,12.546],[8.7376,12.551],[8.73,12.5591],[8.7191,12.5666],[8.6919,12.5722],[8.6832,12.5619],[8.6608,12.5589],[8.6457,12.5598],[8.6487,12.5835],[8.6407,12.593],[8.6112,12.5946],[8.5998,12.5971],[8.556,12.6026],[8.532,12.6007],[8.5077,12.5953],[8.496,12.5944],[8.4924,12.6019],[8.4887,12.6005],[8.4584,12.5869],[8.4102,12.5047],[8.408,12.4959],[8.4037,12.4887],[8.3979,12.4832],[8.3962,12.4726],[8.3874,12.4703],[8.3847,12.4572],[8.3849,12.4503],[8.3795,12.4424],[8.3769,12.4356],[8.3672,12.4357],[8.3656,12.4317],[8.3582,12.4379],[8.3547,12.4797],[8.3354,12.4992],[8.3111,12.5077],[8.3029,12.5282],[8.3,12.5272],[8.2971,12.5336],[8.3012,12.5361],[8.2946,12.5767],[8.2901,12.5888],[8.2886,12.5999],[8.2788,12.6046],[8.2563,12.5962],[8.2462,12.5944],[8.2361,12.5912],[8.2324,12.5849],[8.2283,12.5847],[8.1948,12.5676],[8.1799,12.5641],[8.1814,12.5617],[8.1797,12.5547],[8.1806,12.553],[8.1792,12.5521],[8.1793,12.5489],[8.1766,12.5425],[8.177,12.5383],[8.1756,12.537],[8.178,12.5328],[8.176,12.5302],[8.1778,12.5273],[8.1743,12.5195],[8.1755,12.5175],[8.1782,12.5181],[8.1809,12.5134],[8.1798,12.5107],[8.1835,12.5066],[8.1862,12.508],[8.1904,12.5052],[8.1827,12.5012],[8.179,12.4964],[8.1768,12.4965],[8.1717,12.4925],[8.1688,12.4817],[8.1629,12.4745],[8.1622,12.4624],[8.165,12.4514],[8.1588,12.4473],[8.1567,12.4403],[8.1486,12.4396],[8.1302,12.4412],[8.1082,12.4164],[8.0552,12.4172],[8.0336,12.4044],[8.0302,12.3954],[8.0024,12.3936],[7.9993,12.3888],[7.9988,12.3841],[7.9934,12.3813],[7.9873,12.3728],[7.9838,12.3719],[7.9825,12.3725],[7.9828,12.3749],[7.9812,12.3753],[7.9807,12.3729],[7.9724,12.3686],[7.9691,12.363],[7.9681,12.3628],[7.967,12.3659],[7.9653,12.3645],[7.9626,12.365],[7.9535,12.3582],[7.9504,12.3588],[7.9449,12.3492],[7.9337,12.3444],[7.9226,12.3367],[7.8924,12.3303],[7.8866,12.3098],[7.885,12.2985],[7.877,12.2896],[7.8645,12.2807],[7.8701,12.2664],[7.8781,12.2534],[7.8764,12.2352],[7.8632,12.2326],[7.8708,12.2237],[7.8708,12.2199],[7.8696,12.216],[7.8644,12.2097],[7.8643,12.2015],[7.861,12.1933],[7.8616,12.1892],[7.8595,12.1788],[7.8555,12.1768],[7.8558,12.1728],[7.8596,12.1695],[7.86,12.1629],[7.8585,12.1593],[7.8543,12.1567],[7.8542,12.1551],[7.8566,12.1508],[7.8553,12.1501],[7.8552,12.1471],[7.8655,12.14],[7.8632,12.132],[7.8632,12.1216],[7.8642,12.1183],[7.8696,12.1155],[7.8713,12.1128],[7.8673,12.1014],[7.8695,12.0963],[7.867,12.0931],[7.8698,12.0902],[7.8682,12.0826],[7.8724,12.0757],[7.8756,12.0651],[7.8798,12.0443],[7.863,12.0177],[7.8567,12.0012],[7.8448,11.995],[7.8347,11.9802],[7.8293,11.9686],[7.8334,11.9697],[7.8318,11.964],[7.8262,11.9533],[7.8295,11.922],[7.8437,11.9019],[7.8477,11.8933],[7.8482,11.8861],[7.8651,11.8735],[7.8604,11.8635],[7.8523,11.836],[7.8549,11.8333],[7.853,11.8243],[7.8553,11.8173],[7.855,11.8019],[7.8575,11.7949],[7.8608,11.762],[7.8676,11.7564],[7.8694,11.75],[7.8675,11.7433],[7.8768,11.7181],[7.8778,11.7113],[7.8826,11.7084],[7.8883,11.7072],[7.8966,11.6967],[7.8961,11.6944],[7.8916,11.6911],[7.8953,11.6833],[7.8944,11.679],[7.8977,11.6745],[7.8919,11.6675],[7.8929,11.6647],[7.9009,11.6615],[7.9023,11.6532],[7.901,11.6496],[7.897,11.6489],[7.8917,11.655],[7.8818,11.6536],[7.8709,11.6593],[7.866,11.6527],[7.866,11.6489],[7.8578,11.6497],[7.8538,11.6483],[7.8449,11.6418],[7.8412,11.6329],[7.8397,11.6322],[7.8324,11.6319],[7.8282,11.6359],[7.8202,11.6349],[7.8144,11.6381],[7.7979,11.6306],[7.7965,11.6254],[7.7933,11.6255],[7.7868,11.6298],[7.7669,11.6286],[7.7582,11.6237],[7.7395,11.6168],[7.7365,11.6086],[7.722,11.6034],[7.7215,11.5997],[7.7106,11.5974],[7.7049,11.5925],[7.7068,11.5822],[7.7132,11.5732],[7.7169,11.5717],[7.7185,11.569],[7.7112,11.549],[7.7003,11.5396],[7.698,11.5354],[7.6796,11.5237],[7.6823,11.5165],[7.6826,11.5107],[7.6801,11.5066],[7.6794,11.4922],[7.6752,11.4833],[7.6874,11.4696],[7.6921,11.4605],[7.694,11.454],[7.6931,11.434],[7.6952,11.4315],[7.6945,11.4203],[7.7057,11.426],[7.7223,11.4155],[7.7195,11.4088],[7.74,11.3914],[7.7482,11.3876],[7.7504,11.3817],[7.7493,11.3734],[7.7507,11.3714]]]}},{"type":"Feature","properties":{"name":"Katsina","code":"KT"},"geometry":{"type":"Polygon","coordinates":[[[6.8894,11.3836],[6.8977,11.3813],[6.898,11.3841],[6.9193,11.3849],[6.9345,11.3754],[6.9403,11.3742],[6.9496,11.3659],[6.9613,11.3588],[6.9755,11.3574],[6.9885,11.3607],[7.0062,11.3618],[7.0136,11.3492],[7.0134,11.346],[7.0099,11.3474],[7.0082,11.3408],[7.0096,11.3309],[7.0076,11.311],[7.0087,11.2938],[6.997,11.2811],[6.9841,11.2706],[6.9724,11.2556],[6.9677,11.2452],[6.9757,11.239],[6.9991,11.2268],[7.0255,11.2096],[7.0402,11.2048],[7.0469,11.2048],[7.0584,11.2003],[7.0614,11.2078],[7.069,11.2033],[7.0767,11.1953],[7.0846,11.181],[7.0899,11.1748],[7.0958,11.1695],[7.1187,11.1561],[7.1234,11.145],[7.1293,11.1382],[7.1443,11.1301],[7.1521,11.1288],[7.173,11.1349],[7.2003,11.1517],[7.2001,11.1732],[7.2065,11.1856],[7.2197,11.1942],[7.2185,11.1999],[7.2114,11.2024],[7.2027,11.2222],[7.2006,11.2285],[7.199,11.2434],[7.1953,11.2522],[7.1948,11.2576],[7.21,11.2611],[7.2151,11.27],[7.2221,11.2761],[7.2274,11.2786],[7.2496,11.2729],[7.2527,11.2729],[7.2605,11.2785],[7.2657,11.2781],[7.2733,11.2744],[7.284,11.2755],[7.2896,11.2843],[7.2976,11.2736],[7.3202,11.2651],[7.3412,11.2624],[7.3578,11.2643],[7.3646,11.2903],[7.3643,11.3113],[7.3701,11.3332],[7.3806,11.3494],[7.3923,11.3748],[7.3979,11.378],[7.4055,11.3753],[7.4276,11.374],[7.4544,11.3784],[7.4677,11.3777],[7.4725,11.376],[7.483,11.3576],[7.4895,11.3522],[7.4964,11.3516],[7.5056,11.3565],[7.5203,11.3616],[7.5219,11.3535],[7.5217,11.3404],[7.5299,11.3392],[7.5383,11.3345],[7.5509,11.3314],[7.5622,11.3232],[7.574,11.3191],[7.6075,11.2718],[7.631,11.2849],[7.6479,11.29],[7.6517,11.293],[7.6538,11.292],[7.658,11.293],[7.664,11.2975],[7.6643,11.3],[7.6688,11.2969],[7.6753,11.3062],[7.6845,11.3063],[7.6835,11.3097],[7.6898,11.3088],[7.7062,11.31],[7.7066,11.3181],[7.7077,11.3183],[7.7084,11.3158],[7.7157,11.318],[7.7187,11.3213],[7.7171,11.3225],[7.7212,11.325],[7.7165,11.3361],[7.718,11.3368],[7.7133,11.3484],[7.7177,11.3646],[7.7205,11.3697],[7.7301,11.3716],[7.7416,11.3683],[7.7507,11.3714],[7.7493,11.3734],[7.7504,11.3817],[7.7482,11.3876],[7.74,11.3914],[7.7195,11.4088],[7.7223,11.4155],[7.7057,11.426],[7.6945,11.4203],[7.6952,11.4315],[7.6931,11.434],[7.694,11.454],[7.6921,11.4605],[7.6874,11.4696],[7.6752,11.4833],[7.6794,11.4922],[7.6801,11.5066],[7.6826,11.5107],[7.6823,11.5165],[7.6796,11.5237],[7.698,11.5354],[7.7003,11.5396],[7.7112,11.549],[7.7185,11.569],[7.7169,11.5717],[7.7132,11.5732],[7.7068,11.5822],[7.7049,11.5925],[7.7106,11.5974],[7.7215,11.5997],[7.722,11.6034],[7.7365,11.6086],[7.7395,11.6168],[7.7582,11.6237],[7.7669,11.6286],[7.7868,11.6298],[7.7933,11.6255],[7.7965,11.6254],[7.7979,11.6306],[7.8144,11.6381],[7.8202,11.6349],[7.8282,11.6359],[7.8324,11.6319],[7.8397,11.6322],[7.8412,11.6329],[7.8449,11.6418],[7.8538,11.6483],[7.8578,11.6497],[7.866,11.6489],[7.866,11.6527],[7.8709,11.6593],[7.8818,11.6536],[7.8917,11.655],[7.897,11.6489],[7.901,11.6496],[7.9023,11.6532],[7.9009,11.6615],[7.8929,11.6647],[7.8919,11.6675],[7.8977,11.6745],[7.8944,11.679],[7.8953,11.6833],[7.8916,11.6911],[7.8961,11.6944],[7.8966,11.6967],[7.8883,11.7072],[7.8826,11.7084],[7.8778,11.7113],[7.8768,11.7181],[7.8675,11.7433],[7.8694,11.75],[7.8676,11.7564],[7.8608,11.762],[7.8575,11.7949],[7.855,11.8019],[7.8553,11.8173],[7.853,11.8243],[7.8549,11.8333],[7.8523,11.836],[7.8604,11.8635],[7.8651,11.8735],[7.8482,11.8861],[7.8477,11.8933],[7.8437,11.9019],[7.8295,11.922],[7.8262,11.9533],[7.8318,11.964],[7.8334,11.9697],[7.8293,11.9686],[7.8347,11.9802],[7.8448,11.995],[7.8567,12.0012],[7.863,12.0177],[7.8798,12.0443],[7.8756,12.0651],[7.8724,12.0757],[7.8682,12.0826],[7.8698,12.0902],[7.867,12.0931],[7.8695,12.0963],[7.8673,12.1014],[7.8713,12.1128],[7.8696,12.1155],[7.8642,12.1183],[7.8632,12.1216],[7.8632,12.132],[7.8655,12.14],[7.8552,12.1471],[7.8553,12.1501],[7.8566,12.1508],[7.8542,12.1551],[7.8543,12.1567],[7.8585,12.1593],[7.86,12.1629],[7.8596,12.1695],[7.8558,12.1728],[7.8555,12.1768],[7.8595,12.1788],[7.8616,12.1892],[7.861,12.1933],[7.8643,12.2015],[7.8644,12.2097],[7.8696,12.216],[7.8708,12.2199],[7.8708,12.2237],[7.8632,12.2326],[7.8764,12.2352],[7.8781,12.2534],[7.8701,12.2664],[7.8645,12.2807],[7.877,12.2896],[7.885,12.2985],[7.8866,12.3098],[7.8924,12.3303],[7.9226,12.3367],[7.9337,12.3444],[7.9449,12.3492],[7.9504,12.3588],[7.9535,12.3582],[7.9626,12.365],[7.9653,12.3645],[7.967,12.3659],[7.9681,12.3628],[7.9691,12.363],[7.9724,12.3686],[7.9807,12.3729],[7.9812,12.3753],[7.9828,12.3749],[7.9825,12.3725],[7.9838,12.3719],[7.9873,12.3728],[7.9934,12.3813],[7.9988,12.3841],[7.9993,12.3888],[8.0024,12.3936],[8.0302,12.3954],[8.0336,12.4044],[8.0552,12.4172],[8.1082,12.4164],[8.1302,12.4412],[8.1486,12.4396],[8.1567,12.4403],[8.1588,12.4473],[8.165,12.4514],[8.1622,12.4624],[8.1629,12.4745],[8.1688,12.4817],[8.1717,12.4925],[8.1768,12.4965],[8.179,12.4964],[8.1827,12.5012],[8.1904,12.5052],[8.1862,12.508],[8.1835,12.5066],[8.1798,12.5107],[8.1809,12.5134],[8.1782,12.5181],[8.1755,12.5175],[8.1743,12.5195],[8.1778,12.5273],[8.176,12.5302],[8.178,12.5328],[8.1756,12.537],[8.177,12.5383],[8.1766,12.5425],[8.1793,12.5489],[8.1792,12.5521],[8.1806,12.553],[8.1797,12.5547],[8.1814,12.5617],[8.1799,12.5641],[8.1948,12.5676],[8.2283,12.5847],[8.2324,12.5849],[8.2361,12.5912],[8.2462,12.5944],[8.237,12.609],[8.2305,12.6125],[8.2035,12.6216],[8.1904,12.624],[8.1904,12.6287],[8.1853,12.6299],[8.1835,12.6352],[8.1821,12.6518],[8.1532,12.6554],[8.1604,12.6671],[8.16,12.684],[8.1539,12.6906],[8.1433,12.7153],[8.1445,12.7213],[8.1668,12.729],[8.1851,12.7325],[8.1792,12.7485],[8.182,12.7503],[8.1802,12.7561],[8.1721,12.7511],[8.1671,12.7567],[8.1629,12.7639],[8.1523,12.7968],[8.1279,12.7968],[8.1278,12.8011],[8.1521,12.8186],[8.1789,12.8113],[8.1925,12.8157],[8.211,12.8175],[8.2301,12.8262],[8.2421,12.8261],[8.245,12.8279],[8.2606,12.8301],[8.2923,12.8291],[8.3375,12.836],[8.3524,12.8255],[8.3608,12.8241],[8.3706,12.8255],[8.3984,12.8259],[8.4229,12.8209],[8.4354,12.8152],[8.4441,12.8161],[8.4592,12.8219],[8.4698,12.8281],[8.4853,12.832],[8.5021,12.8338],[8.5522,12.8318],[8.5632,12.8341],[8.5639,12.8253],[8.574,12.8205],[8.5891,12.8086],[8.5871,12.8027],[8.5882,12.7944],[8.5931,12.7773],[8.5944,12.7662],[8.6038,12.7373],[8.6363,12.7373],[8.6518,12.7331],[8.651,12.7276],[8.6639,12.7258],[8.6686,12.7195],[8.6767,12.7159],[8.6781,12.7126],[8.6836,12.708],[8.688,12.6882],[8.7012,12.687],[8.7124,12.6806],[8.7228,12.6827],[8.7229,12.6699],[8.7448,12.6667],[8.7524,12.6727],[8.7593,12.6739],[8.8047,12.6731],[8.8239,12.6744],[8.8286,12.6759],[8.8297,12.6705],[8.831,12.6704],[8.8479,12.6753],[8.8505,12.6788],[8.8646,12.669],[8.8835,12.6961],[8.9084,12.702],[8.9232,12.7071],[8.9513,12.7381],[8.97,12.7756],[8.9713,12.7851],[8.9829,12.8068],[9.015,12.8091],[9.0473,12.8162],[9.0409,12.8461],[9.017,12.8455],[9.0034,12.8404],[8.9959,12.8401],[8.9886,12.8363],[8.9842,12.8358],[8.9775,12.8375],[8.9639,12.8452],[8.9552,12.8556],[8.6636,12.9433],[8.6289,13.0063],[8.615,13.0219],[8.5643,13.0599],[8.5419,13.075],[8.5164,13.0836],[8.4975,13.0858],[8.4711,13.0839],[8.4492,13.0781],[8.4086,13.0883],[8.351,13.1382],[8.2872,13.1983],[8.2515,13.2176],[8.2358,13.2192],[8.2261,13.2236],[8.1414,13.2806],[8.1306,13.2908],[8.1222,13.3036],[8.0406,13.3213],[7.8197,13.3523],[7.7961,13.3373],[7.7784,13.3229],[7.7589,13.3104],[7.726,13.2972],[7.6867,13.2782],[7.3797,13.0997],[7.2642,13.1186],[7.2301,13.1254],[7.2189,13.1256],[7.1884,13.0922],[7.1475,13.0428],[7.0906,12.9953],[7.0513,12.9955],[7.0517,12.9896],[7.049,12.9868],[7.0505,12.9814],[7.0502,12.9703],[7.0487,12.9687],[7.0493,12.9612],[7.0566,12.9555],[7.0598,12.9511],[7.0579,12.9499],[7.0562,12.9439],[7.0522,12.9433],[7.0509,12.9417],[7.052,12.9382],[7.0502,12.9374],[7.0492,12.9347],[7.0551,12.9304],[7.0603,12.9183],[7.0621,12.9191],[7.0614,12.9128],[7.0654,12.9126],[7.0645,12.9102],[7.0656,12.9075],[7.0639,12.9031],[7.0662,12.8925],[7.0651,12.8857],[7.0664,12.8817],[7.065,12.8772],[7.0649,12.8595],[7.0629,12.8436],[7.0633,12.8381],[7.0686,12.8322],[7.0561,12.8233],[7.0665,12.8106],[7.0664,12.7996],[7.0604,12.7617],[7.0607,12.7398],[7.043,12.7196],[6.989,12.6734],[7.035,12.6614],[7.0393,12.6587],[7.0445,12.6589],[7.0472,12.6377],[7.046,12.6196],[7.0516,12.587],[7.0502,12.5751],[7.0521,12.5534],[7.0512,12.5399],[7.0537,12.5293],[7.0537,12.5163],[7.0594,12.4886],[7.0683,12.4113],[7.0747,12.375],[7.0847,12.3475],[7.0828,12.3294],[7.0933,12.2826],[7.1395,12.2432],[7.1504,12.2316],[7.15,12.207],[7.1568,12.1851],[7.1456,12.1472],[7.1351,12.1318],[7.1279,12.1245],[7.1261,12.1135],[7.1172,12.094],[7.1333,12.0903],[7.1364,12.0856],[7.1366,12.0779],[7.1303,12.0684],[7.1317,12.0649],[7.1376,12.0619],[7.1414,12.0651],[7.1435,12.064],[7.1473,12.0475],[7.1503,12.0418],[7.1487,12.033],[7.1533,12.0296],[7.1539,12.0256],[7.16,12.022],[7.1705,12.0203],[7.1716,12.0143],[7.1765,12.0084],[7.1804,12.0079],[7.186,12.002],[7.192,12.0015],[7.1954,11.9994],[7.1969,11.9984],[7.1973,11.9926],[7.1988,11.9902],[7.2082,11.988],[7.2108,11.9855],[7.2119,11.9797],[7.2095,11.9759],[7.2111,11.9642],[7.2205,11.9609],[7.2203,11.9498],[7.2223,11.9496],[7.2235,11.9518],[7.2255,11.9522],[7.2379,11.9455],[7.2438,11.9389],[7.2466,11.9326],[7.2264,11.9135],[7.2171,11.9129],[7.2053,11.9085],[7.206,11.9069],[7.1998,11.9005],[7.1931,11.9007],[7.191,11.9037],[7.1916,11.9068],[7.1825,11.9095],[7.1714,11.9106],[7.165,11.909],[7.1458,11.9124],[7.1408,11.9113],[7.1447,11.8873],[7.1471,11.881],[7.1462,11.8659],[7.1418,11.8493],[7.1008,11.8205],[7.0748,11.8175],[7.0724,11.8086],[7.0626,11.8045],[7.06,11.7899],[7.0497,11.7885],[7.0426,11.7904],[7.0373,11.8009],[7.0214,11.8111],[7.0173,11.8156],[6.9988,11.8106],[6.9937,11.811],[6.9922,11.8127],[6.9909,11.8108],[6.9878,11.8102],[6.9857,11.8124],[6.9821,11.8094],[6.9777,11.8081],[6.9771,11.8091],[6.9734,11.8032],[6.9636,11.8044],[6.9527,11.8003],[6.947,11.8036],[6.9435,11.7977],[6.9344,11.7949],[6.9333,11.7934],[6.9286,11.7929],[6.9225,11.7874],[6.9174,11.7859],[6.9099,11.7858],[6.9022,11.7989],[6.9012,11.7976],[6.9004,11.7939],[6.9022,11.789],[6.8961,11.7875],[6.8954,11.7834],[6.8913,11.7791],[6.892,11.7762],[6.8862,11.7613],[6.8825,11.7584],[6.8831,11.7554],[6.8858,11.7523],[6.884,11.7447],[6.8855,11.7354],[6.884,11.7168],[6.8808,11.7109],[6.8812,11.7056],[6.869,11.6785],[6.8658,11.663],[6.8552,11.6419],[6.852,11.6207],[6.8544,11.5952],[6.8568,11.589],[6.8674,11.5776],[6.8761,11.5744],[6.904,11.5532],[6.9073,11.5296],[6.8959,11.5052],[6.9073,11.4751],[6.9008,11.4588],[6.8869,11.4312],[6.8869,11.3962],[6.8894,11.3836]]]}},{"type":"Feature","properties":{"name":"Kebbi","code":"KE"},"geometry":{"type":"Polygon","coordinates":[[[4.1264,13.2497],[4.1334,13.2242],[4.1372,13.217],[4.1431,13.1822],[4.1421,13.1619],[4.14,13.1523],[4.1326,13.1402],[4.105,12.9964],[4.0525,12.9104],[4.0516,12.9038],[4.0432,12.8955],[4.0377,12.8869],[3.9528,12.7489],[3.9039,12.7116],[3.8876,12.7053],[3.7952,12.6425],[3.7141,12.5827],[3.6983,12.5688],[3.6727,12.5519],[3.6578,12.5289],[3.6541,12.5118],[3.6524,12.4865],[3.6579,12.4371],[3.6619,12.4154],[3.6641,12.3829],[3.6661,12.2071],[3.6545,12.1773],[3.64,12.1643],[3.6296,12.1488],[3.6284,12.1253],[3.6352,12.1014],[3.6606,12.0395],[3.6708,12.01],[3.6717,11.9756],[3.6439,11.9424],[3.6187,11.9082],[3.6317,11.8253],[3.6604,11.8101],[3.6633,11.7983],[3.6625,11.7867],[3.6649,11.7592],[3.6639,11.7554],[3.6374,11.7176],[3.6289,11.7096],[3.6139,11.6996],[3.5931,11.6944],[3.5705,11.6867],[3.5263,11.6786],[3.5109,11.67],[3.5135,11.6234],[3.5106,11.5675],[3.5107,11.5247],[3.4869,11.4793],[3.4771,11.4554],[3.475,11.4297],[3.4856,11.3134],[3.4883,11.3058],[3.4921,11.3004],[3.4972,11.2965],[3.5037,11.295],[3.5086,11.2911],[3.5305,11.2644],[3.5436,11.2582],[3.5649,11.2525],[3.6006,11.2039],[3.6315,11.1766],[3.6387,11.1721],[3.645,11.1653],[3.6578,11.1565],[3.6631,11.1478],[3.6682,11.1462],[3.6703,11.1434],[3.6812,11.1441],[3.6822,11.1427],[3.6855,11.1435],[3.6914,11.1409],[3.6997,11.1419],[3.7087,11.138],[3.711,11.1328],[3.7134,11.1347],[3.7225,11.1324],[3.7232,11.1303],[3.7197,11.1263],[3.7214,11.1231],[3.7218,11.1153],[3.7192,11.1065],[3.7205,11.0966],[3.731,11.087],[3.7314,11.0825],[3.7286,11.0783],[3.7283,11.0632],[3.7205,11.0503],[3.722,11.0486],[3.7228,11.032],[3.7256,11.0282],[3.7172,11.0198],[3.7423,10.9623],[3.77,10.9197],[3.7732,10.9201],[3.8023,10.9461],[3.9328,10.943],[3.9531,10.9657],[3.993,11.0165],[3.9959,11.0163],[3.998,11.0179],[4.0684,11.022],[4.1004,11.0263],[4.184,11.0246],[4.2149,11.0222],[4.2254,11.0193],[4.2439,11.024],[4.2671,11.0253],[4.2656,11.019],[4.266,11.012],[4.2589,10.998],[4.2566,10.9903],[4.2637,10.9829],[4.2633,10.9767],[4.2751,10.9609],[4.2772,10.9544],[4.3016,10.9487],[4.3298,10.9514],[4.3385,10.9035],[4.3622,10.8891],[4.3811,10.88],[4.4072,10.8772],[4.4503,10.8859],[4.524,10.9162],[4.5398,10.92],[4.5685,10.9087],[4.5935,10.8929],[4.598,10.8929],[4.5997,10.8892],[4.6022,10.8882],[4.6056,10.8895],[4.608,10.8878],[4.6092,10.8889],[4.6148,10.8885],[4.6164,10.8907],[4.6253,10.8927],[4.6266,10.8941],[4.6279,10.8912],[4.6298,10.8906],[4.6303,10.8915],[4.6353,10.8912],[4.643,10.8945],[4.6457,10.8937],[4.6575,10.9005],[4.6738,10.9174],[4.6761,10.9163],[4.6778,10.9172],[4.6903,10.9168],[4.695,10.9193],[4.706,10.9],[4.7156,10.8903],[4.7182,10.8854],[4.7227,10.8669],[4.7204,10.8594],[4.7096,10.8517],[4.7097,10.8327],[4.7074,10.8243],[4.7021,10.8141],[4.6997,10.8018],[4.6981,10.8012],[4.6993,10.7985],[4.6964,10.7903],[4.6945,10.7758],[4.6948,10.7507],[4.6925,10.7447],[4.6959,10.7432],[4.695,10.7305],[4.6975,10.7189],[4.6931,10.7019],[4.6895,10.6946],[4.6878,10.6937],[4.6892,10.692],[4.688,10.6835],[4.6909,10.6694],[4.6908,10.6629],[4.6715,10.6411],[4.6588,10.6295],[4.6513,10.6185],[4.6461,10.6166],[4.6438,10.619],[4.6368,10.6145],[4.6297,10.6088],[4.6258,10.6036],[4.6255,10.6011],[4.6241,10.6005],[4.6244,10.5975],[4.6208,10.6004],[4.6195,10.5997],[4.621,10.5955],[4.6192,10.5955],[4.6172,10.5932],[4.6173,10.588],[4.6156,10.5906],[4.6105,10.586],[4.6071,10.5865],[4.6029,10.585],[4.6067,10.584],[4.6072,10.5827],[4.6031,10.577],[4.602,10.5773],[4.6008,10.5707],[4.5992,10.5702],[4.5981,10.5764],[4.5969,10.576],[4.5935,10.5717],[4.5937,10.57],[4.5851,10.5639],[4.5101,10.5352],[4.4985,10.5174],[4.4856,10.4698],[4.4795,10.4213],[4.4864,10.3685],[4.483,10.3287],[4.4908,10.314],[4.5184,10.2984],[4.5418,10.2871],[4.56,10.2681],[4.5661,10.2568],[4.5661,10.246],[4.5687,10.246],[4.5674,10.2229],[4.5518,10.1949],[4.5275,10.143],[4.5269,10.1112],[4.53,10.1006],[4.6248,10.1027],[4.6392,10.1378],[4.6495,10.1815],[4.6504,10.1986],[4.6465,10.205],[4.6711,10.2118],[4.6694,10.2261],[4.697,10.2403],[4.7287,10.2482],[4.7777,10.2566],[4.7939,10.2607],[4.8715,10.2183],[4.9465,10.2853],[4.9503,10.3897],[4.932,10.4395],[4.9062,10.4542],[4.8759,10.4593],[4.8534,10.4603],[4.8451,10.4787],[4.8329,10.4879],[4.8187,10.5071],[4.8195,10.5381],[4.822,10.559],[4.8237,10.595],[4.8145,10.6042],[4.802,10.6134],[4.7961,10.6293],[4.8028,10.6527],[4.812,10.6619],[4.8145,10.6744],[4.807,10.6929],[4.8095,10.6979],[4.8257,10.7084],[4.8364,10.7058],[4.8406,10.7037],[4.8438,10.6995],[4.8462,10.6992],[4.8625,10.7082],[4.8662,10.708],[4.8702,10.7035],[4.8736,10.7024],[4.8937,10.7066],[4.8966,10.7048],[4.9006,10.6952],[4.9083,10.6902],[4.9205,10.6891],[4.9275,10.6947],[4.9302,10.6937],[4.9327,10.6889],[4.9417,10.6887],[4.9469,10.6901],[4.951,10.6938],[4.9507,10.6986],[4.955,10.7062],[4.9652,10.7075],[4.9735,10.7104],[4.9793,10.7171],[4.9868,10.7171],[5.0031,10.7221],[5.0085,10.7217],[5.012,10.7239],[5.0138,10.7384],[5.0269,10.7504],[5.0299,10.7498],[5.0393,10.7414],[5.0479,10.7372],[5.0553,10.738],[5.0613,10.7399],[5.0634,10.7446],[5.0661,10.7471],[5.0784,10.7482],[5.0848,10.7589],[5.088,10.7568],[5.0947,10.7614],[5.101,10.7613],[5.1023,10.7723],[5.1073,10.7857],[5.109,10.7957],[5.0998,10.8083],[5.0839,10.8175],[5.0588,10.8208],[5.0471,10.825],[5.0345,10.8458],[5.0287,10.8593],[5.0262,10.8719],[5.0253,10.8903],[5.0345,10.8995],[5.0546,10.9045],[5.0755,10.9154],[5.0822,10.9271],[5.0814,10.9505],[5.068,10.9898],[5.063,11.0124],[5.0406,11.0519],[5.0274,11.0505],[5.0211,11.054],[5.0092,11.0519],[4.996,11.054],[4.9911,11.061],[4.9918,11.0701],[4.9799,11.0805],[4.9345,11.084],[4.9087,11.0819],[4.8982,11.0875],[4.8766,11.0917],[4.8633,11.1001],[4.8607,11.1034],[4.8397,11.1139],[4.8178,11.1195],[4.8144,11.1161],[4.8026,11.114],[4.7886,11.1189],[4.7858,11.1238],[4.7802,11.1287],[4.7794,11.1314],[4.7653,11.1369],[4.7576,11.143],[4.7461,11.1476],[4.7413,11.1532],[4.7405,11.1693],[4.7327,11.1896],[4.7223,11.2059],[4.7053,11.2211],[4.7034,11.2285],[4.739,11.2511],[4.7081,11.2641],[4.7039,11.268],[4.7045,11.2722],[4.7082,11.2751],[4.7133,11.2837],[4.7105,11.291],[4.7119,11.2971],[4.7268,11.302],[4.7279,11.3062],[4.7329,11.3068],[4.7378,11.3042],[4.7438,11.3068],[4.7477,11.3114],[4.7568,11.3132],[4.7887,11.3252],[4.8115,11.3403],[4.8156,11.3361],[4.8194,11.3397],[4.8232,11.3362],[4.83,11.3361],[4.8404,11.3509],[4.8476,11.3487],[4.8521,11.3501],[4.8543,11.3514],[4.8543,11.3549],[4.8632,11.3578],[4.8674,11.3581],[4.8715,11.3529],[4.879,11.3548],[4.881,11.3582],[4.8832,11.3593],[4.8832,11.3608],[4.8773,11.3709],[4.8881,11.3782],[4.8978,11.3875],[4.8981,11.3906],[4.9133,11.3855],[4.9285,11.3762],[4.9385,11.3641],[4.9443,11.3674],[4.9589,11.3693],[4.9661,11.3621],[4.9709,11.3532],[4.9725,11.3476],[4.9725,11.3396],[4.9813,11.3195],[4.9883,11.313],[4.996,11.3104],[4.9997,11.2945],[5.0018,11.291],[4.9964,11.2842],[4.9989,11.2754],[5.0032,11.267],[5.0054,11.2576],[5.0119,11.252],[5.0167,11.2512],[5.0255,11.256],[5.0327,11.2608],[5.0344,11.2649],[5.0408,11.2705],[5.0456,11.2729],[5.052,11.2729],[5.0585,11.2705],[5.0649,11.2544],[5.0625,11.2448],[5.0528,11.2311],[5.0488,11.2279],[5.0488,11.2111],[5.0528,11.2054],[5.0576,11.2046],[5.0625,11.2086],[5.0713,11.2271],[5.0713,11.2376],[5.1855,11.228],[5.2334,11.2182],[5.2444,11.2449],[5.2431,11.2906],[5.2497,11.3094],[5.2687,11.3189],[5.3331,11.3564],[5.3364,11.3476],[5.3364,11.3404],[5.3424,11.3387],[5.3485,11.3389],[5.3574,11.3064],[5.3686,11.2826],[5.3724,11.2701],[5.373,11.2628],[5.3795,11.243],[5.3796,11.235],[5.3892,11.2311],[5.3898,11.2206],[5.3846,11.2024],[5.3897,11.1734],[5.3939,11.1619],[5.404,11.147],[5.4028,11.144],[5.4052,11.1266],[5.4134,11.1209],[5.4084,11.1168],[5.3938,11.1178],[5.3871,11.0922],[5.3911,11.064],[5.389,11.0375],[5.4112,11.0044],[5.4306,10.9906],[5.4473,10.9835],[5.5007,10.9753],[5.5016,10.9847],[5.5051,10.985],[5.5086,10.981],[5.5102,10.981],[5.5103,10.9865],[5.5138,10.9931],[5.5189,10.992],[5.5197,10.9899],[5.5224,10.9905],[5.5245,10.9831],[5.531,10.9776],[5.5342,10.9716],[5.537,10.9608],[5.5385,10.959],[5.5421,10.9597],[5.546,10.9535],[5.5509,10.9526],[5.5562,10.9474],[5.5595,10.9493],[5.5602,10.9521],[5.5642,10.9542],[5.5678,10.952],[5.5716,10.9537],[5.571,10.9572],[5.5729,10.9606],[5.5748,10.9607],[5.5753,10.9651],[5.5783,10.9689],[5.585,10.9668],[5.6365,10.965],[5.6651,10.9735],[5.68,10.9757],[5.7034,10.9897],[5.729,10.9984],[5.7348,11.0062],[5.7401,11.0234],[5.7569,11.0289],[5.7656,11.0394],[5.7691,11.0494],[5.7752,11.06],[5.8003,11.0825],[5.809,11.0875],[5.8261,11.0931],[5.8358,11.0933],[5.8552,11.0986],[5.8679,11.1069],[5.8923,11.1108],[5.8975,11.1136],[5.9068,11.1371],[5.915,11.1451],[5.9777,11.167],[6.0006,11.1436],[6.0159,11.138],[6.0253,11.1717],[6.0324,11.1813],[6.0485,11.2097],[6.0552,11.2178],[6.0591,11.2298],[6.0699,11.2271],[6.0659,11.2102],[6.0547,11.2016],[6.0468,11.1626],[6.0693,11.1642],[6.0763,11.1687],[6.0957,11.1769],[6.1059,11.1833],[6.1172,11.2074],[6.1165,11.2239],[6.1091,11.2354],[6.1087,11.2384],[6.1357,11.2954],[6.1478,11.3056],[6.1731,11.3179],[6.1906,11.3341],[6.1747,11.3594],[6.2044,11.3837],[6.2009,11.39],[6.1776,11.384],[6.1543,11.383],[6.0923,11.3863],[6.0796,11.3884],[6.0529,11.4015],[6.0388,11.4207],[6.0301,11.4436],[6.0257,11.4449],[6.0095,11.4626],[5.968,11.4669],[5.9612,11.4541],[5.9463,11.4495],[5.9366,11.4438],[5.9338,11.4366],[5.8906,11.4405],[5.8761,11.4396],[5.8442,11.4328],[5.8355,11.4354],[5.8268,11.4443],[5.8237,11.4567],[5.8246,11.4985],[5.8164,11.5155],[5.8172,11.5368],[5.8159,11.5424],[5.8173,11.5477],[5.816,11.5532],[5.8179,11.5571],[5.8172,11.5601],[5.8214,11.5663],[5.82,11.5747],[5.8261,11.5792],[5.8266,11.5861],[5.8298,11.5917],[5.8288,11.6248],[5.8223,11.6343],[5.8195,11.6484],[5.7878,11.6789],[5.7803,11.6839],[5.7607,11.6866],[5.705,11.688],[5.6962,11.6706],[5.691,11.6673],[5.6697,11.6614],[5.6394,11.6629],[5.6049,11.6686],[5.5802,11.6754],[5.5641,11.6844],[5.5537,11.6767],[5.5515,11.6726],[5.5416,11.6657],[5.5275,11.6613],[5.5205,11.6695],[5.5155,11.6705],[5.5141,11.6648],[5.5058,11.6631],[5.5025,11.6582],[5.4972,11.6559],[5.4813,11.6648],[5.4712,11.6638],[5.4659,11.6693],[5.4615,11.6714],[5.46,11.6731],[5.4595,11.6781],[5.4602,11.6844],[5.4564,11.6951],[5.4541,11.6989],[5.4402,11.7088],[5.4285,11.7067],[5.4222,11.7087],[5.4128,11.7043],[5.4052,11.7029],[5.4013,11.7053],[5.397,11.712],[5.394,11.7107],[5.3854,11.7121],[5.3759,11.7096],[5.3689,11.7144],[5.3659,11.7139],[5.3623,11.7101],[5.3499,11.7093],[5.349,11.7101],[5.3508,11.7155],[5.3559,11.7222],[5.3527,11.7296],[5.3408,11.7345],[5.3365,11.7396],[5.3366,11.7495],[5.328,11.7722],[5.3193,11.7731],[5.3071,11.7583],[5.2962,11.7553],[5.2971,11.7607],[5.3132,11.7723],[5.3175,11.7779],[5.3177,11.7876],[5.3158,11.7908],[5.3095,11.7937],[5.3015,11.7908],[5.3,11.7809],[5.2958,11.7745],[5.2928,11.7742],[5.288,11.7694],[5.2865,11.7693],[5.2837,11.7725],[5.2743,11.7759],[5.2708,11.78],[5.2638,11.7751],[5.2579,11.7735],[5.2517,11.7743],[5.2548,11.7673],[5.2538,11.7648],[5.238,11.7559],[5.2193,11.7578],[5.2207,11.7655],[5.2153,11.7684],[5.2139,11.7705],[5.2149,11.772],[5.2141,11.7751],[5.1952,11.7836],[5.1906,11.7841],[5.1898,11.7866],[5.1825,11.792],[5.1779,11.7924],[5.1773,11.7878],[5.1742,11.7834],[5.1704,11.7833],[5.1662,11.7799],[5.173,11.769],[5.1829,11.7673],[5.1836,11.7661],[5.184,11.7597],[5.1819,11.7518],[5.1774,11.7441],[5.1702,11.7422],[5.1682,11.7436],[5.1638,11.7433],[5.1629,11.7418],[5.1589,11.7407],[5.1565,11.7367],[5.1512,11.7385],[5.1479,11.7378],[5.1459,11.7369],[5.145,11.7325],[5.1404,11.7305],[5.1349,11.7303],[5.1342,11.7284],[5.1296,11.7289],[5.1273,11.731],[5.1249,11.7298],[5.103,11.7378],[5.0814,11.7323],[5.0732,11.7269],[5.0712,11.7199],[5.0651,11.7114],[5.0655,11.7089],[5.0628,11.7081],[5.0566,11.7128],[5.0516,11.7201],[5.0441,11.7238],[5.0381,11.7234],[5.0342,11.7195],[5.0303,11.7198],[5.0272,11.7231],[5.0285,11.731],[5.0273,11.7336],[5.0145,11.7442],[5.01,11.7454],[5.0088,11.7493],[5.0071,11.7497],[5.0057,11.7466],[5.0005,11.748],[4.9953,11.7447],[4.9899,11.7464],[4.988,11.745],[4.9871,11.7407],[4.9773,11.737],[4.9737,11.7382],[4.9661,11.736],[4.9639,11.7385],[4.9603,11.7397],[4.9527,11.7393],[4.945,11.735],[4.9441,11.7323],[4.941,11.7308],[4.9431,11.7268],[4.9388,11.7224],[4.9344,11.7221],[4.9318,11.7239],[4.9151,11.7218],[4.914,11.7166],[4.8991,11.7087],[4.8939,11.7092],[4.8937,11.7113],[4.8897,11.7139],[4.8895,11.7193],[4.8924,11.7319],[4.8912,11.7375],[4.8927,11.7468],[4.8895,11.7502],[4.8839,11.7511],[4.8786,11.7502],[4.8748,11.7401],[4.8726,11.7382],[4.8731,11.7345],[4.8698,11.7338],[4.8615,11.7358],[4.8498,11.7351],[4.8485,11.7444],[4.844,11.7521],[4.8368,11.7533],[4.8327,11.752],[4.8316,11.7567],[4.8283,11.7592],[4.8236,11.76],[4.8208,11.7629],[4.8198,11.7669],[4.8152,11.7661],[4.8093,11.7596],[4.8026,11.7577],[4.7994,11.7494],[4.7948,11.7473],[4.7937,11.743],[4.7912,11.7409],[4.7849,11.7384],[4.7805,11.7396],[4.7772,11.7373],[4.7683,11.739],[4.7615,11.7344],[4.7673,11.7204],[4.7648,11.7181],[4.7571,11.723],[4.7504,11.7195],[4.7451,11.7214],[4.7426,11.7152],[4.7385,11.7101],[4.7382,11.7074],[4.7334,11.7043],[4.7312,11.6998],[4.7211,11.6948],[4.7125,11.6912],[4.708,11.6921],[4.701,11.6906],[4.6989,11.6927],[4.6919,11.6859],[4.686,11.6862],[4.6765,11.6819],[4.6727,11.6835],[4.671,11.6907],[4.6644,11.6944],[4.6615,11.6939],[4.6592,11.6786],[4.6693,11.6748],[4.6668,11.6676],[4.635,11.6723],[4.6289,11.6681],[4.6231,11.6567],[4.6193,11.6556],[4.6153,11.6577],[4.586,11.6549],[4.5699,11.6329],[4.5462,11.6344],[4.551,11.6167],[4.5487,11.6108],[4.5475,11.5974],[4.5562,11.5866],[4.5699,11.5737],[4.5541,11.5646],[4.542,11.5603],[4.5228,11.5303],[4.4947,11.5326],[4.4828,11.532],[4.4968,11.5524],[4.4694,11.5765],[4.4192,11.6142],[4.4273,11.6706],[4.3968,11.6922],[4.3751,11.7146],[4.3716,11.7247],[4.3688,11.747],[4.3728,11.7467],[4.3767,11.7416],[4.381,11.7403],[4.3854,11.746],[4.3863,11.7495],[4.3849,11.7532],[4.3814,11.7535],[4.3807,11.7561],[4.3777,11.7581],[4.3779,11.7625],[4.3816,11.7603],[4.3892,11.7597],[4.3918,11.7558],[4.3939,11.7575],[4.4136,11.7302],[4.4172,11.7085],[4.4364,11.7108],[4.4491,11.7204],[4.4869,11.7405],[4.4987,11.75],[4.5097,11.7558],[4.5354,11.785],[4.549,11.7955],[4.544,11.8035],[4.5497,11.8109],[4.5508,11.8919],[4.5671,11.9196],[4.582,11.9965],[4.5882,12.0388],[4.5748,12.0747],[4.5523,12.0977],[4.5509,12.1318],[4.5559,12.2129],[4.5621,12.23],[4.5303,12.2396],[4.525,12.2458],[4.5243,12.2496],[4.5211,12.2514],[4.5237,12.2558],[4.5492,12.2508],[4.552,12.2842],[4.5571,12.2898],[4.5485,12.3015],[4.5599,12.3048],[4.5765,12.333],[4.5925,12.3468],[4.5864,12.3807],[4.5858,12.3889],[4.5878,12.3959],[4.5971,12.4031],[4.5993,12.4007],[4.6298,12.4329],[4.6643,12.4123],[4.6721,12.4066],[4.6812,12.3966],[4.6911,12.4],[4.703,12.3839],[4.703,12.3797],[4.7092,12.3649],[4.7221,12.3632],[4.736,12.3638],[4.7398,12.3656],[4.7539,12.3637],[4.7509,12.3894],[4.7518,12.3927],[4.7498,12.421],[4.7575,12.4496],[4.7694,12.4696],[4.8031,12.4852],[4.8119,12.5036],[4.7959,12.5124],[4.7947,12.5754],[4.7575,12.637],[4.7319,12.6721],[4.7303,12.7018],[4.7436,12.7373],[4.7603,12.7725],[4.7703,12.7893],[4.7758,12.7903],[4.8063,12.8042],[4.8068,12.8195],[4.7592,12.8744],[4.7405,12.8933],[4.711,12.9079],[4.7063,12.9124],[4.6982,12.9224],[4.6974,12.9287],[4.6943,12.9333],[4.6869,12.9388],[4.6579,12.9442],[4.6462,12.9486],[4.6495,12.9541],[4.6524,12.9543],[4.6607,12.9595],[4.6616,12.9659],[4.6595,12.9663],[4.6594,12.9689],[4.6634,12.9705],[4.6657,12.9696],[4.6662,12.9735],[4.6718,12.9766],[4.6735,12.9806],[4.678,12.9809],[4.6785,12.9795],[4.6806,12.9803],[4.678,12.9882],[4.6778,12.9991],[4.6867,13.0061],[4.7026,13.0258],[4.7247,13.0495],[4.7316,13.0528],[4.7263,13.0545],[4.7022,13.0732],[4.683,13.0789],[4.623,13.0701],[4.513,13.1367],[4.4975,13.16],[4.493,13.1623],[4.4903,13.1666],[4.4709,13.1788],[4.4605,13.1828],[4.4551,13.183],[4.4298,13.1927],[4.3918,13.1971],[4.3744,13.2011],[4.3002,13.2596],[4.258,13.2644],[4.2139,13.2637],[4.1786,13.2541],[4.1264,13.2497]]]}},{"type":"Feature","properties":{"name":"Kogi","code":"KO"},"geometry":{"type":"Polygon","coordinates":[[[6.8279,8.4576],[6.8248,8.4327],[6.8321,8.4253],[6.8321,8.4171],[6.8248,8.4042],[6.8331,8.4014],[6.8377,8.3968],[6.8367,8.3913],[6.8275,8.3794],[6.8229,8.3674],[6.811,8.3518],[6.8073,8.3426],[6.7908,8.3306],[6.7797,8.3316],[6.7724,8.3352],[6.7669,8.3086],[6.7604,8.3058],[6.7512,8.3049],[6.7494,8.2994],[6.7614,8.293],[6.7632,8.2819],[6.7614,8.2727],[6.7494,8.2635],[6.7439,8.2654],[6.7301,8.2838],[6.72,8.2746],[6.7274,8.2524],[6.7181,8.2433],[6.7145,8.2295],[6.7126,8.202],[6.6998,8.1891],[6.6913,8.183],[6.6883,8.202],[6.6837,8.213],[6.6717,8.2203],[6.6653,8.2268],[6.6414,8.2553],[6.6267,8.2874],[6.6138,8.2994],[6.6083,8.3141],[6.5991,8.3242],[6.5881,8.326],[6.5798,8.3306],[6.5513,8.3693],[6.5274,8.3757],[6.5035,8.4125],[6.4529,8.4483],[6.4313,8.5191],[6.4249,8.5494],[6.4139,8.5816],[6.4056,8.6119],[6.3983,8.6294],[6.3799,8.6487],[6.3753,8.6616],[6.3587,8.6846],[6.3238,8.7131],[6.3026,8.7278],[6.2677,8.7388],[6.2466,8.7388],[6.2085,8.7324],[6.1699,8.663],[6.1626,8.6378],[6.1479,8.5963],[6.1333,8.5678],[6.1251,8.5556],[6.1113,8.4312],[6.0975,8.4141],[6.078,8.3979],[6.0601,8.3938],[6.0406,8.393],[6.0137,8.4003],[5.9909,8.4019],[5.9787,8.4052],[5.9568,8.4084],[5.9251,8.4182],[5.9121,8.4239],[5.8494,8.4223],[5.8291,8.4263],[5.8185,8.4271],[5.8055,8.4255],[5.7827,8.4279],[5.7486,8.4377],[5.7047,8.4458],[5.6882,8.4529],[5.6429,8.4629],[5.5997,8.4889],[5.5745,8.506],[5.5542,8.5125],[5.5444,8.5231],[5.5241,8.5369],[5.5132,8.5385],[5.5146,8.5351],[5.503,8.5345],[5.4962,8.529],[5.4901,8.5182],[5.4766,8.4999],[5.4657,8.4924],[5.4535,8.4863],[5.4331,8.4665],[5.4124,8.4524],[5.3966,8.4383],[5.3419,8.3752],[5.3275,8.349],[5.3228,8.3444],[5.3215,8.3411],[5.3245,8.3338],[5.3323,8.3312],[5.3358,8.3286],[5.3532,8.3099],[5.3532,8.2868],[5.3567,8.2747],[5.3628,8.2734],[5.3723,8.2742],[5.381,8.2781],[5.3971,8.292],[5.4045,8.292],[5.4184,8.2838],[5.4215,8.2738],[5.4197,8.2677],[5.4219,8.2616],[5.4223,8.2512],[5.4188,8.2355],[5.4223,8.2281],[5.4319,8.2247],[5.4575,8.2064],[5.4662,8.2025],[5.4775,8.2051],[5.4949,8.2147],[5.5013,8.2153],[5.5104,8.2084],[5.5139,8.2124],[5.5236,8.2072],[5.5371,8.2055],[5.5397,8.1986],[5.5397,8.1908],[5.5367,8.1564],[5.5327,8.1468],[5.518,8.1312],[5.5045,8.1238],[5.498,8.1147],[5.498,8.1107],[5.5139,8.1112],[5.5136,8.0838],[5.5073,8.0455],[5.5073,8.0371],[5.5038,8.0236],[5.5059,8.0187],[5.5087,8.0176],[5.516,8.0222],[5.5376,8.0406],[5.5453,8.0441],[5.5508,8.051],[5.5766,8.0712],[5.5992,8.0737],[5.6246,8.0726],[5.6563,8.0747],[5.6597,8.0698],[5.6538,8.0643],[5.643,8.0591],[5.6399,8.0538],[5.6472,8.041],[5.6507,8.0236],[5.6625,8.0152],[5.6674,8.0086],[5.6681,8.0023],[5.6632,8.0002],[5.657,7.9943],[5.6507,7.9907],[5.6476,7.9862],[5.6472,7.9661],[5.6455,7.963],[5.6343,7.9585],[5.627,7.9571],[5.6142,7.9623],[5.6096,7.9661],[5.6016,7.9637],[5.5988,7.9585],[5.5988,7.9519],[5.602,7.9428],[5.6041,7.9265],[5.6086,7.9108],[5.6142,7.8656],[5.6232,7.843],[5.6305,7.835],[5.6427,7.8287],[5.6588,7.8277],[5.6684,7.829],[5.7102,7.8301],[5.729,7.8283],[5.7373,7.8211],[5.746,7.805],[5.7558,7.7956],[5.768,7.7876],[5.7916,7.7821],[5.773,7.7473],[5.7802,7.7458],[5.801,7.7333],[5.8164,7.7278],[5.8222,7.7331],[5.8277,7.734],[5.8426,7.7286],[5.85,7.7286],[5.8898,7.7436],[5.9194,7.7502],[5.9287,7.7466],[5.9306,7.7448],[5.9306,7.7411],[5.926,7.7318],[5.9215,7.7161],[5.9234,7.7078],[5.929,7.6958],[5.9357,7.6672],[5.9376,7.6488],[5.9685,7.6055],[5.9722,7.5982],[5.9759,7.5945],[5.9816,7.5825],[5.9965,7.5595],[6.0041,7.5356],[6.0041,7.5292],[6.013,7.5334],[6.0235,7.5473],[6.023,7.5496],[6.0254,7.559],[6.0289,7.5653],[6.0434,7.5775],[6.0485,7.5801],[6.1188,7.5914],[6.1299,7.5645],[6.1336,7.5521],[6.1383,7.5505],[6.1642,7.5502],[6.167,7.5452],[6.1623,7.5339],[6.1506,7.5189],[6.1286,7.5051],[6.1148,7.4988],[6.1101,7.4941],[6.1083,7.4907],[6.1083,7.4842],[6.1101,7.4572],[6.1124,7.4487],[6.1187,7.4463],[6.1279,7.4462],[6.1428,7.4496],[6.1597,7.4476],[6.1709,7.4441],[6.176,7.4341],[6.1799,7.43],[6.1828,7.4294],[6.1863,7.4329],[6.1869,7.4387],[6.2089,7.4496],[6.2196,7.4578],[6.2269,7.471],[6.2379,7.4756],[6.2592,7.4789],[6.2678,7.4818],[6.2812,7.501],[6.2955,7.4992],[6.3569,7.4149],[6.3798,7.3982],[6.4239,7.4175],[6.4282,7.4153],[6.4277,7.4105],[6.4322,7.4023],[6.4321,7.3977],[6.4222,7.389],[6.4267,7.382],[6.4325,7.3796],[6.4341,7.3767],[6.4357,7.3597],[6.4425,7.3568],[6.4505,7.3555],[6.4669,7.3653],[6.473,7.3606],[6.4858,7.342],[6.4973,7.333],[6.4996,7.3272],[6.4983,7.3184],[6.4999,7.3108],[6.4997,7.2922],[6.5081,7.2764],[6.508,7.27],[6.5114,7.267],[6.5149,7.267],[6.5299,7.2727],[6.5443,7.2749],[6.5695,7.2753],[6.6377,7.2942],[6.6692,7.24],[6.6747,7.2329],[6.6832,7.2299],[6.6853,7.223],[6.6933,7.2165],[6.7008,7.1785],[6.7158,7.1357],[6.7158,7.1207],[6.7115,7.1047],[6.6901,7.0683],[6.6773,7.0341],[6.6794,6.9688],[6.673,6.9357],[6.6527,6.9078],[6.6462,6.8854],[6.6216,6.8415],[6.6141,6.8308],[6.6108,6.8221],[6.6203,6.8001],[6.6237,6.796],[6.6235,6.7908],[6.6317,6.7691],[6.6262,6.7315],[6.6216,6.7223],[6.6179,6.7049],[6.628,6.6746],[6.6528,6.6343],[6.6592,6.6078],[6.6619,6.5729],[6.6617,6.5579],[6.672,6.5675],[6.7157,6.5603],[6.7641,6.5636],[6.7933,6.5723],[6.8081,6.5802],[6.809,6.6159],[6.799,6.6795],[6.8003,6.6935],[6.8064,6.7031],[6.8338,6.7222],[6.861,6.7534],[6.8683,6.7553],[6.8783,6.7606],[6.8968,6.7924],[6.9121,6.8007],[6.9234,6.802],[6.9254,6.7925],[6.9299,6.7865],[6.9448,6.7987],[6.9524,6.8081],[6.9522,6.8279],[6.9632,6.8445],[6.9782,6.85],[6.9868,6.8445],[6.99,6.8335],[6.99,6.8232],[6.9853,6.7988],[6.9861,6.7886],[6.9908,6.7854],[7.005,6.7854],[7.0207,6.7893],[7.0302,6.7854],[7.042,6.783],[7.0554,6.7862],[7.0601,6.7949],[7.0814,6.8004],[7.0932,6.8193],[7.1011,6.8287],[7.1129,6.8374],[7.12,6.8484],[7.1342,6.8547],[7.1468,6.8642],[7.1562,6.8831],[7.1701,6.8839],[7.1759,6.8965],[7.1877,6.9012],[7.2101,6.9035],[7.2154,6.9155],[7.2178,6.9253],[7.2329,6.9297],[7.2389,6.9414],[7.2381,6.9579],[7.2413,6.9713],[7.2578,6.9808],[7.2933,6.9942],[7.3122,7.0052],[7.3272,7.0241],[7.3705,7.0414],[7.3847,7.0517],[7.3894,7.0651],[7.3868,7.0861],[7.3944,7.0929],[7.4319,7.1016],[7.4355,7.0978],[7.4424,7.0959],[7.4574,7.0959],[7.4647,7.0892],[7.4704,7.0939],[7.4702,7.0868],[7.4825,7.0819],[7.491,7.0737],[7.502,7.069],[7.5257,7.0359],[7.5305,7.0323],[7.5436,7.0401],[7.5807,7.0272],[7.5932,7.018],[7.6011,7.0164],[7.6078,7.0176],[7.6111,7.0272],[7.6036,7.053],[7.5994,7.0793],[7.6019,7.0906],[7.6186,7.1081],[7.6299,7.1248],[7.6374,7.1327],[7.6355,7.1471],[7.6431,7.1583],[7.6724,7.1737],[7.6819,7.1854],[7.691,7.1918],[7.703,7.189],[7.7101,7.1831],[7.718,7.1836],[7.7293,7.1927],[7.7678,7.2063],[7.7794,7.2089],[7.7849,7.215],[7.79,7.2169],[7.7971,7.2331],[7.7942,7.2687],[7.8012,7.2926],[7.7791,7.3007],[7.7687,7.3019],[7.8026,7.3643],[7.7971,7.376],[7.8001,7.3918],[7.7994,7.4011],[7.7922,7.4099],[7.7929,7.4149],[7.7762,7.4195],[7.7683,7.427],[7.7641,7.4337],[7.7608,7.4516],[7.7586,7.4925],[7.7545,7.5129],[7.7558,7.5304],[7.7374,7.5391],[7.7378,7.5672],[7.7362,7.5994],[7.7318,7.6127],[7.7263,7.6145],[7.7243,7.6205],[7.7326,7.639],[7.7524,7.6397],[7.7524,7.6478],[7.7547,7.6477],[7.7526,7.7442],[7.7447,7.7687],[7.6929,7.8386],[7.6698,7.8848],[7.6636,7.9059],[7.6643,7.9351],[7.6768,8.0145],[7.6772,8.0166],[7.6249,8.0295],[7.5835,8.0377],[7.5053,8.0472],[7.4585,8.0466],[7.451,8.0486],[7.4458,8.0469],[7.4324,8.0478],[7.3932,8.0439],[7.3056,8.0277],[7.289,8.0222],[7.2538,8.015],[7.1959,7.993],[7.1179,7.959],[7.0728,7.9427],[7.0355,7.9231],[7.0063,7.9025],[6.9665,7.8791],[6.9636,7.8793],[6.9599,7.8968],[6.9544,7.905],[6.9526,7.9179],[6.9608,7.9427],[6.9636,7.9602],[6.9783,7.9859],[6.9792,8.0006],[6.9728,8.0199],[6.9709,8.0301],[6.987,8.0779],[6.987,8.0926],[6.9834,8.1155],[7.0027,8.167],[7.0008,8.1817],[6.9925,8.1955],[6.9797,8.2111],[6.9723,8.2249],[6.9705,8.2452],[6.965,8.2654],[6.953,8.2838],[6.9411,8.293],[6.9346,8.3012],[6.9346,8.3104],[6.942,8.3224],[6.9512,8.3463],[6.9558,8.3591],[6.9576,8.3748],[6.9696,8.3913],[6.9808,8.4437],[6.9774,8.4439],[6.9408,8.4589],[6.8279,8.4576]]]}},{"type":"Feature","properties":{"name":"Kwara","code":"KW"},"geometry":{"type":"Polygon","coordinates":[[[4.569,8.0548],[4.5981,8.0639],[4.603,8.0681],[4.6217,8.0757],[4.629,8.0745],[4.6339,8.0715],[4.6324,8.0612],[4.6339,8.057],[4.6374,8.0536],[4.6484,8.0536],[4.6595,8.0456],[4.6656,8.0433],[4.6736,8.0459],[4.6751,8.0498],[4.6873,8.057],[4.6922,8.0562],[4.6996,8.0491],[4.7044,8.0482],[4.7117,8.0597],[4.7212,8.0642],[4.7353,8.0635],[4.7548,8.065],[4.7662,8.0681],[4.7856,8.0684],[4.8053,8.0639],[4.8129,8.0593],[4.8186,8.0536],[4.83,8.0555],[4.8434,8.062],[4.8575,8.0726],[4.8548,8.086],[4.8518,8.0917],[4.8541,8.0955],[4.8777,8.0913],[4.8872,8.0909],[4.9132,8.0856],[4.9269,8.0799],[4.9395,8.0681],[4.9497,8.0555],[4.9608,8.0524],[4.9669,8.0467],[4.9684,8.0376],[4.9707,8.0326],[4.9692,8.0242],[4.9717,8.0237],[4.9732,8.0214],[4.9771,8.0259],[4.9805,8.0269],[4.9834,8.0323],[4.9952,8.0295],[4.999,8.0303],[5.01,8.0501],[5.0207,8.0593],[5.029,8.0639],[5.0325,8.0681],[5.0397,8.0719],[5.0443,8.07],[5.0496,8.0646],[5.0534,8.0578],[5.0576,8.0395],[5.0618,8.0382],[5.0724,8.031],[5.0757,8.025],[5.0844,8.0242],[5.1179,8.0626],[5.1423,8.0619],[5.1819,8.0363],[5.1883,8.0295],[5.1916,8.0224],[5.1958,8.0182],[5.2029,8.0171],[5.2308,8.022],[5.2568,8.0182],[5.2624,8.0129],[5.2829,8.0085],[5.3177,8.0077],[5.3324,8.0096],[5.352,8.0257],[5.3606,8.0385],[5.3614,8.0434],[5.3587,8.0634],[5.3587,8.0739],[5.3606,8.0829],[5.364,8.0905],[5.3712,8.0965],[5.3873,8.1021],[5.3983,8.1036],[5.4491,8.1059],[5.498,8.1107],[5.498,8.1147],[5.5045,8.1238],[5.518,8.1312],[5.5327,8.1468],[5.5367,8.1564],[5.5397,8.1908],[5.5397,8.1986],[5.5371,8.2055],[5.5236,8.2072],[5.5139,8.2124],[5.5104,8.2084],[5.5013,8.2153],[5.4949,8.2147],[5.4775,8.2051],[5.4662,8.2025],[5.4575,8.2064],[5.4319,8.2247],[5.4223,8.2281],[5.4188,8.2355],[5.4223,8.2512],[5.4219,8.2616],[5.4197,8.2677],[5.4215,8.2738],[5.4184,8.2838],[5.4045,8.292],[5.3971,8.292],[5.381,8.2781],[5.3723,8.2742],[5.3628,8.2734],[5.3567,8.2747],[5.3532,8.2868],[5.3532,8.3099],[5.3358,8.3286],[5.3323,8.3312],[5.3245,8.3338],[5.3215,8.3411],[5.3228,8.3444],[5.3275,8.349],[5.3419,8.3752],[5.3966,8.4383],[5.4124,8.4524],[5.4331,8.4665],[5.4535,8.4863],[5.4657,8.4924],[5.4766,8.4999],[5.4901,8.5182],[5.4962,8.529],[5.503,8.5345],[5.5146,8.5351],[5.5132,8.5385],[5.5241,8.5369],[5.5444,8.5231],[5.5542,8.5125],[5.5745,8.506],[5.5997,8.4889],[5.6429,8.4629],[5.6882,8.4529],[5.7047,8.4458],[5.7486,8.4377],[5.7827,8.4279],[5.8055,8.4255],[5.8185,8.4271],[5.8291,8.4263],[5.8494,8.4223],[5.9121,8.4239],[5.9251,8.4182],[5.9568,8.4084],[5.9787,8.4052],[5.9909,8.4019],[6.0137,8.4003],[6.0406,8.393],[6.0601,8.3938],[6.078,8.3979],[6.0975,8.4141],[6.1113,8.4312],[6.1251,8.5556],[6.1333,8.5678],[6.1479,8.5963],[6.1626,8.6378],[6.1699,8.663],[6.2085,8.7324],[6.2032,8.7346],[6.1853,8.7297],[6.1691,8.7215],[6.1495,8.7207],[6.1316,8.7516],[6.1146,8.7581],[6.0845,8.7606],[6.0332,8.759],[5.9999,8.7516],[5.9787,8.75],[5.9747,8.7565],[5.9438,8.7484],[5.9283,8.7427],[5.9015,8.75],[5.8868,8.7468],[5.7958,8.7419],[5.7746,8.7533],[5.7421,8.798],[5.7282,8.82],[5.7128,8.8289],[5.6916,8.8281],[5.6656,8.8305],[5.642,8.8354],[5.6193,8.8525],[5.6054,8.8679],[5.6014,8.8769],[5.5631,8.8988],[5.5436,8.9167],[5.5396,8.9306],[5.5254,8.9401],[5.5119,8.9442],[5.4854,8.9448],[5.4739,8.9476],[5.4664,8.9543],[5.4576,8.9686],[5.425,8.9788],[5.4081,8.9788],[5.3911,8.9828],[5.3755,8.9903],[5.3701,8.9964],[5.3484,8.9984],[5.3321,8.9957],[5.3233,8.9923],[5.3077,9.0005],[5.2975,9.0032],[5.2866,9.01],[5.2724,9.0147],[5.2378,9.0188],[5.2256,9.0269],[5.209,9.0351],[5.1968,9.0541],[5.1717,9.0873],[5.1595,9.107],[5.1079,9.1355],[5.0652,9.1626],[5.0482,9.1877],[5.0326,9.1979],[5.0163,9.2053],[4.9967,9.2074],[4.9716,9.2006],[4.9621,9.1931],[4.9234,9.1762],[4.9112,9.1714],[4.8861,9.1673],[4.8766,9.1612],[4.8761,9.1576],[4.8652,9.1503],[4.8572,9.1487],[4.8481,9.1412],[4.8282,9.1342],[4.8152,9.1316],[4.8126,9.1321],[4.8076,9.1364],[4.7853,9.1353],[4.7725,9.1476],[4.7687,9.1535],[4.7646,9.1499],[4.7519,9.1799],[4.7519,9.1995],[4.7572,9.2244],[4.7545,9.2479],[4.7375,9.2689],[4.7139,9.2781],[4.6851,9.2925],[4.6393,9.3082],[4.6171,9.3304],[4.6097,9.3618],[4.5784,9.3881],[4.5012,9.4404],[4.4436,9.5098],[4.3872,9.5622],[4.3506,9.5884],[4.2825,9.6945],[4.2065,9.7822],[4.1712,9.8202],[4.1529,9.8621],[4.1411,9.8608],[4.128,9.8516],[4.1188,9.8555],[4.1227,9.8608],[4.1241,9.8752],[4.1149,9.8817],[4.0952,9.8778],[4.0952,9.8673],[4.0835,9.8516],[4.0808,9.8516],[4.0782,9.8542],[4.0704,9.8568],[4.0573,9.8568],[4.052,9.8634],[4.0389,9.8647],[4.0272,9.8568],[4.0219,9.8568],[4.0167,9.8686],[4.0128,9.8856],[4.0114,9.8987],[4.0023,9.9066],[3.9853,9.8935],[3.98,9.9066],[3.9673,9.903],[3.9623,9.9079],[3.946,9.9079],[3.9362,9.9161],[3.9345,9.9275],[3.9427,9.9324],[3.9591,9.9341],[3.9607,9.9374],[3.9689,9.9423],[3.9705,9.9488],[3.9656,9.957],[3.9591,9.9603],[3.9411,9.9619],[3.9345,9.9668],[3.9362,9.9734],[3.9411,9.9766],[3.9525,9.9783],[3.9542,9.9832],[3.9492,9.9914],[3.9345,9.9996],[3.9214,9.9996],[3.91,9.9897],[3.887,9.9881],[3.887,10.0045],[3.8903,10.0159],[3.9034,10.0192],[3.8903,10.0307],[3.8723,10.0421],[3.8641,10.0503],[3.851,10.0552],[3.833,10.047],[3.8233,10.0543],[3.818,10.0668],[3.7991,10.0712],[3.794,10.0625],[3.7846,10.0625],[3.7802,10.0523],[3.7882,10.0384],[3.7882,10.0341],[3.7838,10.0312],[3.7751,10.0333],[3.7722,10.0406],[3.7715,10.0472],[3.762,10.0588],[3.7503,10.0683],[3.7431,10.0843],[3.7351,10.0879],[3.7343,10.0799],[3.7365,10.0748],[3.7365,10.0683],[3.7307,10.0683],[3.7154,10.0894],[3.7147,10.1018],[3.7125,10.1083],[3.6843,10.1567],[3.68,10.1202],[3.6758,10.1033],[3.6094,9.9481],[3.5589,9.8803],[3.5253,9.8442],[3.5211,9.8444],[3.5019,9.8533],[3.4769,9.8569],[3.3666,9.8373],[3.3529,9.8241],[3.3412,9.8079],[3.3335,9.7913],[3.3312,9.781],[3.3311,9.7558],[3.3372,9.735],[3.3528,9.7031],[3.2856,9.6364],[3.2456,9.5866],[3.2051,9.5314],[3.1714,9.4964],[3.1417,9.4411],[3.1419,9.4292],[3.145,9.4189],[3.1522,9.4056],[3.1669,9.3658],[3.1664,9.3028],[3.1304,9.1923],[3.095,9.0906],[2.9875,9.0611],[2.9679,9.0813],[2.9051,9.0792],[2.8142,9.0652],[2.7947,9.0569],[2.7894,9.0439],[2.7831,9.0167],[2.7453,8.7953],[2.743,8.7708],[2.7564,8.5752],[2.8024,8.6104],[2.8884,8.6088],[2.9207,8.6119],[2.9422,8.638],[3.0145,8.7103],[3.0514,8.7287],[3.1036,8.7502],[3.1636,8.8086],[3.1836,8.8117],[3.1974,8.7963],[3.2374,8.7825],[3.2819,8.804],[3.388,8.8425],[3.5248,8.9285],[3.6,8.9569],[3.601,8.9634],[3.5998,8.9766],[3.5944,8.9891],[3.5933,8.9954],[3.5957,8.9993],[3.6079,8.9993],[3.6175,9.0032],[3.6384,8.9989],[3.6541,9.0015],[3.6605,8.9985],[3.6738,9.0046],[3.6871,9.0034],[3.6915,8.9966],[3.7204,9.016],[3.7431,9.0469],[3.7523,9.0869],[3.7538,9.1207],[3.7707,9.1468],[3.7953,9.1653],[3.8261,9.1822],[3.863,9.1883],[3.9214,9.1729],[3.9444,9.1483],[3.9721,9.0776],[3.9906,9.0484],[4.0121,9.0346],[4.2105,8.97],[4.2534,8.967],[4.2903,8.9916],[4.3164,8.9977],[4.3256,8.9946],[4.3349,8.9808],[4.3349,8.9577],[4.321,8.9424],[4.258,8.9009],[4.2211,8.8609],[4.195,8.8163],[4.1904,8.7533],[4.2134,8.6826],[4.2091,8.6807],[4.3481,8.3912],[4.3917,8.304],[4.418,8.2734],[4.4406,8.254],[4.4406,8.2506],[4.4597,8.2336],[4.4616,8.2274],[4.4719,8.2164],[4.4805,8.2105],[4.4839,8.2027],[4.4941,8.1667],[4.4941,8.1334],[4.4954,8.1171],[4.5056,8.092],[4.5335,8.0716],[4.5573,8.0587],[4.569,8.0548]]]}},{"type":"Feature","properties":{"name":"Lagos","code":"LA"},"geometry":{"type":"Polygon","coordinates":[[[2.7046,6.4598],[2.6988,6.4588],[2.6992,6.4316],[2.7015,6.4118],[2.6998,6.3752],[2.706,6.375],[2.8191,6.3898],[2.9252,6.3945],[2.9922,6.3947],[3.0069,6.3966],[3.0369,6.3966],[3.1812,6.4024],[3.2147,6.4016],[3.2582,6.4029],[3.335,6.4009],[3.3596,6.3977],[3.4017,6.3986],[3.4046,6.4119],[3.4088,6.4161],[3.4301,6.4222],[3.4304,6.4238],[3.44,6.4186],[3.4609,6.4201],[3.4678,6.4173],[3.4773,6.4177],[3.4818,6.4193],[3.4918,6.4183],[3.4967,6.4195],[3.5761,6.4213],[3.6723,6.4221],[3.7148,6.4241],[3.8054,6.4353],[3.8602,6.4357],[3.8719,6.4341],[3.8964,6.4337],[3.9755,6.4258],[4.077,6.4106],[4.0846,6.408],[4.1922,6.3881],[4.2593,6.3792],[4.2929,6.377],[4.3508,6.3704],[4.3597,6.3678],[4.3672,6.4071],[4.3686,6.4385],[4.3537,6.4511],[4.3284,6.4481],[4.321,6.4514],[4.3122,6.4453],[4.2913,6.4501],[4.2848,6.4559],[4.2763,6.4559],[4.2659,6.452],[4.2641,6.4451],[4.2601,6.4442],[4.2507,6.4493],[4.2476,6.4552],[4.2384,6.4565],[4.2349,6.4591],[4.2308,6.4686],[4.2248,6.4734],[4.2049,6.4721],[4.2021,6.4755],[4.1958,6.4762],[4.183,6.483],[4.1734,6.4844],[4.1693,6.4875],[4.1679,6.4991],[4.1636,6.507],[4.1735,6.512],[4.1817,6.5207],[4.1979,6.5287],[4.2086,6.5299],[4.2256,6.5397],[4.2327,6.5469],[4.2393,6.5623],[4.241,6.5716],[4.2224,6.5957],[4.2136,6.5989],[4.1932,6.5953],[4.1778,6.6041],[4.1633,6.5952],[4.1562,6.5888],[4.1444,6.5822],[4.1318,6.5798],[4.1282,6.5744],[4.1213,6.5699],[4.1168,6.5558],[4.1095,6.5542],[4.1013,6.5577],[4.101,6.5679],[4.0988,6.5719],[4.0905,6.5696],[4.0717,6.5713],[4.0696,6.5726],[4.0702,6.5762],[4.0612,6.5852],[4.0586,6.596],[4.0584,6.6087],[4.0545,6.6152],[4.0547,6.622],[4.0576,6.6208],[4.0624,6.6286],[4.0585,6.6345],[4.0628,6.6364],[4.0706,6.6318],[4.0762,6.6334],[4.0792,6.6357],[4.0833,6.6362],[4.0933,6.6462],[4.09,6.6475],[4.0964,6.6526],[4.0939,6.6664],[4.0969,6.6715],[4.0913,6.6797],[3.9825,6.6827],[3.9788,6.6919],[3.9121,6.6812],[3.8623,6.6827],[3.7572,6.6827],[3.7552,6.684],[3.6963,6.6842],[3.6912,6.6824],[3.6849,6.6834],[3.4614,6.6833],[3.459,6.6735],[3.4432,6.6859],[3.4392,6.6828],[3.4398,6.6755],[3.4435,6.6739],[3.4442,6.6711],[3.4425,6.6685],[3.4421,6.6628],[3.4477,6.6618],[3.4481,6.6549],[3.4521,6.6409],[3.3925,6.6385],[3.3908,6.6398],[3.3822,6.6391],[3.3839,6.6411],[3.3784,6.6393],[3.3706,6.6417],[3.3637,6.6494],[3.3527,6.6523],[3.3521,6.656],[3.354,6.6573],[3.3484,6.6612],[3.345,6.6726],[3.3281,6.6717],[3.3172,6.6757],[3.3155,6.6743],[3.3118,6.6749],[3.3069,6.6791],[3.2855,6.6868],[3.2725,6.6984],[3.2631,6.7002],[3.2577,6.697],[3.2562,6.6883],[3.257,6.6835],[3.2541,6.6786],[3.2443,6.6658],[3.2384,6.6608],[3.2378,6.6198],[3.2274,6.6078],[3.2246,6.6018],[3.2118,6.5947],[3.2051,6.5886],[3.2044,6.5862],[3.1933,6.5778],[3.1917,6.5696],[3.1921,6.5677],[3.1936,6.5689],[3.1953,6.567],[3.1985,6.5597],[3.2001,6.5505],[3.1986,6.5458],[3.2012,6.5441],[3.2003,6.5363],[3.2014,6.5326],[3.1962,6.5304],[3.1887,6.5307],[3.1844,6.527],[3.1753,6.5148],[3.1634,6.5111],[3.1604,6.5081],[3.1552,6.508],[3.151,6.5059],[3.1455,6.5059],[3.1423,6.5078],[3.1159,6.5049],[3.1086,6.5033],[3.103,6.4996],[3.0936,6.5001],[3.0772,6.4924],[3.0723,6.4972],[3.0598,6.5018],[2.9542,6.5018],[2.954,6.5127],[2.9503,6.5141],[2.9377,6.5132],[2.9351,6.5163],[2.9314,6.512],[2.9347,6.5104],[2.935,6.5086],[2.93,6.5086],[2.9265,6.5047],[2.9248,6.5082],[2.9265,6.5119],[2.9243,6.5127],[2.9189,6.5129],[2.9174,6.5115],[2.8855,6.5114],[2.8894,6.4865],[2.8888,6.4813],[2.8843,6.4743],[2.8765,6.4699],[2.8646,6.4693],[2.86,6.4668],[2.8581,6.4632],[2.8582,6.4491],[2.8395,6.4488],[2.8314,6.4449],[2.8183,6.4546],[2.7937,6.4621],[2.7823,6.4606],[2.7734,6.454],[2.7592,6.4525],[2.7377,6.4526],[2.7298,6.4598],[2.723,6.4615],[2.7046,6.4598]]]}},{"type":"Feature","properties":{"name":"Nasarawa","code":"NA"},"geometry":{"type":"Polygon","coordinates":[[[6.9808,8.4437],[6.9696,8.3913],[6.9576,8.3748],[6.9558,8.3591],[6.9512,8.3463],[6.942,8.3224],[6.9346,8.3104],[6.9346,8.3012],[6.9411,8.293],[6.953,8.2838],[6.965,8.2654],[6.9705,8.2452],[6.9723,8.2249],[6.9797,8.2111],[6.9925,8.1955],[7.0008,8.1817],[7.0027,8.167],[6.9834,8.1155],[6.987,8.0926],[6.987,8.0779],[6.9709,8.0301],[6.9728,8.0199],[6.9792,8.0006],[6.9783,7.9859],[6.9636,7.9602],[6.9608,7.9427],[6.9526,7.9179],[6.9544,7.905],[6.9599,7.8968],[6.9636,7.8793],[6.9665,7.8791],[7.0063,7.9025],[7.0355,7.9231],[7.0728,7.9427],[7.1179,7.959],[7.1959,7.993],[7.2538,8.015],[7.289,8.0222],[7.3056,8.0277],[7.3932,8.0439],[7.4324,8.0478],[7.4458,8.0469],[7.451,8.0486],[7.4585,8.0466],[7.5053,8.0472],[7.5835,8.0377],[7.6249,8.0295],[7.6772,8.0166],[7.6768,8.0145],[7.6975,8.0137],[7.7607,8.0034],[7.8384,7.9853],[7.8673,7.9862],[7.877,7.9834],[7.9031,7.969],[7.9729,7.9392],[7.9947,7.923],[8.0724,7.8774],[8.0952,7.869],[8.1138,7.8639],[8.1599,7.8597],[8.1804,7.8526],[8.1831,7.8532],[8.2152,7.8346],[8.2748,7.8146],[8.3455,7.7843],[8.3722,7.77],[8.4032,7.7662],[8.412,7.7685],[8.4206,7.7742],[8.419,7.7782],[8.4201,7.7826],[8.4155,7.792],[8.4158,7.8],[8.4103,7.8081],[8.4067,7.8177],[8.406,7.8296],[8.4015,7.8382],[8.3985,7.8574],[8.3919,7.8788],[8.3911,7.8905],[8.389,7.8926],[8.374,7.8992],[8.3479,7.9282],[8.3397,7.961],[8.3444,7.9734],[8.3603,7.9623],[8.3603,7.9873],[8.3635,8.0166],[8.3711,8.0463],[8.3909,8.0783],[8.4266,8.1122],[8.4663,8.1392],[8.5037,8.1582],[8.5244,8.1573],[8.5605,8.1401],[8.588,8.1289],[8.6371,8.1162],[8.6967,8.0964],[8.7805,8.0752],[8.9108,8.0563],[8.9641,8.0613],[9.0254,8.0626],[9.057,8.0776],[9.0625,8.0745],[9.1147,8.008],[9.1327,7.9913],[9.1458,7.9701],[9.1791,7.9081],[9.2204,7.9265],[9.2507,7.9447],[9.2811,7.9559],[9.3355,7.9855],[9.346,8.0019],[9.4041,8.0456],[9.4154,8.0619],[9.414,8.0711],[9.4034,8.0801],[9.395,8.0937],[9.3926,8.1018],[9.3919,8.1328],[9.3869,8.1488],[9.3914,8.1558],[9.4006,8.1594],[9.4063,8.1653],[9.4118,8.1769],[9.4058,8.1872],[9.3905,8.2018],[9.3821,8.2058],[9.3712,8.2151],[9.3467,8.2261],[9.3296,8.2363],[9.3234,8.2535],[9.3255,8.2638],[9.3425,8.2837],[9.3545,8.315],[9.3566,8.3266],[9.3633,8.3405],[9.377,8.35],[9.3897,8.3491],[9.4202,8.3324],[9.4832,8.3061],[9.4925,8.3039],[9.5041,8.3053],[9.518,8.3021],[9.5469,8.305],[9.5922,8.2967],[9.6097,8.2913],[9.6154,8.2948],[9.6175,8.3029],[9.6138,8.3178],[9.6119,8.35],[9.6168,8.3718],[9.605,8.3858],[9.6016,8.3927],[9.5945,8.3932],[9.5886,8.3968],[9.5592,8.4015],[9.5323,8.4141],[9.528,8.4153],[9.5203,8.415],[9.4702,8.4312],[9.4421,8.4456],[9.4362,8.4501],[9.4269,8.4534],[9.4082,8.4641],[9.3885,8.4728],[9.3806,8.4783],[9.3553,8.483],[9.3516,8.4809],[9.3439,8.4805],[9.3363,8.4783],[9.3212,8.4697],[9.3116,8.4694],[9.2907,8.4627],[9.2889,8.4607],[9.2733,8.4639],[9.2639,8.4596],[9.2619,8.4614],[9.2543,8.4592],[9.212,8.4573],[9.2023,8.4588],[9.1826,8.4676],[9.177,8.4635],[9.1749,8.4672],[9.1525,8.4527],[9.1458,8.4434],[9.1386,8.4383],[9.1324,8.4287],[9.1285,8.4304],[9.1275,8.4337],[9.1244,8.4341],[9.1215,8.4382],[9.1011,8.4389],[9.0972,8.4406],[9.0968,8.4483],[9.1032,8.4642],[9.1014,8.4736],[9.0883,8.4836],[9.0801,8.488],[9.0758,8.486],[9.0699,8.4877],[9.0664,8.4925],[9.0599,8.4969],[9.0592,8.5123],[9.0494,8.5197],[9.0434,8.5184],[9.0368,8.5125],[9.0264,8.5128],[9.0195,8.5099],[9.0136,8.5121],[9.0103,8.5153],[9.0051,8.5137],[8.9973,8.5173],[8.9825,8.5273],[8.9751,8.5375],[8.975,8.5414],[8.9785,8.5492],[8.984,8.5532],[8.9841,8.5582],[8.9874,8.5645],[8.981,8.5782],[8.9832,8.5851],[8.9834,8.5966],[8.9778,8.6052],[8.97,8.6056],[8.9583,8.6122],[8.9512,8.6213],[8.9498,8.6339],[8.9423,8.6522],[8.9402,8.6672],[8.9348,8.6679],[8.9257,8.6772],[8.9139,8.6862],[8.9107,8.703],[8.9028,8.7193],[8.8921,8.7329],[8.8919,8.7404],[8.896,8.7483],[8.9044,8.755],[8.9047,8.7581],[8.9011,8.7639],[8.9006,8.7755],[8.9079,8.7836],[8.924,8.7825],[8.9327,8.7855],[8.9383,8.7937],[8.9451,8.7996],[8.9506,8.8158],[8.9511,8.8271],[8.9498,8.8356],[8.9553,8.8416],[8.9588,8.8495],[8.974,8.8541],[8.9856,8.8526],[8.9896,8.8509],[8.9991,8.8532],[9.003,8.8515],[9.0106,8.8538],[9.0235,8.8659],[9.0318,8.8952],[9.0445,8.9132],[9.046,8.9229],[9.0625,8.9391],[9.0682,8.9413],[9.0719,8.9453],[9.0735,8.9531],[9.0712,8.9607],[9.0671,8.9663],[9.0684,8.9799],[9.0707,8.9878],[9.067,9.0079],[9.0627,9.0182],[9.0567,9.0238],[9.045,9.0271],[9.0239,9.0242],[9.0202,9.0221],[9.0009,9.0213],[8.9953,9.019],[8.9668,9.015],[8.9549,9.0173],[8.9511,9.0152],[8.9241,9.0159],[8.8949,9.0224],[8.8854,9.0216],[8.8755,9.0254],[8.862,9.0267],[8.8502,9.03],[8.8117,9.0303],[8.806,9.0327],[8.7982,9.0316],[8.7899,9.0428],[8.7895,9.0524],[8.7994,9.0712],[8.7919,9.0834],[8.7802,9.0868],[8.7688,9.0953],[8.7685,9.0979],[8.7601,9.1052],[8.7616,9.1132],[8.7613,9.1207],[8.7675,9.1363],[8.7676,9.1574],[8.765,9.1652],[8.7611,9.167],[8.749,9.178],[8.7081,9.1878],[8.6908,9.187],[8.687,9.1849],[8.6773,9.1864],[8.6733,9.1901],[8.6675,9.1899],[8.6615,9.1954],[8.6578,9.2077],[8.6548,9.1873],[8.6498,9.1731],[8.6303,9.137],[8.6207,9.1149],[8.5936,9.0906],[8.5707,9.0633],[8.5668,9.0608],[8.564,9.0522],[8.5677,9.0495],[8.5696,9.044],[8.5758,9.042],[8.5763,9.0344],[8.564,9.0327],[8.5622,9.0302],[8.5621,9.0267],[8.5576,9.0259],[8.5541,9.0204],[8.5476,9.0142],[8.5333,9.0044],[8.514,9.0007],[8.5043,9.0014],[8.4986,9.0113],[8.4907,9.0377],[8.4766,9.0554],[8.4739,9.073],[8.4466,9.1126],[8.4308,9.1258],[8.4184,9.1399],[8.3955,9.162],[8.3873,9.1757],[8.3646,9.1814],[8.3433,9.1945],[8.3381,9.1924],[8.334,9.1851],[8.3283,9.1811],[8.3185,9.1804],[8.3088,9.1864],[8.3009,9.1885],[8.2851,9.1849],[8.2584,9.1829],[8.2535,9.1472],[8.2328,9.1048],[8.1919,9.0524],[8.1376,9.0362],[8.0991,9.0397],[8.0616,9.0521],[8.0708,9.1546],[8.0872,9.2307],[8.0781,9.2463],[8.0609,9.2658],[8.0149,9.2849],[7.9967,9.2947],[7.9839,9.2979],[7.9406,9.3142],[7.9191,9.3174],[7.8974,9.3059],[7.8725,9.29],[7.8268,9.2764],[7.8084,9.2728],[7.7929,9.2756],[7.7639,9.2959],[7.7312,9.3261],[7.7241,9.3293],[7.6676,9.3037],[7.5887,9.1291],[7.5947,8.8564],[7.5917,8.8349],[7.502,8.6687],[7.496,8.6543],[7.4793,8.6328],[7.443,8.5933],[7.4181,8.5699],[7.396,8.5384],[7.3803,8.5215],[7.3653,8.4877],[7.3133,8.4736],[7.2705,8.4644],[7.1334,8.4495],[7.1397,8.4432],[7.141,8.4353],[7.1242,8.4228],[7.0835,8.4193],[7.0863,8.4327],[7.0799,8.4431],[7.0359,8.4397],[6.9808,8.4437]]]}},{"type":"Feature","properties":{"name":"Niger","code":"NI"},"geometry":{"type":"Polygon","coordinates":[[[7.3786,9.3365],[7.3536,9.3378],[7.334,9.3408],[7.2737,9.3293],[7.2323,9.3177],[7.2224,9.3323],[7.2214,9.3753],[7.2009,9.4598],[7.219,9.4927],[7.2295,9.4998],[7.2514,9.521],[7.2485,9.535],[7.2339,9.5648],[7.2589,9.5891],[7.2961,9.6135],[7.3056,9.6277],[7.2979,9.6489],[7.2764,9.6899],[7.256,9.7126],[7.2227,9.7409],[7.2047,9.7583],[7.2105,9.7801],[7.224,9.7876],[7.2315,9.791],[7.2517,9.7944],[7.2601,9.7868],[7.2677,9.7834],[7.2736,9.7834],[7.2854,9.7893],[7.2913,9.8003],[7.2929,9.8112],[7.2921,9.8238],[7.2887,9.8406],[7.2929,9.8516],[7.2949,9.853],[7.2965,9.8698],[7.2955,9.8718],[7.2955,9.8877],[7.2938,9.9079],[7.2854,9.9332],[7.2862,9.95],[7.2811,9.965],[7.2803,9.9996],[7.2778,10.0164],[7.2702,10.0282],[7.2541,10.0392],[7.2408,10.04],[7.2324,10.0433],[7.2291,10.0384],[7.2221,10.0373],[7.216,10.0374],[7.2139,10.04],[7.2071,10.0417],[7.2004,10.0333],[7.1886,10.0274],[7.1794,10.0274],[7.1668,10.0333],[7.1382,10.0358],[7.1249,10.033],[7.123,10.0299],[7.1121,10.0265],[7.1054,10.0265],[7.1037,10.0316],[7.1003,10.0299],[7.0919,10.0324],[7.0852,10.0366],[7.065,10.0425],[7.0339,10.0442],[7.0187,10.0383],[7.0085,10.0448],[6.9523,10.0476],[6.9405,10.061],[6.9262,10.0677],[6.9144,10.0778],[6.9012,10.0764],[6.8821,10.1171],[6.8853,10.1508],[6.8949,10.1581],[6.9038,10.1685],[6.911,10.179],[6.915,10.1886],[6.9214,10.191],[6.9271,10.1862],[6.9287,10.1806],[6.9423,10.1806],[6.9545,10.192],[6.9656,10.2151],[6.9704,10.2328],[6.9825,10.244],[6.9849,10.2368],[6.9873,10.2368],[6.9961,10.2448],[7.0026,10.2472],[7.0034,10.2416],[7.0082,10.2424],[7.0098,10.2504],[7.0194,10.2737],[7.0323,10.2874],[7.0459,10.2914],[7.0492,10.301],[7.0508,10.3171],[7.0435,10.3267],[7.0339,10.3436],[7.0202,10.3541],[6.9969,10.3565],[6.9772,10.3648],[6.9488,10.3605],[6.9343,10.3613],[6.9263,10.3701],[6.9231,10.3822],[6.9383,10.4336],[6.9463,10.4504],[6.9544,10.4625],[6.9535,10.4822],[6.9479,10.4914],[6.9359,10.5002],[6.9299,10.5111],[6.9235,10.5123],[6.9266,10.517],[6.919,10.5308],[6.9126,10.538],[6.8691,10.5554],[6.8612,10.5508],[6.8564,10.538],[6.8492,10.5308],[6.8443,10.5283],[6.8395,10.5316],[6.8355,10.538],[6.8411,10.5573],[6.8419,10.5725],[6.8351,10.5958],[6.8295,10.5998],[6.8295,10.6247],[6.8166,10.6384],[6.803,10.6432],[6.7853,10.6392],[6.7599,10.6453],[6.7511,10.6421],[6.7418,10.6439],[6.7296,10.6419],[6.7198,10.6435],[6.7166,10.6415],[6.7142,10.6341],[6.7243,10.6177],[6.7313,10.5964],[6.7259,10.5894],[6.7098,10.5875],[6.696,10.591],[6.6809,10.5894],[6.6471,10.5934],[6.5869,10.5741],[6.5741,10.5573],[6.5561,10.5469],[6.5492,10.5452],[6.5403,10.5452],[6.5323,10.5532],[6.5251,10.5645],[6.5216,10.5728],[6.5211,10.5822],[6.5243,10.595],[6.5138,10.6054],[6.4945,10.6157],[6.483,10.6049],[6.4804,10.6074],[6.4771,10.6081],[6.4724,10.6061],[6.4692,10.6003],[6.4599,10.5942],[6.4573,10.5939],[6.4558,10.5957],[6.4504,10.595],[6.4467,10.5942],[6.4459,10.5906],[6.4356,10.5908],[6.4244,10.5771],[6.4099,10.575],[6.4064,10.5728],[6.4024,10.5744],[6.3972,10.5727],[6.3971,10.5694],[6.3912,10.5613],[6.3918,10.5569],[6.3865,10.5509],[6.3829,10.5404],[6.3698,10.5279],[6.3553,10.5112],[6.3271,10.4952],[6.3154,10.4802],[6.3238,10.4535],[6.3216,10.4435],[6.3201,10.4406],[6.31,10.4326],[6.3023,10.4314],[6.3043,10.4247],[6.2971,10.4181],[6.2914,10.4231],[6.2862,10.4235],[6.2876,10.4203],[6.2872,10.4144],[6.2859,10.4138],[6.2545,10.4274],[6.2442,10.4119],[6.2357,10.3848],[6.2319,10.3865],[6.226,10.3846],[6.2219,10.3858],[6.2194,10.3894],[6.2167,10.3894],[6.2138,10.3823],[6.2071,10.3731],[6.2046,10.3725],[6.1967,10.3783],[6.1928,10.3787],[6.1842,10.3753],[6.1826,10.3738],[6.1805,10.366],[6.1734,10.3591],[6.1697,10.3585],[6.1709,10.365],[6.1693,10.3664],[6.1692,10.3713],[6.1731,10.3809],[6.1773,10.3858],[6.1751,10.3881],[6.1723,10.3885],[6.1696,10.3955],[6.1663,10.3964],[6.1644,10.3986],[6.1629,10.4039],[6.1645,10.4081],[6.1623,10.4096],[6.1614,10.4176],[6.1749,10.4422],[6.1583,10.5008],[6.0922,10.5218],[6.0943,10.531],[6.0936,10.5462],[6.0997,10.5475],[6.109,10.5452],[6.1144,10.5486],[6.12,10.5501],[6.1257,10.5567],[6.1254,10.5616],[6.1287,10.5688],[6.1299,10.5777],[6.134,10.5901],[6.1275,10.5963],[6.1171,10.6021],[6.1147,10.6068],[6.1214,10.6286],[6.1234,10.6322],[6.1275,10.6344],[6.127,10.6386],[6.1308,10.646],[6.1305,10.6577],[6.1331,10.6605],[6.1331,10.6674],[6.1402,10.6705],[6.141,10.6732],[6.1372,10.6792],[6.1326,10.679],[6.1258,10.6853],[6.1176,10.6868],[6.1142,10.6919],[6.1164,10.6942],[6.1119,10.7004],[6.1075,10.7018],[6.0989,10.7017],[6.0969,10.6982],[6.0928,10.699],[6.0944,10.7055],[6.0938,10.7106],[6.1037,10.7162],[6.1073,10.721],[6.1071,10.7277],[6.1106,10.7319],[6.1116,10.7361],[6.1167,10.7403],[6.1165,10.7429],[6.111,10.7499],[6.1131,10.7602],[6.1039,10.7695],[6.102,10.7747],[6.1057,10.7775],[6.1101,10.7897],[6.1112,10.7997],[6.1135,10.8052],[6.1126,10.8139],[6.1223,10.815],[6.1268,10.8186],[6.1303,10.818],[6.1364,10.8253],[6.1304,10.8339],[6.122,10.8361],[6.1226,10.8449],[6.1488,10.855],[6.1541,10.8547],[6.1567,10.8528],[6.1606,10.854],[6.1628,10.8561],[6.1637,10.86],[6.1624,10.8656],[6.164,10.8682],[6.1578,10.8851],[6.1646,10.8931],[6.2092,10.9018],[6.2178,10.9051],[6.233,10.9221],[6.234,10.9266],[6.2321,10.9332],[6.2375,10.9453],[6.2418,10.9453],[6.2482,10.9486],[6.251,10.9483],[6.2544,10.9554],[6.2608,10.9595],[6.2623,10.9629],[6.2654,10.9636],[6.2665,10.9661],[6.2423,10.9886],[6.2235,10.9965],[6.2083,11.0048],[6.1961,11.0177],[6.1626,11.043],[6.1275,11.0539],[6.12,11.0597],[6.1127,11.0613],[6.066,11.055],[6.0464,11.0544],[6.0399,11.0665],[6.0327,11.0753],[6.0263,11.101],[6.0167,11.1183],[6.014,11.1297],[6.0159,11.138],[6.0006,11.1436],[5.9777,11.167],[5.915,11.1451],[5.9068,11.1371],[5.8975,11.1136],[5.8923,11.1108],[5.8679,11.1069],[5.8552,11.0986],[5.8358,11.0933],[5.8261,11.0931],[5.809,11.0875],[5.8003,11.0825],[5.7752,11.06],[5.7691,11.0494],[5.7656,11.0394],[5.7569,11.0289],[5.7401,11.0234],[5.7348,11.0062],[5.729,10.9984],[5.7034,10.9897],[5.68,10.9757],[5.6651,10.9735],[5.6365,10.965],[5.585,10.9668],[5.5783,10.9689],[5.5753,10.9651],[5.5748,10.9607],[5.5729,10.9606],[5.571,10.9572],[5.5716,10.9537],[5.5678,10.952],[5.5642,10.9542],[5.5602,10.9521],[5.5595,10.9493],[5.5562,10.9474],[5.5509,10.9526],[5.546,10.9535],[5.5421,10.9597],[5.5385,10.959],[5.537,10.9608],[5.5342,10.9716],[5.531,10.9776],[5.5245,10.9831],[5.5224,10.9905],[5.5197,10.9899],[5.5189,10.992],[5.5138,10.9931],[5.5103,10.9865],[5.5102,10.981],[5.5086,10.981],[5.5051,10.985],[5.5016,10.9847],[5.5007,10.9753],[5.4473,10.9835],[5.4306,10.9906],[5.4112,11.0044],[5.389,11.0375],[5.3911,11.064],[5.3871,11.0922],[5.3938,11.1178],[5.4084,11.1168],[5.4134,11.1209],[5.4052,11.1266],[5.4028,11.144],[5.404,11.147],[5.3939,11.1619],[5.3897,11.1734],[5.3846,11.2024],[5.3898,11.2206],[5.3892,11.2311],[5.3796,11.235],[5.3795,11.243],[5.373,11.2628],[5.3724,11.2701],[5.3686,11.2826],[5.3574,11.3064],[5.3485,11.3389],[5.3424,11.3387],[5.3364,11.3404],[5.3364,11.3476],[5.3331,11.3564],[5.2687,11.3189],[5.2497,11.3094],[5.2431,11.2906],[5.2444,11.2449],[5.2334,11.2182],[5.1855,11.228],[5.0713,11.2376],[5.0713,11.2271],[5.0625,11.2086],[5.0576,11.2046],[5.0528,11.2054],[5.0488,11.2111],[5.0488,11.2279],[5.0528,11.2311],[5.0625,11.2448],[5.0649,11.2544],[5.0585,11.2705],[5.052,11.2729],[5.0456,11.2729],[5.0408,11.2705],[5.0344,11.2649],[5.0327,11.2608],[5.0255,11.256],[5.0167,11.2512],[5.0119,11.252],[5.0054,11.2576],[5.0032,11.267],[4.9989,11.2754],[4.9964,11.2842],[5.0018,11.291],[4.9997,11.2945],[4.996,11.3104],[4.9883,11.313],[4.9813,11.3195],[4.9725,11.3396],[4.9725,11.3476],[4.9709,11.3532],[4.9661,11.3621],[4.9589,11.3693],[4.9443,11.3674],[4.9385,11.3641],[4.9285,11.3762],[4.9133,11.3855],[4.8981,11.3906],[4.8978,11.3875],[4.8881,11.3782],[4.8773,11.3709],[4.8832,11.3608],[4.8832,11.3593],[4.881,11.3582],[4.879,11.3548],[4.8715,11.3529],[4.8674,11.3581],[4.8632,11.3578],[4.8543,11.3549],[4.8543,11.3514],[4.8521,11.3501],[4.8476,11.3487],[4.8404,11.3509],[4.83,11.3361],[4.8232,11.3362],[4.8194,11.3397],[4.8156,11.3361],[4.8115,11.3403],[4.7887,11.3252],[4.7568,11.3132],[4.7477,11.3114],[4.7438,11.3068],[4.7378,11.3042],[4.7329,11.3068],[4.7279,11.3062],[4.7268,11.302],[4.7119,11.2971],[4.7105,11.291],[4.7133,11.2837],[4.7082,11.2751],[4.7045,11.2722],[4.7039,11.268],[4.7081,11.2641],[4.739,11.2511],[4.7034,11.2285],[4.7053,11.2211],[4.7223,11.2059],[4.7327,11.1896],[4.7405,11.1693],[4.7413,11.1532],[4.7461,11.1476],[4.7576,11.143],[4.7653,11.1369],[4.7794,11.1314],[4.7802,11.1287],[4.7858,11.1238],[4.7886,11.1189],[4.8026,11.114],[4.8144,11.1161],[4.8178,11.1195],[4.8397,11.1139],[4.8607,11.1034],[4.8633,11.1001],[4.8766,11.0917],[4.8982,11.0875],[4.9087,11.0819],[4.9345,11.084],[4.9799,11.0805],[4.9918,11.0701],[4.9911,11.061],[4.996,11.054],[5.0092,11.0519],[5.0211,11.054],[5.0274,11.0505],[5.0406,11.0519],[5.063,11.0124],[5.068,10.9898],[5.0814,10.9505],[5.0822,10.9271],[5.0755,10.9154],[5.0546,10.9045],[5.0345,10.8995],[5.0253,10.8903],[5.0262,10.8719],[5.0287,10.8593],[5.0345,10.8458],[5.0471,10.825],[5.0588,10.8208],[5.0839,10.8175],[5.0998,10.8083],[5.109,10.7957],[5.1073,10.7857],[5.1023,10.7723],[5.101,10.7613],[5.0947,10.7614],[5.088,10.7568],[5.0848,10.7589],[5.0784,10.7482],[5.0661,10.7471],[5.0634,10.7446],[5.0613,10.7399],[5.0553,10.738],[5.0479,10.7372],[5.0393,10.7414],[5.0299,10.7498],[5.0269,10.7504],[5.0138,10.7384],[5.012,10.7239],[5.0085,10.7217],[5.0031,10.7221],[4.9868,10.7171],[4.9793,10.7171],[4.9735,10.7104],[4.9652,10.7075],[4.955,10.7062],[4.9507,10.6986],[4.951,10.6938],[4.9469,10.6901],[4.9417,10.6887],[4.9327,10.6889],[4.9302,10.6937],[4.9275,10.6947],[4.9205,10.6891],[4.9083,10.6902],[4.9006,10.6952],[4.8966,10.7048],[4.8937,10.7066],[4.8736,10.7024],[4.8702,10.7035],[4.8662,10.708],[4.8625,10.7082],[4.8462,10.6992],[4.8438,10.6995],[4.8406,10.7037],[4.8364,10.7058],[4.8257,10.7084],[4.8095,10.6979],[4.807,10.6929],[4.8145,10.6744],[4.812,10.6619],[4.8028,10.6527],[4.7961,10.6293],[4.802,10.6134],[4.8145,10.6042],[4.8237,10.595],[4.822,10.559],[4.8195,10.5381],[4.8187,10.5071],[4.8329,10.4879],[4.8451,10.4787],[4.8534,10.4603],[4.8759,10.4593],[4.9062,10.4542],[4.932,10.4395],[4.9503,10.3897],[4.9465,10.2853],[4.8715,10.2183],[4.7939,10.2607],[4.7777,10.2566],[4.7287,10.2482],[4.697,10.2403],[4.6694,10.2261],[4.6711,10.2118],[4.6465,10.205],[4.6504,10.1986],[4.6495,10.1815],[4.6392,10.1378],[4.6248,10.1027],[4.53,10.1006],[4.5269,10.1112],[4.5275,10.143],[4.5518,10.1949],[4.5674,10.2229],[4.5687,10.246],[4.5661,10.246],[4.5661,10.2568],[4.56,10.2681],[4.5418,10.2871],[4.5184,10.2984],[4.4908,10.314],[4.483,10.3287],[4.4864,10.3685],[4.4795,10.4213],[4.4856,10.4698],[4.4985,10.5174],[4.5101,10.5352],[4.5851,10.5639],[4.5937,10.57],[4.5935,10.5717],[4.5969,10.576],[4.5981,10.5764],[4.5992,10.5702],[4.6008,10.5707],[4.602,10.5773],[4.6031,10.577],[4.6072,10.5827],[4.6067,10.584],[4.6029,10.585],[4.6071,10.5865],[4.6105,10.586],[4.6156,10.5906],[4.6173,10.588],[4.6172,10.5932],[4.6192,10.5955],[4.621,10.5955],[4.6195,10.5997],[4.6208,10.6004],[4.6244,10.5975],[4.6241,10.6005],[4.6255,10.6011],[4.6258,10.6036],[4.6297,10.6088],[4.6368,10.6145],[4.6438,10.619],[4.6461,10.6166],[4.6513,10.6185],[4.6588,10.6295],[4.6715,10.6411],[4.6908,10.6629],[4.6909,10.6694],[4.688,10.6835],[4.6892,10.692],[4.6878,10.6937],[4.6895,10.6946],[4.6931,10.7019],[4.6975,10.7189],[4.695,10.7305],[4.6959,10.7432],[4.6925,10.7447],[4.6948,10.7507],[4.6945,10.7758],[4.6964,10.7903],[4.6993,10.7985],[4.6981,10.8012],[4.6997,10.8018],[4.7021,10.8141],[4.7074,10.8243],[4.7097,10.8327],[4.7096,10.8517],[4.7204,10.8594],[4.7227,10.8669],[4.7182,10.8854],[4.7156,10.8903],[4.706,10.9],[4.695,10.9193],[4.6903,10.9168],[4.6778,10.9172],[4.6761,10.9163],[4.6738,10.9174],[4.6575,10.9005],[4.6457,10.8937],[4.643,10.8945],[4.6353,10.8912],[4.6303,10.8915],[4.6298,10.8906],[4.6279,10.8912],[4.6266,10.8941],[4.6253,10.8927],[4.6164,10.8907],[4.6148,10.8885],[4.6092,10.8889],[4.608,10.8878],[4.6056,10.8895],[4.6022,10.8882],[4.5997,10.8892],[4.598,10.8929],[4.5935,10.8929],[4.5685,10.9087],[4.5398,10.92],[4.524,10.9162],[4.4503,10.8859],[4.4072,10.8772],[4.3811,10.88],[4.3622,10.8891],[4.3385,10.9035],[4.3298,10.9514],[4.3016,10.9487],[4.2772,10.9544],[4.2751,10.9609],[4.2633,10.9767],[4.2637,10.9829],[4.2566,10.9903],[4.2589,10.998],[4.266,11.012],[4.2656,11.019],[4.2671,11.0253],[4.2439,11.024],[4.2254,11.0193],[4.2149,11.0222],[4.184,11.0246],[4.1004,11.0263],[4.0684,11.022],[3.998,11.0179],[3.9959,11.0163],[3.993,11.0165],[3.9531,10.9657],[3.9328,10.943],[3.8023,10.9461],[3.7732,10.9201],[3.77,10.9197],[3.7753,10.8986],[3.7594,10.8475],[3.7467,10.8267],[3.7458,10.8203],[3.7486,10.8031],[3.7539,10.7944],[3.7856,10.7569],[3.8261,10.7142],[3.8356,10.7097],[3.8488,10.6828],[3.855,10.585],[3.8128,10.4494],[3.7936,10.4056],[3.7894,10.4028],[3.7592,10.415],[3.7014,10.4494],[3.6953,10.4503],[3.6839,10.4481],[3.64,10.4156],[3.6372,10.4117],[3.5819,10.2753],[3.6442,10.1994],[3.6767,10.1839],[3.6806,10.1808],[3.6839,10.1706],[3.6843,10.1567],[3.7125,10.1083],[3.7147,10.1018],[3.7154,10.0894],[3.7307,10.0683],[3.7365,10.0683],[3.7365,10.0748],[3.7343,10.0799],[3.7351,10.0879],[3.7431,10.0843],[3.7503,10.0683],[3.762,10.0588],[3.7715,10.0472],[3.7722,10.0406],[3.7751,10.0333],[3.7838,10.0312],[3.7882,10.0341],[3.7882,10.0384],[3.7802,10.0523],[3.7846,10.0625],[3.794,10.0625],[3.7991,10.0712],[3.818,10.0668],[3.8233,10.0543],[3.833,10.047],[3.851,10.0552],[3.8641,10.0503],[3.8723,10.0421],[3.8903,10.0307],[3.9034,10.0192],[3.8903,10.0159],[3.887,10.0045],[3.887,9.9881],[3.91,9.9897],[3.9214,9.9996],[3.9345,9.9996],[3.9492,9.9914],[3.9542,9.9832],[3.9525,9.9783],[3.9411,9.9766],[3.9362,9.9734],[3.9345,9.9668],[3.9411,9.9619],[3.9591,9.9603],[3.9656,9.957],[3.9705,9.9488],[3.9689,9.9423],[3.9607,9.9374],[3.9591,9.9341],[3.9427,9.9324],[3.9345,9.9275],[3.9362,9.9161],[3.946,9.9079],[3.9623,9.9079],[3.9673,9.903],[3.98,9.9066],[3.9853,9.8935],[4.0023,9.9066],[4.0114,9.8987],[4.0128,9.8856],[4.0167,9.8686],[4.0219,9.8568],[4.0272,9.8568],[4.0389,9.8647],[4.052,9.8634],[4.0573,9.8568],[4.0704,9.8568],[4.0782,9.8542],[4.0808,9.8516],[4.0835,9.8516],[4.0952,9.8673],[4.0952,9.8778],[4.1149,9.8817],[4.1241,9.8752],[4.1227,9.8608],[4.1188,9.8555],[4.128,9.8516],[4.1411,9.8608],[4.1529,9.8621],[4.1712,9.8202],[4.2065,9.7822],[4.2825,9.6945],[4.3506,9.5884],[4.3872,9.5622],[4.4436,9.5098],[4.5012,9.4404],[4.5784,9.3881],[4.6097,9.3618],[4.6171,9.3304],[4.6393,9.3082],[4.6851,9.2925],[4.7139,9.2781],[4.7375,9.2689],[4.7545,9.2479],[4.7572,9.2244],[4.7519,9.1995],[4.7519,9.1799],[4.7646,9.1499],[4.7687,9.1535],[4.7725,9.1476],[4.7853,9.1353],[4.8076,9.1364],[4.8126,9.1321],[4.8152,9.1316],[4.8282,9.1342],[4.8481,9.1412],[4.8572,9.1487],[4.8652,9.1503],[4.8761,9.1576],[4.8766,9.1612],[4.8861,9.1673],[4.9112,9.1714],[4.9234,9.1762],[4.9621,9.1931],[4.9716,9.2006],[4.9967,9.2074],[5.0163,9.2053],[5.0326,9.1979],[5.0482,9.1877],[5.0652,9.1626],[5.1079,9.1355],[5.1595,9.107],[5.1717,9.0873],[5.1968,9.0541],[5.209,9.0351],[5.2256,9.0269],[5.2378,9.0188],[5.2724,9.0147],[5.2866,9.01],[5.2975,9.0032],[5.3077,9.0005],[5.3233,8.9923],[5.3321,8.9957],[5.3484,8.9984],[5.3701,8.9964],[5.3755,8.9903],[5.3911,8.9828],[5.4081,8.9788],[5.425,8.9788],[5.4576,8.9686],[5.4664,8.9543],[5.4739,8.9476],[5.4854,8.9448],[5.5119,8.9442],[5.5254,8.9401],[5.5396,8.9306],[5.5436,8.9167],[5.5631,8.8988],[5.6014,8.8769],[5.6054,8.8679],[5.6193,8.8525],[5.642,8.8354],[5.6656,8.8305],[5.6916,8.8281],[5.7128,8.8289],[5.7282,8.82],[5.7421,8.798],[5.7746,8.7533],[5.7958,8.7419],[5.8868,8.7468],[5.9015,8.75],[5.9283,8.7427],[5.9438,8.7484],[5.9747,8.7565],[5.9787,8.75],[5.9999,8.7516],[6.0332,8.759],[6.0845,8.7606],[6.1146,8.7581],[6.1316,8.7516],[6.1495,8.7207],[6.1691,8.7215],[6.1853,8.7297],[6.2032,8.7346],[6.2085,8.7324],[6.2466,8.7388],[6.2677,8.7388],[6.3026,8.7278],[6.3238,8.7131],[6.3587,8.6846],[6.3753,8.6616],[6.3799,8.6487],[6.3983,8.6294],[6.4056,8.6119],[6.4139,8.5816],[6.4249,8.5494],[6.4313,8.5191],[6.4529,8.4483],[6.5035,8.4125],[6.5274,8.3757],[6.5513,8.3693],[6.5798,8.3306],[6.5881,8.326],[6.5991,8.3242],[6.6083,8.3141],[6.6138,8.2994],[6.6267,8.2874],[6.6414,8.2553],[6.6653,8.2268],[6.6717,8.2203],[6.6837,8.213],[6.6883,8.202],[6.6913,8.183],[6.6998,8.1891],[6.7126,8.202],[6.7145,8.2295],[6.7181,8.2433],[6.7274,8.2524],[6.72,8.2746],[6.7301,8.2838],[6.7439,8.2654],[6.7494,8.2635],[6.7614,8.2727],[6.7632,8.2819],[6.7614,8.293],[6.7494,8.2994],[6.7512,8.3049],[6.7604,8.3058],[6.7669,8.3086],[6.7724,8.3352],[6.7797,8.3316],[6.7908,8.3306],[6.8073,8.3426],[6.811,8.3518],[6.8229,8.3674],[6.8275,8.3794],[6.8367,8.3913],[6.8377,8.3968],[6.8331,8.4014],[6.8248,8.4042],[6.8321,8.4171],[6.8321,8.4253],[6.8248,8.4327],[6.8279,8.4576],[6.7846,8.4576],[6.7825,8.5715],[6.78,8.5803],[6.7813,8.7439],[6.7901,8.7901],[6.7923,8.8403],[6.7831,8.8489],[6.7881,9.2702],[7.0153,9.269],[7.2198,9.1135],[7.3308,9.2694],[7.3526,9.3069],[7.3567,9.3101],[7.3591,9.309],[7.3786,9.3365]]]}},{"type":"Feature","properties":{"name":"Ogun","code":"OG"},"geometry":{"type":"Polygon","coordinates":[[[4.4832,6.3261],[4.4884,6.3362],[4.4964,6.3323],[4.5029,6.327],[4.503,6.3228],[4.5053,6.3202],[4.5225,6.3132],[4.5473,6.3118],[4.572,6.2973],[4.5785,6.3084],[4.5876,6.319],[4.5949,6.3319],[4.5976,6.3467],[4.5984,6.3662],[4.5821,6.3781],[4.5758,6.381],[4.5608,6.3832],[4.5555,6.3864],[4.5464,6.3878],[4.5148,6.3971],[4.5046,6.3952],[4.4824,6.3868],[4.4747,6.3883],[4.4731,6.3932],[4.4759,6.4025],[4.4786,6.4052],[4.4798,6.409],[4.5036,6.4155],[4.5129,6.4137],[4.5168,6.4106],[4.52,6.4111],[4.5231,6.4073],[4.5315,6.4065],[4.5352,6.4083],[4.5425,6.4222],[4.5563,6.4426],[4.56,6.4509],[4.5663,6.4768],[4.5662,6.4897],[4.5643,6.499],[4.6033,6.4909],[4.6052,6.4922],[4.6061,6.4992],[4.6042,6.5038],[4.5976,6.5185],[4.5882,6.5324],[4.5899,6.5674],[4.5981,6.5933],[4.6008,6.6091],[4.6008,6.6183],[4.597,6.6293],[4.5923,6.6367],[4.5867,6.6413],[4.5784,6.6422],[4.5673,6.6366],[4.5645,6.6338],[4.5378,6.6013],[4.5323,6.5902],[4.5286,6.5865],[4.5185,6.5643],[4.5121,6.5541],[4.5039,6.5282],[4.4994,6.5069],[4.4966,6.5051],[4.491,6.5087],[4.4751,6.5446],[4.4647,6.5769],[4.4652,6.5821],[4.4581,6.6027],[4.4543,6.6073],[4.4265,6.6127],[4.4032,6.6246],[4.3874,6.63],[4.3828,6.6346],[4.3771,6.6451],[4.3761,6.6632],[4.3872,6.6697],[4.389,6.6744],[4.3897,6.7159],[4.4072,6.7315],[4.4146,6.7417],[4.4173,6.7463],[4.4219,6.762],[4.4292,6.7695],[4.4487,6.7797],[4.4579,6.7881],[4.4801,6.8039],[4.5059,6.8179],[4.5189,6.8217],[4.5374,6.8331],[4.5467,6.8413],[4.552,6.8747],[4.5575,6.8895],[4.5562,6.9588],[4.5616,6.9883],[4.5643,6.9957],[4.5726,7.005],[4.5848,7.014],[4.6022,7.0237],[4.6096,7.0311],[4.6046,7.0314],[4.5924,7.0287],[4.5772,7.0234],[4.5593,7.0215],[4.5425,7.0211],[4.5342,7.0238],[4.5224,7.0245],[4.5163,7.0226],[4.4889,6.9918],[4.4801,6.9906],[4.4634,6.9933],[4.4542,7.0009],[4.4382,7.0047],[4.4245,7.0024],[4.4169,6.9941],[4.4005,6.9807],[4.3904,6.9809],[4.3864,6.9896],[4.376,6.9948],[4.3743,6.9989],[4.371,7.018],[4.3787,7.0261],[4.3712,7.0325],[4.3701,7.0365],[4.3703,7.0562],[4.3686,7.0591],[4.3344,7.0708],[4.2982,7.0906],[4.2848,7.0918],[4.2685,7.0884],[4.2615,7.0837],[4.2334,7.0583],[4.2235,7.0531],[4.2188,7.0471],[4.206,7.0451],[4.1979,7.0492],[4.1949,7.0615],[4.1902,7.0698],[4.186,7.0854],[4.183,7.1113],[4.1712,7.1707],[4.1689,7.1741],[4.162,7.1711],[4.1567,7.165],[4.0884,7.1334],[4.0851,7.1319],[4.0691,7.1323],[4.0577,7.1372],[4.0459,7.1384],[4.0193,7.1246],[4.0055,7.1285],[3.9976,7.1262],[3.9656,7.1098],[3.9602,7.0923],[3.9534,7.0881],[3.9389,7.0839],[3.8165,7.0828],[3.7838,7.0801],[3.74,7.0816],[3.7312,7.0806],[3.7276,7.0836],[3.7248,7.0877],[3.7274,7.0969],[3.7385,7.1033],[3.7526,7.1079],[3.7815,7.1212],[3.7929,7.1323],[3.7944,7.1395],[3.7872,7.1639],[3.7773,7.1806],[3.7777,7.192],[3.7804,7.2027],[3.7689,7.2236],[3.7636,7.2305],[3.7598,7.2811],[3.7625,7.2922],[3.7623,7.3009],[3.7468,7.2995],[3.7184,7.3013],[3.7155,7.3025],[3.7143,7.3048],[3.7175,7.328],[3.7198,7.3874],[3.6935,7.388],[3.6935,7.4001],[3.7022,7.4096],[3.7067,7.4115],[3.7071,7.4473],[3.6827,7.4451],[3.6653,7.4451],[3.6572,7.4434],[3.6038,7.443],[3.555,7.4414],[3.5405,7.4397],[3.5323,7.4264],[3.5247,7.4206],[3.5223,7.4154],[3.4977,7.3946],[3.4838,7.3923],[3.4791,7.3894],[3.4744,7.3889],[3.4727,7.3912],[3.4734,7.3964],[3.481,7.4068],[3.4829,7.4172],[3.4715,7.4387],[3.4594,7.4497],[3.4606,7.4573],[3.4636,7.4607],[3.4666,7.4711],[3.4522,7.4862],[3.4535,7.4949],[3.4459,7.4938],[3.4214,7.4765],[3.4115,7.4713],[3.3931,7.4558],[3.4002,7.4493],[3.399,7.4441],[3.3961,7.4406],[3.385,7.4355],[3.3815,7.4308],[3.3814,7.4262],[3.3843,7.421],[3.3813,7.4158],[3.3859,7.4048],[3.3858,7.4013],[3.3805,7.3961],[3.3758,7.3868],[3.3594,7.3741],[3.35,7.3632],[3.3435,7.3493],[3.3329,7.3342],[3.324,7.3152],[3.3194,7.314],[3.3066,7.314],[3.2962,7.3181],[3.287,7.3245],[3.2825,7.3355],[3.2572,7.3605],[3.2566,7.3634],[3.2491,7.3675],[3.23,7.3699],[3.1981,7.3688],[3.183,7.37],[3.1616,7.3753],[3.1553,7.3782],[3.1404,7.3956],[3.1153,7.4081],[3.1073,7.4162],[3.0982,7.4309],[3.0907,7.4367],[3.0826,7.439],[3.0754,7.4514],[3.0732,7.463],[3.0692,7.4705],[3.0692,7.4757],[3.0769,7.4913],[3.0736,7.5024],[3.069,7.5076],[3.0645,7.5198],[3.0526,7.5215],[3.0428,7.5279],[3.0303,7.544],[3.0222,7.5464],[3.0207,7.5529],[3.0068,7.5558],[3.004,7.5622],[2.9845,7.5852],[2.9768,7.6023],[2.9732,7.6062],[2.9727,7.6117],[2.9804,7.621],[2.9906,7.6247],[2.994,7.629],[2.9983,7.6414],[3.001,7.662],[2.9971,7.6667],[2.997,7.6706],[2.9923,7.6745],[2.9958,7.6765],[2.9965,7.6801],[2.9937,7.6818],[2.9892,7.6821],[2.9934,7.6878],[3.0033,7.6911],[2.9987,7.694],[2.9967,7.6978],[3.0013,7.7001],[3.0118,7.7019],[3.0139,7.7037],[3.0072,7.7088],[3.0055,7.7117],[3.017,7.7258],[3.0177,7.7307],[3.0159,7.7355],[3.0221,7.7441],[3.0218,7.7489],[3.0235,7.7518],[3.0299,7.7557],[3.0298,7.7585],[3.027,7.7591],[3.0239,7.7635],[3.0257,7.769],[3.0252,7.7777],[3.0227,7.7806],[3.0248,7.7903],[3.0298,7.7919],[3.0327,7.7957],[3.0284,7.8054],[3.0115,7.8304],[3.0061,7.8317],[2.9918,7.8542],[2.9884,7.8558],[2.9872,7.8551],[2.9849,7.8498],[2.9854,7.8459],[2.9822,7.8281],[2.9832,7.8162],[2.9818,7.8074],[2.9699,7.7779],[2.969,7.7661],[2.9636,7.7549],[2.9612,7.7442],[2.9556,7.7372],[2.9486,7.7317],[2.9441,7.7243],[2.9375,7.7204],[2.9325,7.7145],[2.9235,7.7091],[2.9202,7.7078],[2.9176,7.7161],[2.9171,7.721],[2.92,7.7298],[2.9192,7.7418],[2.9211,7.7497],[2.9172,7.758],[2.8963,7.7627],[2.8861,7.769],[2.885,7.7778],[2.8876,7.7916],[2.8863,7.8024],[2.8863,7.8251],[2.8827,7.8341],[2.8809,7.8575],[2.8862,7.8743],[2.8881,7.89],[2.8947,7.9019],[2.9072,7.9133],[2.9199,7.9215],[2.9282,7.9242],[2.9308,7.9278],[2.925,7.9304],[2.9102,7.9316],[2.9058,7.9299],[2.8945,7.9299],[2.8783,7.9263],[2.8721,7.9268],[2.8543,7.9315],[2.8487,7.931],[2.8441,7.9337],[2.8395,7.9335],[2.8333,7.9374],[2.8216,7.951],[2.8127,7.952],[2.8017,7.9486],[2.7939,7.9423],[2.7926,7.9282],[2.7909,7.9225],[2.7853,7.9132],[2.7767,7.905],[2.7704,7.9034],[2.7491,7.887],[2.7398,7.8752],[2.7302,7.8685],[2.7219,7.8593],[2.7125,7.852],[2.7403,7.8136],[2.7422,7.8086],[2.7431,7.7964],[2.7428,7.7828],[2.7391,7.7547],[2.7166,7.5986],[2.7279,7.466],[2.7337,7.3333],[2.7445,7.24],[2.7466,7.1501],[2.7497,7.0942],[2.7372,7.0241],[2.7031,6.9892],[2.7101,6.9794],[2.7099,6.9767],[2.7031,6.9643],[2.7047,6.9587],[2.7104,6.9505],[2.7326,6.9246],[2.7352,6.9144],[2.7358,6.8966],[2.7391,6.8795],[2.7507,6.8684],[2.7405,6.8582],[2.7417,6.8435],[2.7402,6.8343],[2.7384,6.8297],[2.7331,6.8233],[2.7313,6.8181],[2.7241,6.7944],[2.724,6.7816],[2.7291,6.7723],[2.7326,6.7689],[2.7481,6.7595],[2.7591,6.756],[2.7655,6.7572],[2.7823,6.756],[2.7869,6.7502],[2.7845,6.7415],[2.7838,6.7316],[2.7802,6.7235],[2.78,6.6952],[2.7782,6.6917],[2.7671,6.6852],[2.7521,6.67],[2.7483,6.6617],[2.7323,6.6372],[2.7323,6.6304],[2.7282,6.6241],[2.7336,6.591],[2.7432,6.5632],[2.7326,6.547],[2.7262,6.5401],[2.7232,6.5326],[2.7068,6.5204],[2.7015,6.5123],[2.7003,6.5083],[2.702,6.5002],[2.7112,6.4944],[2.7105,6.4863],[2.7134,6.4839],[2.714,6.4799],[2.7115,6.4706],[2.7045,6.4637],[2.7046,6.4598],[2.723,6.4615],[2.7298,6.4598],[2.7377,6.4526],[2.7592,6.4525],[2.7734,6.454],[2.7823,6.4606],[2.7937,6.4621],[2.8183,6.4546],[2.8314,6.4449],[2.8395,6.4488],[2.8582,6.4491],[2.8581,6.4632],[2.86,6.4668],[2.8646,6.4693],[2.8765,6.4699],[2.8843,6.4743],[2.8888,6.4813],[2.8894,6.4865],[2.8855,6.5114],[2.9174,6.5115],[2.9189,6.5129],[2.9243,6.5127],[2.9265,6.5119],[2.9248,6.5082],[2.9265,6.5047],[2.93,6.5086],[2.935,6.5086],[2.9347,6.5104],[2.9314,6.512],[2.9351,6.5163],[2.9377,6.5132],[2.9503,6.5141],[2.954,6.5127],[2.9542,6.5018],[3.0598,6.5018],[3.0723,6.4972],[3.0772,6.4924],[3.0936,6.5001],[3.103,6.4996],[3.1086,6.5033],[3.1159,6.5049],[3.1423,6.5078],[3.1455,6.5059],[3.151,6.5059],[3.1552,6.508],[3.1604,6.5081],[3.1634,6.5111],[3.1753,6.5148],[3.1844,6.527],[3.1887,6.5307],[3.1962,6.5304],[3.2014,6.5326],[3.2003,6.5363],[3.2012,6.5441],[3.1986,6.5458],[3.2001,6.5505],[3.1985,6.5597],[3.1953,6.567],[3.1936,6.5689],[3.1921,6.5677],[3.1917,6.5696],[3.1933,6.5778],[3.2044,6.5862],[3.2051,6.5886],[3.2118,6.5947],[3.2246,6.6018],[3.2274,6.6078],[3.2378,6.6198],[3.2384,6.6608],[3.2443,6.6658],[3.2541,6.6786],[3.257,6.6835],[3.2562,6.6883],[3.2577,6.697],[3.2631,6.7002],[3.2725,6.6984],[3.2855,6.6868],[3.3069,6.6791],[3.3118,6.6749],[3.3155,6.6743],[3.3172,6.6757],[3.3281,6.6717],[3.345,6.6726],[3.3484,6.6612],[3.354,6.6573],[3.3521,6.656],[3.3527,6.6523],[3.3637,6.6494],[3.3706,6.6417],[3.3784,6.6393],[3.3839,6.6411],[3.3822,6.6391],[3.3908,6.6398],[3.3925,6.6385],[3.4521,6.6409],[3.4481,6.6549],[3.4477,6.6618],[3.4421,6.6628],[3.4425,6.6685],[3.4442,6.6711],[3.4435,6.6739],[3.4398,6.6755],[3.4392,6.6828],[3.4432,6.6859],[3.459,6.6735],[3.4614,6.6833],[3.6849,6.6834],[3.6912,6.6824],[3.6963,6.6842],[3.7552,6.684],[3.7572,6.6827],[3.8623,6.6827],[3.9121,6.6812],[3.9788,6.6919],[3.9825,6.6827],[4.0913,6.6797],[4.0969,6.6715],[4.0939,6.6664],[4.0964,6.6526],[4.09,6.6475],[4.0933,6.6462],[4.0833,6.6362],[4.0792,6.6357],[4.0762,6.6334],[4.0706,6.6318],[4.0628,6.6364],[4.0585,6.6345],[4.0624,6.6286],[4.0576,6.6208],[4.0547,6.622],[4.0545,6.6152],[4.0584,6.6087],[4.0586,6.596],[4.0612,6.5852],[4.0702,6.5762],[4.0696,6.5726],[4.0717,6.5713],[4.0905,6.5696],[4.0988,6.5719],[4.101,6.5679],[4.1013,6.5577],[4.1095,6.5542],[4.1168,6.5558],[4.1213,6.5699],[4.1282,6.5744],[4.1318,6.5798],[4.1444,6.5822],[4.1562,6.5888],[4.1633,6.5952],[4.1778,6.6041],[4.1932,6.5953],[4.2136,6.5989],[4.2224,6.5957],[4.241,6.5716],[4.2393,6.5623],[4.2327,6.5469],[4.2256,6.5397],[4.2086,6.5299],[4.1979,6.5287],[4.1817,6.5207],[4.1735,6.512],[4.1636,6.507],[4.1679,6.4991],[4.1693,6.4875],[4.1734,6.4844],[4.183,6.483],[4.1958,6.4762],[4.2021,6.4755],[4.2049,6.4721],[4.2248,6.4734],[4.2308,6.4686],[4.2349,6.4591],[4.2384,6.4565],[4.2476,6.4552],[4.2507,6.4493],[4.2601,6.4442],[4.2641,6.4451],[4.2659,6.452],[4.2763,6.4559],[4.2848,6.4559],[4.2913,6.4501],[4.3122,6.4453],[4.321,6.4514],[4.3284,6.4481],[4.3537,6.4511],[4.3686,6.4385],[4.3672,6.4071],[4.3597,6.3678],[4.4027,6.3575],[4.4364,6.3471],[4.4832,6.3261]]]}},{"type":"Feature","properties":{"name":"Ondo","code":"ON"},"geometry":{"type":"Polygon","coordinates":[[[4.4832,6.3261],[4.5609,6.2763],[4.6152,6.235],[4.6921,6.1606],[4.7496,6.1209],[4.7903,6.0805],[4.8037,6.0638],[4.848,6.0281],[4.8538,6.0248],[4.8701,6.0048],[4.9073,5.9683],[4.9486,5.9244],[4.9768,5.8877],[4.9828,5.8957],[4.9855,5.896],[4.9844,5.8993],[5.0181,5.9505],[5.0342,5.9887],[5.0759,6.078],[5.0922,6.1089],[5.1011,6.1249],[5.119,6.15],[5.127,6.1639],[5.1344,6.1694],[5.1334,6.1722],[5.1377,6.1731],[5.1371,6.1763],[5.132,6.1808],[5.1357,6.1823],[5.1359,6.1867],[5.1287,6.1897],[5.1271,6.197],[5.1224,6.2013],[5.1225,6.2059],[5.1199,6.207],[5.1155,6.2061],[5.1128,6.1955],[5.1099,6.1954],[5.1032,6.2022],[5.0998,6.2022],[5.0982,6.1981],[5.0958,6.1971],[5.0892,6.2011],[5.0861,6.2078],[5.0872,6.2145],[5.0818,6.218],[5.0756,6.2134],[5.0745,6.2177],[5.0779,6.2201],[5.0788,6.2226],[5.0729,6.2312],[5.0733,6.2395],[5.0635,6.2483],[5.0534,6.2468],[5.0497,6.2514],[5.048,6.2649],[5.0377,6.2774],[5.0296,6.2792],[5.0215,6.2854],[5.0156,6.2924],[5.0129,6.3021],[5.0154,6.309],[5.0215,6.3187],[5.0301,6.3231],[5.0353,6.3285],[5.0349,6.3329],[5.0287,6.3418],[5.0278,6.3452],[5.0292,6.3636],[5.0324,6.3649],[5.0392,6.3641],[5.0438,6.3666],[5.0472,6.3721],[5.0492,6.3824],[5.0528,6.3842],[5.0661,6.3766],[5.0757,6.3773],[5.086,6.3892],[5.0989,6.3974],[5.1037,6.4022],[5.1095,6.4138],[5.1037,6.4213],[5.1044,6.4309],[5.1074,6.4325],[5.1076,6.435],[5.1026,6.4378],[5.1028,6.4414],[5.114,6.4533],[5.1174,6.459],[5.1235,6.4628],[5.1336,6.4726],[5.1358,6.477],[5.1395,6.48],[5.1454,6.4888],[5.1473,6.4893],[5.1534,6.498],[5.1537,6.5011],[5.1502,6.5046],[5.1504,6.5117],[5.1548,6.5189],[5.1552,6.5331],[5.1603,6.5392],[5.1623,6.5465],[5.1607,6.5499],[5.1642,6.5545],[5.1619,6.5593],[5.1621,6.562],[5.1546,6.5678],[5.1472,6.5696],[5.1406,6.5742],[5.1369,6.5779],[5.1322,6.5861],[5.1281,6.5882],[5.1276,6.5935],[5.1144,6.6211],[5.1116,6.6304],[5.1124,6.6562],[5.1178,6.6839],[5.1224,6.695],[5.1223,6.6987],[5.126,6.7015],[5.1407,6.7312],[5.1508,6.746],[5.1665,6.7581],[5.1905,6.7721],[5.197,6.7739],[5.2025,6.7832],[5.2025,6.7887],[5.2089,6.8108],[5.2548,6.8827],[5.2724,6.8883],[5.5371,6.8848],[5.5552,6.883],[5.5618,6.8794],[5.5702,6.8693],[5.5721,6.8545],[5.5712,6.8453],[5.5638,6.8378],[5.5536,6.8359],[5.549,6.8331],[5.5435,6.8248],[5.5436,6.8128],[5.5458,6.8043],[5.5558,6.787],[5.5614,6.7723],[5.5632,6.7624],[5.5615,6.752],[5.5625,6.7409],[5.5617,6.7298],[5.5645,6.7206],[5.5766,6.704],[5.5822,6.7041],[5.5896,6.7143],[5.6052,6.7291],[5.62,6.7421],[5.6293,6.7459],[5.6404,6.7469],[5.6543,6.7349],[5.6674,6.7276],[5.7026,6.7361],[5.7145,6.7574],[5.7265,6.7695],[5.7579,6.7844],[5.7672,6.7919],[5.7708,6.7965],[5.7781,6.8178],[5.7772,6.8233],[5.7697,6.8399],[5.7715,6.8473],[5.7742,6.8538],[5.7788,6.8584],[5.7871,6.8714],[5.7879,6.8945],[5.7897,6.901],[5.798,6.9149],[5.7998,6.9213],[5.7922,6.9555],[5.7856,6.9683],[5.7884,6.9804],[5.7892,6.9924],[5.7938,7.0053],[5.794,7.0156],[5.7926,7.0217],[5.7962,7.0243],[5.8043,7.0485],[5.8096,7.0512],[5.8156,7.0716],[5.8237,7.0814],[5.8295,7.082],[5.8497,7.0923],[5.8549,7.0963],[5.851,7.1022],[5.843,7.1098],[5.8426,7.118],[5.8443,7.1203],[5.8605,7.126],[5.8628,7.1283],[5.8675,7.1411],[5.8682,7.1469],[5.8717,7.1533],[5.873,7.1626],[5.8823,7.176],[5.8939,7.1829],[5.8939,7.1858],[5.8837,7.1929],[5.8843,7.1999],[5.9035,7.2172],[5.9041,7.2207],[5.8973,7.2312],[5.8987,7.2452],[5.8959,7.2534],[5.8965,7.2581],[5.9047,7.2656],[5.9071,7.2749],[5.924,7.2963],[5.924,7.3021],[5.9162,7.3185],[5.9186,7.3237],[5.9175,7.3337],[5.9193,7.3371],[5.9504,7.3445],[5.9577,7.3443],[5.9786,7.3477],[5.9867,7.3552],[5.9868,7.3634],[5.9782,7.3681],[5.9749,7.3752],[5.975,7.3822],[5.9797,7.3914],[5.9757,7.3956],[5.9741,7.4008],[5.9747,7.4037],[5.9701,7.4084],[5.9685,7.4149],[5.9714,7.4195],[5.9756,7.4323],[5.9814,7.4386],[5.9872,7.4415],[5.9867,7.4503],[5.9845,7.4561],[5.9713,7.4603],[5.9633,7.4604],[5.9533,7.4838],[5.9481,7.4873],[5.9488,7.496],[5.953,7.5071],[5.9542,7.5152],[5.9628,7.5128],[5.9651,7.514],[5.9674,7.5157],[5.9756,7.5302],[5.9871,7.5295],[5.9945,7.5271],[6.0041,7.5292],[6.0041,7.5356],[5.9965,7.5595],[5.9816,7.5825],[5.9759,7.5945],[5.9722,7.5982],[5.9685,7.6055],[5.9376,7.6488],[5.9357,7.6672],[5.929,7.6958],[5.9234,7.7078],[5.9215,7.7161],[5.926,7.7318],[5.9306,7.7411],[5.9306,7.7448],[5.9287,7.7466],[5.9194,7.7502],[5.8898,7.7436],[5.85,7.7286],[5.8426,7.7286],[5.8277,7.734],[5.8222,7.7331],[5.8164,7.7278],[5.801,7.7333],[5.7802,7.7458],[5.773,7.7473],[5.7676,7.7372],[5.7165,7.701],[5.6994,7.6829],[5.6949,7.6718],[5.6914,7.638],[5.6886,7.6324],[5.681,7.6237],[5.6757,7.6237],[5.6594,7.629],[5.6551,7.6287],[5.643,7.6121],[5.6246,7.5824],[5.6182,7.5639],[5.6128,7.5371],[5.6138,7.5288],[5.6103,7.4845],[5.6075,7.4802],[5.5994,7.4502],[5.5883,7.4317],[5.5754,7.4178],[5.5525,7.3798],[5.5466,7.3736],[5.5368,7.3575],[5.5331,7.3538],[5.5212,7.3325],[5.5044,7.3162],[5.4815,7.3046],[5.4732,7.3018],[5.4583,7.3017],[5.413,7.2904],[5.4046,7.2903],[5.3882,7.2832],[5.3582,7.2956],[5.3544,7.3104],[5.3552,7.3344],[5.3542,7.3445],[5.3466,7.3814],[5.34,7.3971],[5.3288,7.4173],[5.3203,7.4413],[5.3148,7.4431],[5.2944,7.4365],[5.2796,7.4355],[5.2647,7.4384],[5.2453,7.4335],[5.2174,7.4343],[5.1991,7.4374],[5.1924,7.4369],[5.1877,7.4406],[5.1812,7.4414],[5.1673,7.4404],[5.1265,7.4458],[5.0959,7.4521],[5.0782,7.4593],[5.0652,7.4602],[5.0486,7.4573],[5.02,7.4332],[5.0089,7.4256],[5.0046,7.4139],[5.0041,7.4043],[5.0063,7.392],[4.9897,7.3776],[4.9749,7.3747],[4.9572,7.3737],[4.9434,7.37],[4.9192,7.3735],[4.909,7.3735],[4.8784,7.3788],[4.8608,7.3778],[4.8145,7.372],[4.8061,7.3701],[4.796,7.3645],[4.7547,7.3611],[4.7455,7.3138],[4.7347,7.284],[4.7429,7.2426],[4.742,7.2401],[4.7439,7.2376],[4.7467,7.223],[4.7366,7.2072],[4.7264,7.197],[4.7209,7.1951],[4.7154,7.172],[4.709,7.1646],[4.7034,7.1618],[4.6839,7.1681],[4.6719,7.1662],[4.6682,7.1588],[4.672,7.1478],[4.6748,7.1441],[4.673,7.1404],[4.6526,7.1246],[4.6351,7.1134],[4.6268,7.1041],[4.6139,7.08],[4.6123,7.044],[4.6096,7.0311],[4.6022,7.0237],[4.5848,7.014],[4.5726,7.005],[4.5643,6.9957],[4.5616,6.9883],[4.5562,6.9588],[4.5575,6.8895],[4.552,6.8747],[4.5467,6.8413],[4.5374,6.8331],[4.5189,6.8217],[4.5059,6.8179],[4.4801,6.8039],[4.4579,6.7881],[4.4487,6.7797],[4.4292,6.7695],[4.4219,6.762],[4.4173,6.7463],[4.4146,6.7417],[4.4072,6.7315],[4.3897,6.7159],[4.389,6.6744],[4.3872,6.6697],[4.3761,6.6632],[4.3771,6.6451],[4.3828,6.6346],[4.3874,6.63],[4.4032,6.6246],[4.4265,6.6127],[4.4543,6.6073],[4.4581,6.6027],[4.4652,6.5821],[4.4647,6.5769],[4.4751,6.5446],[4.491,6.5087],[4.4966,6.5051],[4.4994,6.5069],[4.5039,6.5282],[4.5121,6.5541],[4.5185,6.5643],[4.5286,6.5865],[4.5323,6.5902],[4.5378,6.6013],[4.5645,6.6338],[4.5673,6.6366],[4.5784,6.6422],[4.5867,6.6413],[4.5923,6.6367],[4.597,6.6293],[4.6008,6.6183],[4.6008,6.6091],[4.5981,6.5933],[4.5899,6.5674],[4.5882,6.5324],[4.5976,6.5185],[4.6042,6.5038],[4.6061,6.4992],[4.6052,6.4922],[4.6033,6.4909],[4.5643,6.499],[4.5662,6.4897],[4.5663,6.4768],[4.56,6.4509],[4.5563,6.4426],[4.5425,6.4222],[4.5352,6.4083],[4.5315,6.4065],[4.5231,6.4073],[4.52,6.4111],[4.5168,6.4106],[4.5129,6.4137],[4.5036,6.4155],[4.4798,6.409],[4.4786,6.4052],[4.4759,6.4025],[4.4731,6.3932],[4.4747,6.3883],[4.4824,6.3868],[4.5046,6.3952],[4.5148,6.3971],[4.5464,6.3878],[4.5555,6.3864],[4.5608,6.3832],[4.5758,6.381],[4.5821,6.3781],[4.5984,6.3662],[4.5976,6.3467],[4.5949,6.3319],[4.5876,6.319],[4.5785,6.3084],[4.572,6.2973],[4.5473,6.3118],[4.5225,6.3132],[4.5053,6.3202],[4.503,6.3228],[4.5029,6.327],[4.4964,6.3323],[4.4884,6.3362],[4.4832,6.3261]]]}},{"type":"Feature","properties":{"name":"Osun","code":"OS"},"geometry":{"type":"Polygon","coordinates":[[[4.6096,7.0311],[4.6123,7.044],[4.6139,7.08],[4.6268,7.1041],[4.6351,7.1134],[4.6526,7.1246],[4.673,7.1404],[4.6748,7.1441],[4.672,7.1478],[4.6682,7.1588],[4.6719,7.1662],[4.6839,7.1681],[4.7034,7.1618],[4.709,7.1646],[4.7154,7.172],[4.7209,7.1951],[4.7264,7.197],[4.7366,7.2072],[4.7467,7.223],[4.7439,7.2376],[4.742,7.2401],[4.7429,7.2426],[4.7347,7.284],[4.7455,7.3138],[4.7547,7.3611],[4.796,7.3645],[4.8061,7.3701],[4.8145,7.372],[4.8608,7.3778],[4.8784,7.3788],[4.909,7.3735],[4.9192,7.3735],[4.9434,7.37],[4.9572,7.3737],[4.9749,7.3747],[4.9897,7.3776],[5.0063,7.392],[5.0041,7.4043],[5.0046,7.4139],[4.997,7.415],[4.9871,7.4192],[4.9848,7.4265],[4.9757,7.4337],[4.9524,7.4478],[4.9478,7.4547],[4.9389,7.4787],[4.9202,7.5172],[4.9179,7.5298],[4.9022,7.5764],[4.8831,7.6114],[4.868,7.6163],[4.8639,7.6227],[4.8733,7.6513],[4.8808,7.6678],[4.8879,7.6919],[4.8932,7.7303],[4.903,7.7499],[4.9042,7.7574],[4.9094,7.7664],[4.9143,7.783],[4.9158,7.7958],[4.9158,7.8221],[4.9086,7.8298],[4.9111,7.8501],[4.9141,7.8504],[4.9164,7.8572],[4.9238,7.8635],[4.9245,7.8744],[4.9273,7.8804],[4.9371,7.8892],[4.942,7.8999],[4.9497,7.9034],[4.9905,7.9312],[5.0012,7.9461],[5.0165,7.9552],[5.0313,7.9769],[5.0332,7.9823],[5.0329,7.9968],[5.0355,8.0052],[5.0531,8.0235],[5.0565,8.0311],[5.0576,8.0395],[5.0534,8.0578],[5.0496,8.0646],[5.0443,8.07],[5.0397,8.0719],[5.0325,8.0681],[5.029,8.0639],[5.0207,8.0593],[5.01,8.0501],[4.999,8.0303],[4.9952,8.0295],[4.9834,8.0323],[4.9805,8.0269],[4.9771,8.0259],[4.9732,8.0214],[4.9717,8.0237],[4.9692,8.0242],[4.9707,8.0326],[4.9684,8.0376],[4.9669,8.0467],[4.9608,8.0524],[4.9497,8.0555],[4.9395,8.0681],[4.9269,8.0799],[4.9132,8.0856],[4.8872,8.0909],[4.8777,8.0913],[4.8541,8.0955],[4.8518,8.0917],[4.8548,8.086],[4.8575,8.0726],[4.8434,8.062],[4.83,8.0555],[4.8186,8.0536],[4.8129,8.0593],[4.8053,8.0639],[4.7856,8.0684],[4.7662,8.0681],[4.7548,8.065],[4.7353,8.0635],[4.7212,8.0642],[4.7117,8.0597],[4.7044,8.0482],[4.6996,8.0491],[4.6922,8.0562],[4.6873,8.057],[4.6751,8.0498],[4.6736,8.0459],[4.6656,8.0433],[4.6595,8.0456],[4.6484,8.0536],[4.6374,8.0536],[4.6339,8.057],[4.6324,8.0612],[4.6339,8.0715],[4.629,8.0745],[4.6217,8.0757],[4.603,8.0681],[4.5981,8.0639],[4.569,8.0548],[4.5607,8.054],[4.5592,8.049],[4.563,8.0341],[4.563,8.009],[4.5573,7.9808],[4.5497,7.9708],[4.5356,7.9613],[4.5222,7.9556],[4.5066,7.9518],[4.4959,7.9434],[4.4582,7.9415],[4.4498,7.9381],[4.4418,7.9289],[4.4391,7.9064],[4.433,7.8916],[4.4288,7.8893],[4.4225,7.8884],[4.4075,7.8984],[4.4011,7.8984],[4.3972,7.8965],[4.3941,7.8839],[4.3903,7.879],[4.3861,7.8687],[4.3711,7.8487],[4.3673,7.8492],[4.3659,7.8515],[4.3659,7.858],[4.3602,7.8828],[4.3514,7.8961],[4.3484,7.9049],[4.3397,7.9146],[4.3282,7.935],[4.316,7.943],[4.3071,7.9445],[4.2954,7.9546],[4.2859,7.9655],[4.2763,7.9712],[4.2653,7.9701],[4.2508,7.9655],[4.2356,7.9564],[4.234,7.9312],[4.2302,7.9278],[4.2249,7.927],[4.2161,7.9217],[4.1982,7.9163],[4.1913,7.9102],[4.1921,7.9007],[4.2009,7.8786],[4.2028,7.8687],[4.197,7.8653],[4.1864,7.8649],[4.1742,7.8611],[4.1646,7.855],[4.1471,7.8496],[4.1166,7.8492],[4.0991,7.8637],[4.0936,7.8636],[4.0902,7.8601],[4.0911,7.8502],[4.0762,7.8249],[4.0707,7.8008],[4.0721,7.7964],[4.0694,7.7706],[4.0708,7.7598],[4.066,7.7549],[4.0613,7.7543],[4.0619,7.7488],[4.0742,7.7359],[4.0782,7.7081],[4.0742,7.6816],[4.0572,7.6795],[4.0529,7.675],[4.0687,7.6659],[4.0934,7.6215],[4.1102,7.6123],[4.1217,7.6102],[4.1387,7.5987],[4.1448,7.5871],[4.1442,7.5791],[4.1471,7.5722],[4.1486,7.5694],[4.1538,7.5687],[4.1533,7.5164],[4.1554,7.5092],[4.1499,7.4928],[4.149,7.4775],[4.1355,7.4708],[4.1338,7.4647],[4.1371,7.4591],[4.137,7.4462],[4.1414,7.4397],[4.1353,7.4057],[4.134,7.3677],[4.1317,7.3583],[4.127,7.352],[4.1231,7.3518],[4.1192,7.3485],[4.119,7.3435],[4.1211,7.3402],[4.1205,7.3353],[4.1128,7.3319],[4.1109,7.3269],[4.1208,7.3183],[4.1257,7.3118],[4.1313,7.2995],[4.1281,7.2881],[4.1297,7.2768],[4.1259,7.2703],[4.1254,7.2578],[4.1112,7.2512],[4.1075,7.2459],[4.1053,7.2372],[4.1026,7.2331],[4.0942,7.2282],[4.0845,7.2078],[4.0848,7.2044],[4.082,7.2009],[4.0787,7.1909],[4.0776,7.1778],[4.0726,7.1675],[4.072,7.1628],[4.0801,7.1581],[4.0855,7.1512],[4.0833,7.149],[4.077,7.1499],[4.0726,7.1468],[4.0711,7.139],[4.0732,7.1355],[4.0764,7.1349],[4.0808,7.1402],[4.0845,7.1399],[4.0876,7.1381],[4.0884,7.1334],[4.1567,7.165],[4.162,7.1711],[4.1689,7.1741],[4.1712,7.1707],[4.183,7.1113],[4.186,7.0854],[4.1902,7.0698],[4.1949,7.0615],[4.1979,7.0492],[4.206,7.0451],[4.2188,7.0471],[4.2235,7.0531],[4.2334,7.0583],[4.2615,7.0837],[4.2685,7.0884],[4.2848,7.0918],[4.2982,7.0906],[4.3344,7.0708],[4.3686,7.0591],[4.3703,7.0562],[4.3701,7.0365],[4.3712,7.0325],[4.3787,7.0261],[4.371,7.018],[4.3743,6.9989],[4.376,6.9948],[4.3864,6.9896],[4.3904,6.9809],[4.4005,6.9807],[4.4169,6.9941],[4.4245,7.0024],[4.4382,7.0047],[4.4542,7.0009],[4.4634,6.9933],[4.4801,6.9906],[4.4889,6.9918],[4.5163,7.0226],[4.5224,7.0245],[4.5342,7.0238],[4.5425,7.0211],[4.5593,7.0215],[4.5772,7.0234],[4.5924,7.0287],[4.6046,7.0314],[4.6096,7.0311]]]}},{"type":"Feature","properties":{"name":"Oyo","code":"OY"},"geometry":{"type":"Polygon","coordinates":[[[4.0884,7.1334],[4.0876,7.1381],[4.0845,7.1399],[4.0808,7.1402],[4.0764,7.1349],[4.0732,7.1355],[4.0711,7.139],[4.0726,7.1468],[4.077,7.1499],[4.0833,7.149],[4.0855,7.1512],[4.0801,7.1581],[4.072,7.1628],[4.0726,7.1675],[4.0776,7.1778],[4.0787,7.1909],[4.082,7.2009],[4.0848,7.2044],[4.0845,7.2078],[4.0942,7.2282],[4.1026,7.2331],[4.1053,7.2372],[4.1075,7.2459],[4.1112,7.2512],[4.1254,7.2578],[4.1259,7.2703],[4.1297,7.2768],[4.1281,7.2881],[4.1313,7.2995],[4.1257,7.3118],[4.1208,7.3183],[4.1109,7.3269],[4.1128,7.3319],[4.1205,7.3353],[4.1211,7.3402],[4.119,7.3435],[4.1192,7.3485],[4.1231,7.3518],[4.127,7.352],[4.1317,7.3583],[4.134,7.3677],[4.1353,7.4057],[4.1414,7.4397],[4.137,7.4462],[4.1371,7.4591],[4.1338,7.4647],[4.1355,7.4708],[4.149,7.4775],[4.1499,7.4928],[4.1554,7.5092],[4.1533,7.5164],[4.1538,7.5687],[4.1486,7.5694],[4.1471,7.5722],[4.1442,7.5791],[4.1448,7.5871],[4.1387,7.5987],[4.1217,7.6102],[4.1102,7.6123],[4.0934,7.6215],[4.0687,7.6659],[4.0529,7.675],[4.0572,7.6795],[4.0742,7.6816],[4.0782,7.7081],[4.0742,7.7359],[4.0619,7.7488],[4.0613,7.7543],[4.066,7.7549],[4.0708,7.7598],[4.0694,7.7706],[4.0721,7.7964],[4.0707,7.8008],[4.0762,7.8249],[4.0911,7.8502],[4.0902,7.8601],[4.0936,7.8636],[4.0991,7.8637],[4.1166,7.8492],[4.1471,7.8496],[4.1646,7.855],[4.1742,7.8611],[4.1864,7.8649],[4.197,7.8653],[4.2028,7.8687],[4.2009,7.8786],[4.1921,7.9007],[4.1913,7.9102],[4.1982,7.9163],[4.2161,7.9217],[4.2249,7.927],[4.2302,7.9278],[4.234,7.9312],[4.2356,7.9564],[4.2508,7.9655],[4.2653,7.9701],[4.2763,7.9712],[4.2859,7.9655],[4.2954,7.9546],[4.3071,7.9445],[4.316,7.943],[4.3282,7.935],[4.3397,7.9146],[4.3484,7.9049],[4.3514,7.8961],[4.3602,7.8828],[4.3659,7.858],[4.3659,7.8515],[4.3673,7.8492],[4.3711,7.8487],[4.3861,7.8687],[4.3903,7.879],[4.3941,7.8839],[4.3972,7.8965],[4.4011,7.8984],[4.4075,7.8984],[4.4225,7.8884],[4.4288,7.8893],[4.433,7.8916],[4.4391,7.9064],[4.4418,7.9289],[4.4498,7.9381],[4.4582,7.9415],[4.4959,7.9434],[4.5066,7.9518],[4.5222,7.9556],[4.5356,7.9613],[4.5497,7.9708],[4.5573,7.9808],[4.563,8.009],[4.563,8.0341],[4.5592,8.049],[4.5607,8.054],[4.569,8.0548],[4.5573,8.0587],[4.5335,8.0716],[4.5056,8.092],[4.4954,8.1171],[4.4941,8.1334],[4.4941,8.1667],[4.4839,8.2027],[4.4805,8.2105],[4.4719,8.2164],[4.4616,8.2274],[4.4597,8.2336],[4.4406,8.2506],[4.4406,8.254],[4.418,8.2734],[4.3917,8.304],[4.3481,8.3912],[4.2091,8.6807],[4.2134,8.6826],[4.1904,8.7533],[4.195,8.8163],[4.2211,8.8609],[4.258,8.9009],[4.321,8.9424],[4.3349,8.9577],[4.3349,8.9808],[4.3256,8.9946],[4.3164,8.9977],[4.2903,8.9916],[4.2534,8.967],[4.2105,8.97],[4.0121,9.0346],[3.9906,9.0484],[3.9721,9.0776],[3.9444,9.1483],[3.9214,9.1729],[3.863,9.1883],[3.8261,9.1822],[3.7953,9.1653],[3.7707,9.1468],[3.7538,9.1207],[3.7523,9.0869],[3.7431,9.0469],[3.7204,9.016],[3.6915,8.9966],[3.6871,9.0034],[3.6738,9.0046],[3.6605,8.9985],[3.6541,9.0015],[3.6384,8.9989],[3.6175,9.0032],[3.6079,8.9993],[3.5957,8.9993],[3.5933,8.9954],[3.5944,8.9891],[3.5998,8.9766],[3.601,8.9634],[3.6,8.9569],[3.5248,8.9285],[3.388,8.8425],[3.2819,8.804],[3.2374,8.7825],[3.1974,8.7963],[3.1836,8.8117],[3.1636,8.8086],[3.1036,8.7502],[3.0514,8.7287],[3.0145,8.7103],[2.9422,8.638],[2.9207,8.6119],[2.8884,8.6088],[2.8024,8.6104],[2.7564,8.5752],[2.7564,8.5553],[2.753,8.5356],[2.7597,8.5297],[2.7628,8.5192],[2.7583,8.4911],[2.7525,8.4619],[2.7475,8.4531],[2.7289,8.4372],[2.7208,8.4244],[2.7092,8.3389],[2.71,8.3264],[2.7281,8.2567],[2.7428,8.2369],[2.7511,8.2181],[2.7536,8.2069],[2.7414,8.1561],[2.7275,8.1083],[2.7089,8.0081],[2.6926,7.9063],[2.6953,7.8824],[2.7029,7.865],[2.7125,7.852],[2.7219,7.8593],[2.7302,7.8685],[2.7398,7.8752],[2.7491,7.887],[2.7704,7.9034],[2.7767,7.905],[2.7853,7.9132],[2.7909,7.9225],[2.7926,7.9282],[2.7939,7.9423],[2.8017,7.9486],[2.8127,7.952],[2.8216,7.951],[2.8333,7.9374],[2.8395,7.9335],[2.8441,7.9337],[2.8487,7.931],[2.8543,7.9315],[2.8721,7.9268],[2.8783,7.9263],[2.8945,7.9299],[2.9058,7.9299],[2.9102,7.9316],[2.925,7.9304],[2.9308,7.9278],[2.9282,7.9242],[2.9199,7.9215],[2.9072,7.9133],[2.8947,7.9019],[2.8881,7.89],[2.8862,7.8743],[2.8809,7.8575],[2.8827,7.8341],[2.8863,7.8251],[2.8863,7.8024],[2.8876,7.7916],[2.885,7.7778],[2.8861,7.769],[2.8963,7.7627],[2.9172,7.758],[2.9211,7.7497],[2.9192,7.7418],[2.92,7.7298],[2.9171,7.721],[2.9176,7.7161],[2.9202,7.7078],[2.9235,7.7091],[2.9325,7.7145],[2.9375,7.7204],[2.9441,7.7243],[2.9486,7.7317],[2.9556,7.7372],[2.9612,7.7442],[2.9636,7.7549],[2.969,7.7661],[2.9699,7.7779],[2.9818,7.8074],[2.9832,7.8162],[2.9822,7.8281],[2.9854,7.8459],[2.9849,7.8498],[2.9872,7.8551],[2.9884,7.8558],[2.9918,7.8542],[3.0061,7.8317],[3.0115,7.8304],[3.0284,7.8054],[3.0327,7.7957],[3.0298,7.7919],[3.0248,7.7903],[3.0227,7.7806],[3.0252,7.7777],[3.0257,7.769],[3.0239,7.7635],[3.027,7.7591],[3.0298,7.7585],[3.0299,7.7557],[3.0235,7.7518],[3.0218,7.7489],[3.0221,7.7441],[3.0159,7.7355],[3.0177,7.7307],[3.017,7.7258],[3.0055,7.7117],[3.0072,7.7088],[3.0139,7.7037],[3.0118,7.7019],[3.0013,7.7001],[2.9967,7.6978],[2.9987,7.694],[3.0033,7.6911],[2.9934,7.6878],[2.9892,7.6821],[2.9937,7.6818],[2.9965,7.6801],[2.9958,7.6765],[2.9923,7.6745],[2.997,7.6706],[2.9971,7.6667],[3.001,7.662],[2.9983,7.6414],[2.994,7.629],[2.9906,7.6247],[2.9804,7.621],[2.9727,7.6117],[2.9732,7.6062],[2.9768,7.6023],[2.9845,7.5852],[3.004,7.5622],[3.0068,7.5558],[3.0207,7.5529],[3.0222,7.5464],[3.0303,7.544],[3.0428,7.5279],[3.0526,7.5215],[3.0645,7.5198],[3.069,7.5076],[3.0736,7.5024],[3.0769,7.4913],[3.0692,7.4757],[3.0692,7.4705],[3.0732,7.463],[3.0754,7.4514],[3.0826,7.439],[3.0907,7.4367],[3.0982,7.4309],[3.1073,7.4162],[3.1153,7.4081],[3.1404,7.3956],[3.1553,7.3782],[3.1616,7.3753],[3.183,7.37],[3.1981,7.3688],[3.23,7.3699],[3.2491,7.3675],[3.2566,7.3634],[3.2572,7.3605],[3.2825,7.3355],[3.287,7.3245],[3.2962,7.3181],[3.3066,7.314],[3.3194,7.314],[3.324,7.3152],[3.3329,7.3342],[3.3435,7.3493],[3.35,7.3632],[3.3594,7.3741],[3.3758,7.3868],[3.3805,7.3961],[3.3858,7.4013],[3.3859,7.4048],[3.3813,7.4158],[3.3843,7.421],[3.3814,7.4262],[3.3815,7.4308],[3.385,7.4355],[3.3961,7.4406],[3.399,7.4441],[3.4002,7.4493],[3.3931,7.4558],[3.4115,7.4713],[3.4214,7.4765],[3.4459,7.4938],[3.4535,7.4949],[3.4522,7.4862],[3.4666,7.4711],[3.4636,7.4607],[3.4606,7.4573],[3.4594,7.4497],[3.4715,7.4387],[3.4829,7.4172],[3.481,7.4068],[3.4734,7.3964],[3.4727,7.3912],[3.4744,7.3889],[3.4791,7.3894],[3.4838,7.3923],[3.4977,7.3946],[3.5223,7.4154],[3.5247,7.4206],[3.5323,7.4264],[3.5405,7.4397],[3.555,7.4414],[3.6038,7.443],[3.6572,7.4434],[3.6653,7.4451],[3.6827,7.4451],[3.7071,7.4473],[3.7067,7.4115],[3.7022,7.4096],[3.6935,7.4001],[3.6935,7.388],[3.7198,7.3874],[3.7175,7.328],[3.7143,7.3048],[3.7155,7.3025],[3.7184,7.3013],[3.7468,7.2995],[3.7623,7.3009],[3.7625,7.2922],[3.7598,7.2811],[3.7636,7.2305],[3.7689,7.2236],[3.7804,7.2027],[3.7777,7.192],[3.7773,7.1806],[3.7872,7.1639],[3.7944,7.1395],[3.7929,7.1323],[3.7815,7.1212],[3.7526,7.1079],[3.7385,7.1033],[3.7274,7.0969],[3.7248,7.0877],[3.7276,7.0836],[3.7312,7.0806],[3.74,7.0816],[3.7838,7.0801],[3.8165,7.0828],[3.9389,7.0839],[3.9534,7.0881],[3.9602,7.0923],[3.9656,7.1098],[3.9976,7.1262],[4.0055,7.1285],[4.0193,7.1246],[4.0459,7.1384],[4.0577,7.1372],[4.0691,7.1323],[4.0851,7.1319],[4.0884,7.1334]]]}},{"type":"Feature","properties":{"name":"Plateau","code":"PL"},"geometry":{"type":"Polygon","coordinates":[[[9.6168,8.3718],[9.6251,8.3669],[9.6263,8.3699],[9.6205,8.3834],[9.6461,8.381],[9.6528,8.3842],[9.6548,8.3824],[9.6644,8.3828],[9.6683,8.381],[9.6799,8.3796],[9.6936,8.3764],[9.6956,8.3745],[9.7071,8.375],[9.7111,8.3733],[9.7567,8.3673],[9.7613,8.3697],[9.765,8.3737],[9.7842,8.3824],[9.797,8.3906],[9.8023,8.3913],[9.8094,8.3974],[9.8214,8.4028],[9.856,8.4255],[9.8694,8.4313],[9.8909,8.4478],[9.9203,8.4786],[9.9501,8.4989],[9.9631,8.5134],[9.9978,8.5409],[10.0042,8.5498],[10.0255,8.5698],[10.0518,8.5917],[10.0662,8.6132],[10.0857,8.6348],[10.0872,8.64],[10.0972,8.6457],[10.1164,8.6725],[10.128,8.6817],[10.1704,8.7251],[10.1771,8.7289],[10.1803,8.7325],[10.1881,8.7484],[10.2062,8.7648],[10.2241,8.7846],[10.2357,8.7921],[10.2486,8.8082],[10.2569,8.8138],[10.2618,8.8192],[10.2669,8.8194],[10.2769,8.8251],[10.2869,8.8324],[10.2919,8.8344],[10.3051,8.8453],[10.3251,8.8566],[10.3411,8.8798],[10.3509,8.8889],[10.3691,8.9019],[10.3805,8.9145],[10.3972,8.9239],[10.407,8.9347],[10.4269,8.9477],[10.4638,8.9632],[10.4792,8.9639],[10.4894,8.9661],[10.498,8.9648],[10.5098,8.9687],[10.5184,8.9674],[10.5303,8.9697],[10.5388,8.97],[10.544,8.9686],[10.5662,8.9696],[10.5797,8.9736],[10.5967,8.9761],[10.6032,8.9851],[10.6063,8.9921],[10.6272,9.019],[10.6301,9.0312],[10.6298,9.0364],[10.6374,9.0558],[10.6372,9.061],[10.64,9.0732],[10.6379,9.0818],[10.6225,9.094],[10.6253,9.1031],[10.6326,9.1111],[10.6361,9.119],[10.6358,9.1267],[10.6337,9.1305],[10.6256,9.1378],[10.6177,9.1413],[10.6135,9.1489],[10.6151,9.1567],[10.6104,9.1757],[10.6142,9.1828],[10.6105,9.1895],[10.5999,9.196],[10.5997,9.2012],[10.5957,9.2083],[10.5972,9.2099],[10.5966,9.2234],[10.5882,9.2385],[10.5801,9.2458],[10.5778,9.2979],[10.5795,9.3018],[10.5809,9.3134],[10.5803,9.3269],[10.5781,9.3326],[10.5701,9.3381],[10.5679,9.3437],[10.5599,9.3511],[10.5616,9.3551],[10.5613,9.3628],[10.5666,9.3726],[10.5644,9.3783],[10.5604,9.382],[10.56,9.3897],[10.5636,9.3957],[10.5692,9.3998],[10.5784,9.4098],[10.5799,9.4176],[10.5789,9.4388],[10.5767,9.4465],[10.5661,9.4653],[10.541,9.4835],[10.523,9.4884],[10.5076,9.5225],[10.4997,9.528],[10.4913,9.543],[10.4889,9.5526],[10.479,9.5579],[10.4654,9.5612],[10.4534,9.5703],[10.4397,9.5755],[10.4238,9.5845],[10.4162,9.5841],[10.4043,9.5913],[10.3827,9.5981],[10.3729,9.6034],[10.353,9.6161],[10.3269,9.64],[10.3118,9.644],[10.3003,9.6527],[10.2954,9.6582],[10.2924,9.6655],[10.2674,9.6811],[10.2649,9.6813],[10.2606,9.6871],[10.2265,9.6901],[10.2068,9.6884],[10.1995,9.6898],[10.1652,9.6841],[10.1522,9.6788],[10.15,9.6807],[10.1465,9.6903],[10.1432,9.6921],[10.1299,9.6923],[10.1217,9.6942],[10.1153,9.6937],[10.1088,9.6906],[10.1037,9.7009],[10.1049,9.7105],[10.1033,9.7195],[10.096,9.7242],[10.0849,9.7247],[10.0793,9.7263],[10.0757,9.7292],[10.0682,9.7309],[10.0534,9.729],[10.0485,9.726],[10.0468,9.7289],[10.0418,9.7305],[10.0388,9.7271],[10.0135,9.7191],[10.0057,9.7176],[9.9956,9.7182],[9.9843,9.713],[9.9726,9.6995],[9.9751,9.6893],[9.9917,9.6457],[9.9912,9.6384],[9.9806,9.6233],[9.9623,9.6127],[9.9422,9.6091],[9.9356,9.6051],[9.916,9.6109],[9.9068,9.6118],[9.902,9.6087],[9.8389,9.6012],[9.8314,9.5986],[9.8242,9.5832],[9.8033,9.5791],[9.7843,9.5572],[9.7638,9.5401],[9.7457,9.5315],[9.7326,9.5325],[9.7136,9.5278],[9.7039,9.5274],[9.6923,9.5225],[9.6832,9.5258],[9.6781,9.5308],[9.6679,9.5353],[9.6586,9.5317],[9.6545,9.525],[9.651,9.5219],[9.6484,9.5223],[9.6274,9.5346],[9.6277,9.5379],[9.6242,9.5372],[9.6202,9.5414],[9.6201,9.5433],[9.6151,9.5446],[9.6141,9.547],[9.6108,9.5489],[9.606,9.546],[9.5989,9.5465],[9.5903,9.5437],[9.5867,9.5441],[9.5792,9.5517],[9.5782,9.5428],[9.57,9.5344],[9.5705,9.5291],[9.5899,9.5115],[9.5691,9.4727],[9.4254,9.4769],[9.4035,9.5102],[9.4018,9.5198],[9.3974,9.5312],[9.351,9.5323],[9.304,9.5715],[9.3093,9.5989],[9.3272,9.5958],[9.3153,9.6072],[9.2898,9.6144],[9.2973,9.6248],[9.2846,9.6361],[9.2843,9.6439],[9.2914,9.6577],[9.2912,9.6616],[9.2945,9.6733],[9.2906,9.6751],[9.2878,9.6923],[9.2846,9.6981],[9.2672,9.6804],[9.2166,9.684],[9.2103,9.6874],[9.2039,9.7035],[9.1981,9.7085],[9.1951,9.7138],[9.1887,9.7165],[9.1783,9.728],[9.1604,9.7388],[9.1522,9.7448],[9.1504,9.748],[9.1558,9.756],[9.1841,9.7688],[9.1987,9.7727],[9.2094,9.7701],[9.212,9.7729],[9.2187,9.7733],[9.2358,9.7896],[9.2442,9.8023],[9.2536,9.8086],[9.2608,9.8185],[9.2713,9.8422],[9.2721,9.8461],[9.2457,9.8479],[9.2321,9.8616],[9.2143,10.0175],[9.2513,10.0247],[9.2548,10.0301],[9.2297,10.0482],[9.2108,10.0484],[9.1925,10.0402],[9.183,10.0383],[9.163,10.0419],[9.1646,10.0464],[9.1553,10.046],[9.1446,10.0495],[9.128,10.0586],[9.124,10.058],[9.1186,10.056],[9.1089,10.044],[9.0855,10.025],[9.0683,10.0223],[9.0589,10.0181],[9.0474,10.0156],[9.0357,10.0162],[9.0201,10.0233],[9.0072,10.0328],[9.0039,10.0318],[9.004,10.026],[9.0069,10.0194],[9.0058,10.0121],[9.0013,10.0089],[9.0005,10.006],[9.0028,9.9888],[8.9775,9.9874],[8.9621,10.0052],[8.9515,10.0111],[8.9499,10.0132],[8.9495,10.0199],[8.9472,10.0196],[8.9438,10.0263],[8.9387,10.0266],[8.9521,10.093],[8.9683,10.1028],[8.9744,10.1379],[8.9722,10.1435],[8.9718,10.1513],[8.9771,10.1611],[8.9767,10.1708],[8.9782,10.1805],[8.9739,10.19],[8.9303,10.215],[8.9297,10.2285],[8.9312,10.2451],[8.9347,10.2461],[8.9364,10.2501],[8.9356,10.2674],[8.9392,10.2734],[8.9539,10.2895],[8.9549,10.3088],[8.9487,10.3182],[8.9463,10.3277],[8.9422,10.3333],[8.9357,10.3485],[8.9298,10.3521],[8.9258,10.3539],[8.9181,10.3535],[8.8987,10.3582],[8.8702,10.3576],[8.8381,10.3704],[8.8232,10.3742],[8.8206,10.3755],[8.8183,10.3804],[8.8051,10.3556],[8.804,10.3454],[8.8011,10.3385],[8.7993,10.3229],[8.7993,10.3029],[8.7907,10.2935],[8.7692,10.2852],[8.7634,10.2814],[8.7573,10.2801],[8.7496,10.2809],[8.7386,10.278],[8.7343,10.2751],[8.7287,10.2483],[8.7125,10.2303],[8.6861,10.2112],[8.6809,10.177],[8.672,10.1462],[8.6732,10.1376],[8.6717,10.1246],[8.6723,10.0817],[8.6799,10.0051],[8.6649,9.9639],[8.6466,9.9052],[8.6381,9.8857],[8.6347,9.8668],[8.6393,9.8558],[8.6439,9.8347],[8.6425,9.8108],[8.6439,9.7754],[8.6336,9.7546],[8.6168,9.7448],[8.6155,9.7424],[8.6106,9.7413],[8.5989,9.7279],[8.6019,9.7061],[8.6019,9.6907],[8.599,9.6787],[8.5816,9.6758],[8.5801,9.6727],[8.5852,9.6644],[8.5778,9.6564],[8.5704,9.64],[8.5656,9.6243],[8.567,9.614],[8.5659,9.5966],[8.555,9.5806],[8.5536,9.569],[8.5563,9.5537],[8.5685,9.5197],[8.5743,9.5137],[8.5778,9.4992],[8.5801,9.4956],[8.5882,9.4893],[8.6027,9.4825],[8.6024,9.4727],[8.6076,9.464],[8.6177,9.4348],[8.6237,9.4292],[8.6279,9.4217],[8.6318,9.4199],[8.6382,9.4067],[8.6484,9.3956],[8.6649,9.3932],[8.6695,9.3965],[8.6873,9.3877],[8.6954,9.3784],[8.6959,9.3687],[8.6907,9.355],[8.6894,9.3414],[8.6914,9.3396],[8.6942,9.3223],[8.6981,9.3206],[8.6927,9.3126],[8.6875,9.2989],[8.6844,9.2833],[8.679,9.2753],[8.6578,9.2077],[8.6615,9.1954],[8.6675,9.1899],[8.6733,9.1901],[8.6773,9.1864],[8.687,9.1849],[8.6908,9.187],[8.7081,9.1878],[8.749,9.178],[8.7611,9.167],[8.765,9.1652],[8.7676,9.1574],[8.7675,9.1363],[8.7613,9.1207],[8.7616,9.1132],[8.7601,9.1052],[8.7685,9.0979],[8.7688,9.0953],[8.7802,9.0868],[8.7919,9.0834],[8.7994,9.0712],[8.7895,9.0524],[8.7899,9.0428],[8.7982,9.0316],[8.806,9.0327],[8.8117,9.0303],[8.8502,9.03],[8.862,9.0267],[8.8755,9.0254],[8.8854,9.0216],[8.8949,9.0224],[8.9241,9.0159],[8.9511,9.0152],[8.9549,9.0173],[8.9668,9.015],[8.9953,9.019],[9.0009,9.0213],[9.0202,9.0221],[9.0239,9.0242],[9.045,9.0271],[9.0567,9.0238],[9.0627,9.0182],[9.067,9.0079],[9.0707,8.9878],[9.0684,8.9799],[9.0671,8.9663],[9.0712,8.9607],[9.0735,8.9531],[9.0719,8.9453],[9.0682,8.9413],[9.0625,8.9391],[9.046,8.9229],[9.0445,8.9132],[9.0318,8.8952],[9.0235,8.8659],[9.0106,8.8538],[9.003,8.8515],[8.9991,8.8532],[8.9896,8.8509],[8.9856,8.8526],[8.974,8.8541],[8.9588,8.8495],[8.9553,8.8416],[8.9498,8.8356],[8.9511,8.8271],[8.9506,8.8158],[8.9451,8.7996],[8.9383,8.7937],[8.9327,8.7855],[8.924,8.7825],[8.9079,8.7836],[8.9006,8.7755],[8.9011,8.7639],[8.9047,8.7581],[8.9044,8.755],[8.896,8.7483],[8.8919,8.7404],[8.8921,8.7329],[8.9028,8.7193],[8.9107,8.703],[8.9139,8.6862],[8.9257,8.6772],[8.9348,8.6679],[8.9402,8.6672],[8.9423,8.6522],[8.9498,8.6339],[8.9512,8.6213],[8.9583,8.6122],[8.97,8.6056],[8.9778,8.6052],[8.9834,8.5966],[8.9832,8.5851],[8.981,8.5782],[8.9874,8.5645],[8.9841,8.5582],[8.984,8.5532],[8.9785,8.5492],[8.975,8.5414],[8.9751,8.5375],[8.9825,8.5273],[8.9973,8.5173],[9.0051,8.5137],[9.0103,8.5153],[9.0136,8.5121],[9.0195,8.5099],[9.0264,8.5128],[9.0368,8.5125],[9.0434,8.5184],[9.0494,8.5197],[9.0592,8.5123],[9.0599,8.4969],[9.0664,8.4925],[9.0699,8.4877],[9.0758,8.486],[9.0801,8.488],[9.0883,8.4836],[9.1014,8.4736],[9.1032,8.4642],[9.0968,8.4483],[9.0972,8.4406],[9.1011,8.4389],[9.1215,8.4382],[9.1244,8.4341],[9.1275,8.4337],[9.1285,8.4304],[9.1324,8.4287],[9.1386,8.4383],[9.1458,8.4434],[9.1525,8.4527],[9.1749,8.4672],[9.177,8.4635],[9.1826,8.4676],[9.2023,8.4588],[9.212,8.4573],[9.2543,8.4592],[9.2619,8.4614],[9.2639,8.4596],[9.2733,8.4639],[9.2889,8.4607],[9.2907,8.4627],[9.3116,8.4694],[9.3212,8.4697],[9.3363,8.4783],[9.3439,8.4805],[9.3516,8.4809],[9.3553,8.483],[9.3806,8.4783],[9.3885,8.4728],[9.4082,8.4641],[9.4269,8.4534],[9.4362,8.4501],[9.4421,8.4456],[9.4702,8.4312],[9.5203,8.415],[9.528,8.4153],[9.5323,8.4141],[9.5592,8.4015],[9.5886,8.3968],[9.5945,8.3932],[9.6016,8.3927],[9.605,8.3858],[9.6168,8.3718]]]}},{"type":"Feature","properties":{"name":"Rivers","code":"RI"},"geometry":{"type":"Polygon","coordinates":[[[7.4951,4.8283],[7.4887,4.8218],[7.4868,4.8276],[7.4744,4.8367],[7.4716,4.8423],[7.4662,4.8454],[7.4467,4.8454],[7.4365,4.854],[7.4292,4.8624],[7.4164,4.8667],[7.3842,4.8627],[7.3735,4.8629],[7.362,4.8653],[7.3524,4.8719],[7.3308,4.8735],[7.3198,4.8796],[7.3078,4.8755],[7.2714,4.873],[7.2638,4.8692],[7.2574,4.8674],[7.247,4.8673],[7.2246,4.8579],[7.218,4.8573],[7.1989,4.8617],[7.1838,4.8752],[7.1738,4.8794],[7.1559,4.8837],[7.1472,4.8903],[7.1461,4.8976],[7.1419,4.9013],[7.1438,4.9132],[7.1503,4.9243],[7.1596,4.9354],[7.1685,4.9448],[7.2091,4.9565],[7.2179,4.9616],[7.2284,4.971],[7.2351,4.981],[7.2412,4.994],[7.2517,5.0331],[7.2514,5.0494],[7.2534,5.0685],[7.2558,5.0773],[7.2651,5.0955],[7.2714,5.1035],[7.2787,5.1168],[7.2802,5.1317],[7.2877,5.147],[7.2926,5.1726],[7.2908,5.1824],[7.2813,5.2016],[7.275,5.2096],[7.2643,5.2156],[7.2601,5.2133],[7.2561,5.2135],[7.2514,5.2019],[7.2421,5.1959],[7.2315,5.1946],[7.2101,5.1966],[7.1984,5.1998],[7.1743,5.2102],[7.1654,5.2123],[7.1227,5.2163],[7.1041,5.2215],[7.0873,5.2287],[7.0838,5.229],[7.0622,5.2405],[7.0599,5.24],[7.0531,5.2456],[7.04,5.2496],[7.015,5.2419],[7.012,5.2424],[6.9984,5.2392],[6.9865,5.2343],[6.9718,5.2362],[6.9598,5.2317],[6.9289,5.2265],[6.904,5.2195],[6.8876,5.2256],[6.8756,5.2379],[6.8664,5.2431],[6.849,5.2498],[6.8361,5.2499],[6.8271,5.2524],[6.8036,5.2693],[6.7707,5.3008],[6.7558,5.3235],[6.7576,5.3428],[6.7605,5.3534],[6.7581,5.3898],[6.7625,5.4102],[6.7533,5.4335],[6.749,5.4388],[6.7441,5.4491],[6.7437,5.4589],[6.7512,5.4648],[6.7499,5.4765],[6.745,5.4845],[6.7414,5.4941],[6.7333,5.4939],[6.7156,5.4891],[6.6527,5.4907],[6.6391,5.4934],[6.6689,5.6899],[6.6531,5.6816],[6.626,5.6835],[6.6019,5.6875],[6.5997,5.6789],[6.6065,5.6702],[6.6213,5.6426],[6.6176,5.6315],[6.6038,5.6149],[6.601,5.5969],[6.5917,5.5745],[6.5848,5.5617],[6.5689,5.5534],[6.5554,5.5524],[6.5426,5.5492],[6.5308,5.532],[6.5382,5.4758],[6.5348,5.459],[6.5245,5.4387],[6.5176,5.4344],[6.5088,5.4257],[6.4997,5.4265],[6.4831,5.4206],[6.4766,5.4041],[6.4855,5.3792],[6.54,5.3806],[6.562,5.3792],[6.5696,5.3721],[6.5671,5.3336],[6.5632,5.3202],[6.5486,5.3023],[6.5309,5.2845],[6.5325,5.2738],[6.5374,5.2649],[6.5478,5.2578],[6.5666,5.237],[6.5528,5.2265],[6.5492,5.2127],[6.5588,5.1984],[6.5534,5.1898],[6.5445,5.1863],[6.5346,5.1868],[6.5263,5.1742],[6.5114,5.172],[6.4933,5.1635],[6.4858,5.1534],[6.473,5.1285],[6.4605,5.098],[6.4439,5.0681],[6.439,5.0529],[6.4296,5.0387],[6.4258,5.0294],[6.4116,5.0046],[6.4104,4.9911],[6.4374,4.9665],[6.4404,4.9548],[6.4406,4.9432],[6.434,4.9303],[6.4256,4.9207],[6.4207,4.9068],[6.4146,4.8963],[6.4066,4.8871],[6.4009,4.8751],[6.3984,4.8645],[6.3993,4.8384],[6.4023,4.8272],[6.4229,4.7772],[6.43,4.7659],[6.4447,4.7756],[6.4441,4.761],[6.4414,4.7453],[6.4459,4.73],[6.4594,4.724],[6.4611,4.7133],[6.4785,4.7139],[6.499,4.7326],[6.5176,4.7471],[6.5273,4.753],[6.5374,4.7556],[6.5526,4.7586],[6.5792,4.7581],[6.5983,4.7527],[6.6072,4.7464],[6.5935,4.7225],[6.5789,4.7152],[6.5741,4.7094],[6.5731,4.7016],[6.5676,4.7016],[6.5605,4.6977],[6.5624,4.6924],[6.5536,4.6884],[6.5466,4.682],[6.512,4.6431],[6.5154,4.6329],[6.5166,4.6226],[6.5351,4.6088],[6.5381,4.5962],[6.5489,4.5863],[6.5455,4.581],[6.5402,4.5766],[6.5431,4.5684],[6.5513,4.5582],[6.56,4.5543],[6.5663,4.5538],[6.56,4.5412],[6.545,4.5335],[6.5426,4.5219],[6.5499,4.5102],[6.54,4.5009],[6.5343,4.4885],[6.5318,4.4788],[6.5252,4.4696],[6.5126,4.4317],[6.5121,4.3801],[6.5141,4.3689],[6.5204,4.3609],[6.5446,4.3549],[6.548,4.3437],[6.5492,4.3253],[6.62,4.3258],[6.641,4.3119],[6.6467,4.3152],[6.647,4.3264],[6.6942,4.33],[6.7064,4.3387],[6.6938,4.3892],[6.6876,4.4046],[6.6817,4.4094],[6.6887,4.4225],[6.7003,4.4196],[6.6975,4.4476],[6.6953,4.4609],[6.6915,4.4716],[6.6903,4.4821],[6.6921,4.494],[6.6893,4.5116],[6.6898,4.5185],[6.6951,4.5336],[6.7132,4.5618],[6.7193,4.5783],[6.7209,4.5992],[6.7187,4.6109],[6.7245,4.6127],[6.7266,4.6087],[6.7286,4.5937],[6.7317,4.5847],[6.7321,4.5723],[6.7267,4.5567],[6.7226,4.5507],[6.7169,4.5456],[6.7114,4.5358],[6.7061,4.5213],[6.7007,4.5111],[6.6971,4.4961],[6.6997,4.4773],[6.7035,4.4654],[6.7092,4.4572],[6.7074,4.4449],[6.7159,4.4166],[6.716,4.4088],[6.7126,4.4035],[6.7135,4.384],[6.7125,4.3589],[6.7169,4.35],[6.738,4.3464],[6.7627,4.3464],[6.8752,4.3571],[6.8748,4.3638],[6.8569,4.3791],[6.8502,4.3901],[6.8582,4.3982],[6.9575,4.373],[6.9751,4.3753],[6.9905,4.3703],[7.0056,4.3694],[7.0111,4.3706],[7.0194,4.3756],[7.0247,4.3842],[7.025,4.3894],[7.0174,4.409],[7.0009,4.4186],[6.9946,4.4356],[6.9918,4.4517],[6.9924,4.462],[6.9913,4.4696],[6.9847,4.4773],[6.9793,4.4879],[6.9756,4.5033],[6.9775,4.5084],[6.985,4.5139],[6.9816,4.5327],[6.9754,4.5972],[6.9838,4.6171],[6.9983,4.6067],[6.9939,4.5899],[6.9975,4.5638],[7.0082,4.5365],[7.0094,4.5307],[7.0073,4.5128],[7.0159,4.4684],[7.0221,4.4534],[7.0214,4.4467],[7.0241,4.4412],[7.0342,4.4378],[7.0444,4.4364],[7.0673,4.4406],[7.0751,4.4463],[7.0941,4.453],[7.1037,4.4515],[7.1589,4.4636],[7.17,4.4865],[7.1774,4.515],[7.1771,4.5295],[7.166,4.5486],[7.1764,4.5711],[7.1761,4.5844],[7.1697,4.6044],[7.1573,4.6294],[7.1502,4.6406],[7.1292,4.6565],[7.1048,4.6665],[7.0958,4.6684],[7.0921,4.6762],[7.0835,4.6841],[7.0787,4.7027],[7.0818,4.7219],[7.0857,4.7232],[7.088,4.7187],[7.0888,4.7011],[7.0914,4.6929],[7.1024,4.6785],[7.1082,4.674],[7.1442,4.6649],[7.1528,4.66],[7.1684,4.6317],[7.1903,4.61],[7.2065,4.5646],[7.2167,4.5448],[7.2174,4.5207],[7.1887,4.4757],[7.1757,4.46],[7.1708,4.4576],[7.1666,4.4476],[7.1347,4.4104],[7.1322,4.3858],[7.1373,4.3745],[7.1399,4.376],[7.1393,4.3801],[7.1406,4.3832],[7.1438,4.3841],[7.1819,4.3795],[7.2038,4.379],[7.2158,4.3804],[7.3081,4.4089],[7.3286,4.4168],[7.3231,4.4335],[7.3246,4.4395],[7.3334,4.4437],[7.3673,4.442],[7.4184,4.4315],[7.4474,4.4399],[7.4874,4.4487],[7.5186,4.4513],[7.5803,4.4501],[7.5871,4.4532],[7.5906,4.4589],[7.5897,4.4628],[7.5833,4.4613],[7.5817,4.4757],[7.5894,4.4895],[7.5766,4.497],[7.5571,4.5029],[7.5427,4.5147],[7.5326,4.5259],[7.5214,4.5502],[7.5213,4.5547],[7.527,4.5656],[7.5429,4.5755],[7.5437,4.5798],[7.5323,4.5913],[7.5259,4.6028],[7.5249,4.6131],[7.5176,4.6336],[7.5241,4.6549],[7.5215,4.6621],[7.5163,4.6633],[7.5175,4.6797],[7.5219,4.6892],[7.5278,4.6969],[7.5351,4.7004],[7.5355,4.714],[7.5423,4.7301],[7.5339,4.7534],[7.5316,4.7684],[7.5096,4.7852],[7.5118,4.7931],[7.5115,4.8073],[7.4951,4.8283]]]}},{"type":"Feature","properties":{"name":"Sokoto","code":"SO"},"geometry":{"type":"Polygon","coordinates":[[[4.1264,13.2497],[4.1786,13.2541],[4.2139,13.2637],[4.258,13.2644],[4.3002,13.2596],[4.3744,13.2011],[4.3918,13.1971],[4.4298,13.1927],[4.4551,13.183],[4.4605,13.1828],[4.4709,13.1788],[4.4903,13.1666],[4.493,13.1623],[4.4975,13.16],[4.513,13.1367],[4.623,13.0701],[4.683,13.0789],[4.7022,13.0732],[4.7263,13.0545],[4.7316,13.0528],[4.7247,13.0495],[4.7026,13.0258],[4.6867,13.0061],[4.6778,12.9991],[4.678,12.9882],[4.6806,12.9803],[4.6785,12.9795],[4.678,12.9809],[4.6735,12.9806],[4.6718,12.9766],[4.6662,12.9735],[4.6657,12.9696],[4.6634,12.9705],[4.6594,12.9689],[4.6595,12.9663],[4.6616,12.9659],[4.6607,12.9595],[4.6524,12.9543],[4.6495,12.9541],[4.6462,12.9486],[4.6579,12.9442],[4.6869,12.9388],[4.6943,12.9333],[4.6974,12.9287],[4.6982,12.9224],[4.7063,12.9124],[4.711,12.9079],[4.7405,12.8933],[4.7592,12.8744],[4.8068,12.8195],[4.8063,12.8042],[4.7758,12.7903],[4.7703,12.7893],[4.7603,12.7725],[4.7436,12.7373],[4.7303,12.7018],[4.7319,12.6721],[4.7575,12.637],[4.7947,12.5754],[4.7959,12.5124],[4.8119,12.5036],[4.8031,12.4852],[4.7694,12.4696],[4.7575,12.4496],[4.7498,12.421],[4.7518,12.3927],[4.7509,12.3894],[4.7539,12.3637],[4.7398,12.3656],[4.736,12.3638],[4.7221,12.3632],[4.7092,12.3649],[4.703,12.3797],[4.703,12.3839],[4.6911,12.4],[4.6812,12.3966],[4.6721,12.4066],[4.6643,12.4123],[4.6298,12.4329],[4.5993,12.4007],[4.5971,12.4031],[4.5878,12.3959],[4.5858,12.3889],[4.5864,12.3807],[4.5925,12.3468],[4.5765,12.333],[4.5599,12.3048],[4.5485,12.3015],[4.5571,12.2898],[4.552,12.2842],[4.5492,12.2508],[4.5237,12.2558],[4.5211,12.2514],[4.5243,12.2496],[4.525,12.2458],[4.5303,12.2396],[4.5621,12.23],[4.5559,12.2129],[4.5509,12.1318],[4.5523,12.0977],[4.5748,12.0747],[4.5882,12.0388],[4.582,11.9965],[4.5671,11.9196],[4.5508,11.8919],[4.5497,11.8109],[4.544,11.8035],[4.549,11.7955],[4.5354,11.785],[4.5097,11.7558],[4.4987,11.75],[4.4869,11.7405],[4.4491,11.7204],[4.4364,11.7108],[4.4172,11.7085],[4.4136,11.7302],[4.3939,11.7575],[4.3918,11.7558],[4.3892,11.7597],[4.3816,11.7603],[4.3779,11.7625],[4.3777,11.7581],[4.3807,11.7561],[4.3814,11.7535],[4.3849,11.7532],[4.3863,11.7495],[4.3854,11.746],[4.381,11.7403],[4.3767,11.7416],[4.3728,11.7467],[4.3688,11.747],[4.3716,11.7247],[4.3751,11.7146],[4.3968,11.6922],[4.4273,11.6706],[4.4192,11.6142],[4.4694,11.5765],[4.4968,11.5524],[4.4828,11.532],[4.4947,11.5326],[4.5228,11.5303],[4.542,11.5603],[4.5541,11.5646],[4.5699,11.5737],[4.5562,11.5866],[4.5475,11.5974],[4.5487,11.6108],[4.551,11.6167],[4.5462,11.6344],[4.5699,11.6329],[4.586,11.6549],[4.6153,11.6577],[4.6193,11.6556],[4.6231,11.6567],[4.6289,11.6681],[4.635,11.6723],[4.6668,11.6676],[4.6693,11.6748],[4.6592,11.6786],[4.6615,11.6939],[4.6644,11.6944],[4.671,11.6907],[4.6727,11.6835],[4.6765,11.6819],[4.686,11.6862],[4.6919,11.6859],[4.6989,11.6927],[4.701,11.6906],[4.708,11.6921],[4.7125,11.6912],[4.7211,11.6948],[4.7312,11.6998],[4.7334,11.7043],[4.7382,11.7074],[4.7385,11.7101],[4.7426,11.7152],[4.7451,11.7214],[4.7504,11.7195],[4.7571,11.723],[4.7648,11.7181],[4.7673,11.7204],[4.7615,11.7344],[4.7683,11.739],[4.7772,11.7373],[4.7805,11.7396],[4.7849,11.7384],[4.7912,11.7409],[4.7937,11.743],[4.7948,11.7473],[4.7994,11.7494],[4.8026,11.7577],[4.8093,11.7596],[4.8152,11.7661],[4.8198,11.7669],[4.8208,11.7629],[4.8236,11.76],[4.8283,11.7592],[4.8316,11.7567],[4.8327,11.752],[4.8368,11.7533],[4.844,11.7521],[4.8485,11.7444],[4.8498,11.7351],[4.8615,11.7358],[4.8698,11.7338],[4.8731,11.7345],[4.8726,11.7382],[4.8748,11.7401],[4.8786,11.7502],[4.8839,11.7511],[4.8895,11.7502],[4.8927,11.7468],[4.8912,11.7375],[4.8924,11.7319],[4.8895,11.7193],[4.8897,11.7139],[4.8937,11.7113],[4.8939,11.7092],[4.8991,11.7087],[4.914,11.7166],[4.9151,11.7218],[4.9318,11.7239],[4.9344,11.7221],[4.9388,11.7224],[4.9431,11.7268],[4.941,11.7308],[4.9196,11.7899],[4.9231,11.7948],[4.9264,11.8138],[4.9262,11.8202],[4.935,11.8451],[4.9371,11.8487],[4.9682,11.8757],[4.9444,11.8808],[4.8667,11.9327],[4.8707,12.0286],[4.8607,12.0476],[4.8646,12.0677],[4.8646,12.0909],[4.8746,12.1182],[4.8663,12.1364],[4.8617,12.1596],[4.8727,12.2082],[4.875,12.2297],[4.9504,12.2313],[4.9529,12.3144],[4.9668,12.3079],[4.9976,12.3007],[5.0644,12.2974],[5.0849,12.2939],[5.1021,12.2849],[5.1167,12.2834],[5.128,12.2857],[5.1335,12.2888],[5.1477,12.3065],[5.1602,12.3161],[5.1716,12.3202],[5.1772,12.3193],[5.1819,12.3225],[5.2036,12.3225],[5.2416,12.3313],[5.2762,12.342],[5.3116,12.3558],[5.3216,12.3492],[5.3335,12.3461],[5.3418,12.3421],[5.348,12.3456],[5.3528,12.344],[5.3601,12.3375],[5.3845,12.3243],[5.3926,12.3295],[5.3965,12.3449],[5.4223,12.3533],[5.4387,12.343],[5.4542,12.2967],[5.4651,12.2713],[5.4697,12.2526],[5.4758,12.2524],[5.5193,12.2606],[5.5411,12.2728],[5.5667,12.3515],[5.6526,12.3483],[5.6915,12.3217],[5.7506,12.3239],[5.7551,12.331],[5.7538,12.3369],[5.7567,12.3388],[5.7726,12.3835],[5.7652,12.4095],[5.7359,12.4486],[5.7172,12.4869],[5.7283,12.5511],[5.7231,12.6206],[5.69,12.6274],[5.6774,12.6319],[5.6941,12.6891],[5.6863,12.7139],[5.6745,12.7348],[5.6493,12.7689],[5.6204,12.7871],[5.5882,12.8041],[5.6234,12.8599],[5.6347,12.8829],[5.6817,12.8652],[5.6889,12.8566],[5.734,12.8268],[5.8131,12.8397],[5.836,12.8148],[5.8478,12.8105],[5.852,12.8103],[5.8833,12.8203],[5.9475,12.7725],[5.9507,12.7653],[5.9613,12.7586],[5.9617,12.7547],[5.9861,12.7547],[6.0244,12.7488],[6.0341,12.7841],[6.0302,12.7953],[6.0093,12.8798],[6.0058,12.9191],[6.0439,12.938],[6.0487,12.9483],[6.0554,12.9667],[6.0572,12.9855],[6.0547,13.0033],[6.0469,13.0312],[6.102,13.0598],[6.1909,13.1008],[6.2294,13.1355],[6.2611,13.1358],[6.2583,13.1603],[6.3,13.1825],[6.3273,13.1796],[6.3479,13.1573],[6.3559,13.1641],[6.3693,13.149],[6.3621,13.144],[6.359,13.1371],[6.3917,13.1298],[6.4026,13.1291],[6.4126,13.138],[6.4371,13.1534],[6.4488,13.1584],[6.4532,13.1572],[6.4503,13.1462],[6.4508,13.1409],[6.453,13.1388],[6.4592,13.1389],[6.4634,13.1363],[6.4662,13.1306],[6.4609,13.1246],[6.4556,13.1237],[6.4539,13.1262],[6.4523,13.1257],[6.4504,13.1221],[6.4524,13.1169],[6.4628,13.1169],[6.4818,13.1208],[6.5087,13.1315],[6.516,13.1241],[6.5205,13.1218],[6.5193,13.1129],[6.522,13.1082],[6.523,13.1019],[6.5187,13.0934],[6.52,13.0897],[6.5268,13.0852],[6.5251,13.0811],[6.5194,13.0769],[6.5254,13.058],[6.5289,13.0529],[6.5429,13.0442],[6.5513,13.0325],[6.5603,13.0277],[6.574,13.0254],[6.5813,13.0225],[6.6572,13.0928],[6.6832,13.1072],[6.6856,13.1277],[6.6877,13.1329],[6.7435,13.1185],[6.7928,13.1323],[6.7531,13.207],[6.7483,13.2493],[6.7442,13.2644],[6.7354,13.2818],[6.7126,13.3115],[6.6531,13.3709],[6.6231,13.4134],[6.5586,13.4778],[6.4953,13.5684],[6.462,13.59],[6.403,13.6113],[6.385,13.6276],[6.2964,13.679],[6.2328,13.6735],[6.1557,13.6447],[6.1386,13.6564],[6.1164,13.6644],[6.0892,13.6776],[5.9442,13.7249],[5.9235,13.7362],[5.8761,13.7507],[5.8595,13.7587],[5.8383,13.7609],[5.825,13.7638],[5.712,13.808],[5.7054,13.8113],[5.7042,13.8146],[5.6945,13.817],[5.693,13.8152],[5.6316,13.8363],[5.5572,13.8753],[5.53,13.8857],[5.4517,13.8711],[5.3504,13.8341],[5.333,13.8102],[5.2813,13.7561],[5.2475,13.7429],[5.2047,13.736],[5.1786,13.742],[5.0779,13.7517],[5.0057,13.7361],[4.9502,13.7344],[4.9089,13.7459],[4.8735,13.7814],[4.8014,13.7687],[4.7446,13.7657],[4.7084,13.7585],[4.6671,13.7358],[4.6367,13.7231],[4.5423,13.7021],[4.4651,13.6813],[4.4448,13.6746],[4.3944,13.6535],[4.3778,13.6409],[4.3691,13.621],[4.3488,13.6067],[4.3132,13.5648],[4.2877,13.5411],[4.2324,13.4994],[4.1425,13.4769],[4.1265,13.4682],[4.1249,13.4513],[4.1282,13.3663],[4.1274,13.3008],[4.1258,13.2865],[4.1264,13.2497]]]}},{"type":"Feature","properties":{"name":"Taraba","code":"TA"},"geometry":{"type":"Polygon","coordinates":[[[9.598,6.4999],[9.6378,6.5233],[9.6556,6.5258],[9.7088,6.5213],[9.7864,6.7778],[9.7956,6.8017],[9.8747,6.7758],[10.165,7.0211],[10.1758,7.0072],[10.1806,6.9983],[10.1878,6.9783],[10.1897,6.9331],[10.195,6.9178],[10.205,6.9006],[10.2153,6.8903],[10.2236,6.8844],[10.2378,6.8781],[10.2694,6.8747],[10.5133,6.8781],[10.56,7.0217],[10.615,7.0686],[10.6167,7.0569],[10.62,7.0536],[10.6788,7.0268],[10.683,7.0205],[10.6839,7.0165],[10.691,7.0168],[10.6947,7.0143],[10.7004,7.0135],[10.7085,6.999],[10.7205,6.9883],[10.7298,6.9888],[10.7332,6.9916],[10.7384,6.9886],[10.7433,6.9798],[10.7474,6.976],[10.7474,6.9695],[10.7586,6.9636],[10.7613,6.9585],[10.7669,6.9555],[10.7699,6.9619],[10.7791,6.9672],[10.784,6.9658],[10.7894,6.9602],[10.7984,6.9626],[10.8078,6.9588],[10.842,6.9583],[10.8446,6.9569],[10.8491,6.9483],[10.8542,6.9469],[10.8628,6.9283],[10.8792,6.8778],[10.8817,6.8669],[10.8811,6.8394],[10.8828,6.8278],[10.9031,6.8069],[10.9386,6.78],[10.9433,6.7781],[10.9694,6.7775],[11.0,6.7808],[11.0137,6.7805],[11.0192,6.7786],[11.0436,6.7533],[11.0711,6.7192],[11.0783,6.7075],[11.0822,6.6978],[11.0782,6.6794],[11.0643,6.6631],[11.0597,6.6425],[11.0623,6.5964],[11.0666,6.5726],[11.072,6.5582],[11.0845,6.5415],[11.0953,6.4981],[11.1103,6.4581],[11.1169,6.4442],[11.1244,6.4381],[11.1292,6.4358],[11.1408,6.4336],[11.1919,6.4339],[11.2022,6.4369],[11.2731,6.4333],[11.3403,6.4408],[11.3769,6.4517],[11.3853,6.4569],[11.4128,6.4844],[11.415,6.5161],[11.4372,6.5908],[11.445,6.5969],[11.4547,6.6008],[11.4733,6.6025],[11.505,6.6003],[11.5106,6.6017],[11.5183,6.6075],[11.5581,6.6581],[11.5808,6.7186],[11.5886,6.7594],[11.5892,6.78],[11.5833,6.7944],[11.5608,6.8133],[11.5547,6.8211],[11.5564,6.8333],[11.5797,6.8794],[11.5875,6.8922],[11.6378,6.9439],[11.6461,6.9492],[11.7014,6.9761],[11.7628,7.0033],[11.8642,7.0847],[11.8825,7.1322],[11.795,7.2503],[11.7867,7.2558],[11.7611,7.2558],[11.7556,7.2572],[11.7517,7.26],[11.7497,7.265],[11.7497,7.2706],[11.7519,7.2753],[11.7556,7.2786],[11.7644,7.2839],[11.7994,7.2967],[11.8527,7.3912],[11.8099,7.4421],[11.7961,7.4547],[11.7857,7.4707],[11.7719,7.4879],[11.7629,7.5406],[11.763,7.5475],[11.7654,7.5692],[11.7684,7.5796],[11.7683,7.5984],[11.7666,7.6031],[11.7662,7.6149],[11.7727,7.6515],[11.7694,7.6824],[11.7648,7.6939],[11.758,7.7248],[11.7265,7.7192],[11.6827,7.7341],[11.6487,7.7429],[11.633,7.7504],[11.6321,7.7645],[11.6361,7.773],[11.6488,7.7908],[11.6462,7.8172],[11.6479,7.8455],[11.6506,7.8573],[11.6464,7.8658],[11.6324,7.8672],[11.6197,7.8737],[11.6099,7.8876],[11.5904,7.908],[11.5632,7.906],[11.5516,7.9033],[11.5412,7.8924],[11.5259,7.8455],[11.5166,7.8249],[11.5142,7.8158],[11.5003,7.7998],[11.4944,7.7986],[11.4898,7.7998],[11.4806,7.8124],[11.4725,7.8159],[11.4656,7.8285],[11.4438,7.8537],[11.4116,7.8984],[11.3932,7.9385],[11.3725,7.9648],[11.3656,7.9763],[11.3634,7.9843],[11.3542,7.9969],[11.3519,8.0026],[11.3507,8.0118],[11.3415,8.0187],[11.3427,8.0278],[11.3474,8.0301],[11.3543,8.0266],[11.3544,8.0324],[11.3521,8.0347],[11.3469,8.0358],[11.3463,8.0415],[11.3498,8.0438],[11.3579,8.0552],[11.3626,8.0644],[11.3719,8.0712],[11.3801,8.0827],[11.3905,8.0929],[11.408,8.1066],[11.4335,8.1317],[11.4695,8.1637],[11.4776,8.1694],[11.5044,8.1945],[11.523,8.215],[11.5463,8.2459],[11.5544,8.2596],[11.5661,8.2847],[11.5778,8.3042],[11.5895,8.3316],[11.6012,8.3522],[11.6298,8.3866],[11.6129,8.4037],[11.6383,8.4138],[11.6483,8.4424],[11.6558,8.4454],[11.6618,8.4498],[11.6702,8.4518],[11.6795,8.4626],[11.6902,8.4646],[11.6994,8.4689],[11.709,8.4653],[11.7163,8.4652],[11.7302,8.4709],[11.7662,8.504],[11.7802,8.5142],[11.786,8.5222],[11.7907,8.5314],[11.7945,8.5462],[11.7927,8.5645],[11.79,8.5728],[11.7668,8.5969],[11.7597,8.6075],[11.7576,8.6172],[11.7769,8.6251],[11.7842,8.6298],[11.7889,8.6412],[11.7879,8.6434],[11.7614,8.6665],[11.7605,8.6637],[11.7517,8.6734],[11.7431,8.6776],[11.7543,8.7001],[11.7692,8.712],[11.7855,8.711],[11.8271,8.7391],[11.8312,8.7695],[11.8317,8.7923],[11.8407,8.845],[11.8451,8.8598],[11.8434,8.8667],[11.8506,8.8699],[11.8498,8.8751],[11.854,8.8952],[11.8609,8.9066],[11.8647,8.9099],[11.8624,8.9152],[11.8736,8.9376],[11.8715,8.9471],[11.8639,8.9541],[11.8437,8.9789],[11.8299,8.9935],[11.8311,9.0084],[11.7918,9.0199],[11.7675,9.0337],[11.7525,9.0497],[11.7352,9.0533],[11.7296,9.0617],[11.7156,9.068],[11.7068,9.0745],[11.6949,9.1068],[11.6963,9.1138],[11.6954,9.1328],[11.7026,9.1608],[11.6964,9.1804],[11.6896,9.1902],[11.6836,9.1928],[11.6777,9.2106],[11.6795,9.2175],[11.679,9.2239],[11.6874,9.2295],[11.6702,9.2536],[11.6633,9.2731],[11.6488,9.298],[11.6477,9.3054],[11.6249,9.3091],[11.6116,9.3036],[11.599,9.3016],[11.5933,9.3037],[11.5907,9.3108],[11.5818,9.3167],[11.5307,9.3261],[11.5301,9.343],[11.5359,9.3666],[11.5349,9.3724],[11.5302,9.3784],[11.5261,9.3808],[11.5239,9.3851],[11.524,9.3961],[11.5201,9.404],[11.5259,9.4078],[11.5063,9.434],[11.4974,9.4405],[11.4935,9.4507],[11.4843,9.4641],[11.4791,9.4656],[11.47,9.4773],[11.4438,9.4885],[11.4402,9.4938],[11.4391,9.5163],[11.4335,9.5197],[11.4362,9.5398],[11.4296,9.5496],[11.4202,9.546],[11.4057,9.5445],[11.3377,9.5487],[11.278,9.5478],[11.2693,9.5489],[11.2547,9.5543],[11.2441,9.5622],[11.2271,9.5694],[11.2225,9.5693],[11.1821,9.5556],[11.1613,9.551],[11.1509,9.5508],[11.1142,9.5256],[11.0945,9.5331],[11.0836,9.5467],[11.0764,9.5514],[11.0621,9.5522],[11.0355,9.5487],[11.0204,9.5495],[11.0082,9.5521],[10.9924,9.5593],[10.9847,9.5655],[10.9781,9.5746],[10.9691,9.6154],[10.9563,9.6057],[10.9172,9.5545],[10.7735,9.4473],[10.6178,9.4628],[10.541,9.4835],[10.5661,9.4653],[10.5767,9.4465],[10.5789,9.4388],[10.5799,9.4176],[10.5784,9.4098],[10.5692,9.3998],[10.5636,9.3957],[10.56,9.3897],[10.5604,9.382],[10.5644,9.3783],[10.5666,9.3726],[10.5613,9.3628],[10.5616,9.3551],[10.5599,9.3511],[10.5679,9.3437],[10.5701,9.3381],[10.5781,9.3326],[10.5803,9.3269],[10.5809,9.3134],[10.5795,9.3018],[10.5778,9.2979],[10.5801,9.2458],[10.5882,9.2385],[10.5966,9.2234],[10.5972,9.2099],[10.5957,9.2083],[10.5997,9.2012],[10.5999,9.196],[10.6105,9.1895],[10.6142,9.1828],[10.6104,9.1757],[10.6151,9.1567],[10.6135,9.1489],[10.6177,9.1413],[10.6256,9.1378],[10.6337,9.1305],[10.6358,9.1267],[10.6361,9.119],[10.6326,9.1111],[10.6253,9.1031],[10.6225,9.094],[10.6379,9.0818],[10.64,9.0732],[10.6372,9.061],[10.6374,9.0558],[10.6298,9.0364],[10.6301,9.0312],[10.6272,9.019],[10.6063,8.9921],[10.6032,8.9851],[10.5967,8.9761],[10.5797,8.9736],[10.5662,8.9696],[10.544,8.9686],[10.5388,8.97],[10.5303,8.9697],[10.5184,8.9674],[10.5098,8.9687],[10.498,8.9648],[10.4894,8.9661],[10.4792,8.9639],[10.4638,8.9632],[10.4269,8.9477],[10.407,8.9347],[10.3972,8.9239],[10.3805,8.9145],[10.3691,8.9019],[10.3509,8.8889],[10.3411,8.8798],[10.3251,8.8566],[10.3051,8.8453],[10.2919,8.8344],[10.2869,8.8324],[10.2769,8.8251],[10.2669,8.8194],[10.2618,8.8192],[10.2569,8.8138],[10.2486,8.8082],[10.2357,8.7921],[10.2241,8.7846],[10.2062,8.7648],[10.1881,8.7484],[10.1803,8.7325],[10.1771,8.7289],[10.1704,8.7251],[10.128,8.6817],[10.1164,8.6725],[10.0972,8.6457],[10.0872,8.64],[10.0857,8.6348],[10.0662,8.6132],[10.0518,8.5917],[10.0255,8.5698],[10.0042,8.5498],[9.9978,8.5409],[9.9631,8.5134],[9.9501,8.4989],[9.9203,8.4786],[9.8909,8.4478],[9.8694,8.4313],[9.856,8.4255],[9.8214,8.4028],[9.8094,8.3974],[9.8023,8.3913],[9.797,8.3906],[9.7842,8.3824],[9.765,8.3737],[9.7613,8.3697],[9.7567,8.3673],[9.7111,8.3733],[9.7071,8.375],[9.6956,8.3745],[9.6936,8.3764],[9.6799,8.3796],[9.6683,8.381],[9.6644,8.3828],[9.6548,8.3824],[9.6528,8.3842],[9.6461,8.381],[9.6205,8.3834],[9.6263,8.3699],[9.6251,8.3669],[9.6168,8.3718],[9.6119,8.35],[9.6138,8.3178],[9.6175,8.3029],[9.6154,8.2948],[9.6097,8.2913],[9.5922,8.2967],[9.5469,8.305],[9.518,8.3021],[9.5041,8.3053],[9.4925,8.3039],[9.4832,8.3061],[9.4202,8.3324],[9.3897,8.3491],[9.377,8.35],[9.3633,8.3405],[9.3566,8.3266],[9.3545,8.315],[9.3425,8.2837],[9.3255,8.2638],[9.3234,8.2535],[9.3296,8.2363],[9.3467,8.2261],[9.3712,8.2151],[9.3821,8.2058],[9.3905,8.2018],[9.4058,8.1872],[9.4118,8.1769],[9.4063,8.1653],[9.4006,8.1594],[9.3914,8.1558],[9.3869,8.1488],[9.3919,8.1328],[9.3926,8.1018],[9.395,8.0937],[9.4034,8.0801],[9.414,8.0711],[9.4154,8.0619],[9.4041,8.0456],[9.346,8.0019],[9.3355,7.9855],[9.2811,7.9559],[9.2507,7.9447],[9.2204,7.9265],[9.1791,7.9081],[9.1832,7.8957],[9.1818,7.8917],[9.1782,7.8885],[9.1722,7.8866],[9.1625,7.8691],[9.15,7.8599],[9.1401,7.8487],[9.1243,7.8269],[9.1157,7.8084],[9.1203,7.7933],[9.1302,7.788],[9.1902,7.8104],[9.2251,7.8183],[9.2726,7.8229],[9.3148,7.8348],[9.3866,7.8447],[9.4994,7.8427],[9.5613,7.8388],[9.6015,7.8295],[9.6431,7.7999],[9.6694,7.763],[9.7017,7.7102],[9.7472,7.6549],[9.8085,7.6061],[9.8164,7.5978],[9.8458,7.5744],[9.8708,7.5402],[9.8847,7.5079],[9.8886,7.4617],[9.8827,7.4143],[9.8652,7.3628],[9.856,7.3253],[9.8408,7.2798],[9.8283,7.2574],[9.825,7.2546],[9.8286,7.2363],[9.8352,7.2172],[9.8346,7.1994],[9.824,7.1723],[9.7617,7.1011],[9.738,7.0781],[9.6998,7.0115],[9.6892,6.9864],[9.6457,6.8948],[9.6414,6.8665],[9.6487,6.7992],[9.646,6.7386],[9.6361,6.7129],[9.6223,6.6641],[9.6065,6.5718],[9.598,6.4999]]]}},{"type":"Feature","properties":{"name":"Yobe","code":"YO"},"geometry":{"type":"Polygon","coordinates":[[[12.4296,13.073],[12.3947,13.0743],[12.3592,13.0829],[12.3361,13.0832],[12.2808,13.0966],[12.2641,13.114],[12.26,13.1135],[12.2586,13.1177],[12.2384,13.1171],[12.2335,13.1104],[12.2332,13.1063],[12.2286,13.1105],[12.2265,13.1147],[12.223,13.114],[12.2227,13.1115],[12.2193,13.1148],[12.2127,13.1151],[12.2078,13.1193],[12.2097,13.1232],[12.2076,13.1255],[12.2051,13.1241],[12.1996,13.1304],[12.1971,13.127],[12.1953,13.1294],[12.1941,13.1273],[12.1952,13.1254],[12.1929,13.1231],[12.187,13.1245],[12.1845,13.1203],[12.1819,13.12],[12.1812,13.1171],[12.1784,13.1205],[12.1792,13.1226],[12.1779,13.1241],[12.1718,13.1232],[12.163,13.1175],[12.1409,13.1143],[12.1168,13.1143],[12.0903,13.1215],[12.0609,13.1342],[12.0248,13.158],[12.0078,13.1714],[11.8949,13.2351],[11.8197,13.2731],[11.7493,13.2931],[11.6544,13.3149],[11.6152,13.3295],[11.5388,13.3531],[11.4633,13.3733],[11.4522,13.3774],[11.4361,13.3775],[11.3925,13.3811],[11.2519,13.376],[11.2131,13.3731],[11.1711,13.3664],[11.1059,13.3605],[11.0214,13.376],[11.0127,13.3745],[11.0098,13.3724],[11.0009,13.3764],[10.9967,13.3763],[10.9848,13.3733],[10.9321,13.3692],[10.9067,13.3725],[10.8786,13.3806],[10.8347,13.3869],[10.7915,13.3891],[10.7347,13.3873],[10.705,13.3844],[10.6447,13.3746],[10.4639,13.3186],[10.4119,13.3097],[10.3375,13.3008],[10.2244,13.2804],[10.1731,13.2697],[10.1483,13.2597],[9.9947,13.1764],[9.9621,13.1556],[9.9598,13.1528],[9.9605,13.1396],[9.9569,13.1348],[9.9457,13.1269],[9.9452,13.1216],[9.9385,13.1194],[9.9363,13.116],[9.9286,13.1117],[9.9238,13.1118],[9.9227,13.109],[9.9196,13.1073],[9.9168,13.1073],[9.9091,13.1119],[9.8731,13.0753],[9.662,12.8338],[9.6807,12.8209],[9.7048,12.8226],[9.7112,12.814],[9.714,12.8139],[9.7143,12.8102],[9.7483,12.7982],[9.7652,12.7962],[9.7777,12.7993],[9.7774,12.8042],[9.7809,12.8004],[9.7856,12.7991],[9.7868,12.8042],[9.7853,12.8127],[9.787,12.8144],[9.7929,12.8145],[9.7974,12.8097],[9.8162,12.8075],[9.8582,12.8202],[9.8964,12.8527],[9.8997,12.8551],[9.9102,12.8585],[9.9154,12.8634],[9.9177,12.8723],[9.911,12.8775],[9.9297,12.9185],[9.9431,12.9112],[9.9537,12.936],[9.9644,12.9444],[9.988,12.9564],[9.997,12.9556],[10.0062,12.9571],[10.0192,12.9638],[10.0291,12.9651],[10.0321,12.9652],[10.039,12.9617],[10.0512,12.9528],[10.0609,12.9657],[10.0569,12.974],[10.0637,12.9778],[10.0887,12.9836],[10.0973,12.9664],[10.1037,12.9663],[10.0986,12.9855],[10.1178,12.9846],[10.1364,12.9894],[10.1399,12.9892],[10.1438,12.9867],[10.149,12.9876],[10.1546,12.9933],[10.1744,13.0022],[10.2029,13.0082],[10.2243,13.0148],[10.2265,13.0069],[10.2347,13.0088],[10.2603,12.9975],[10.2637,12.9853],[10.2654,12.9836],[10.282,12.9794],[10.2846,12.9643],[10.2834,12.9621],[10.2773,12.9584],[10.264,12.9548],[10.2704,12.9448],[10.2707,12.9389],[10.2741,12.9345],[10.2719,12.9176],[10.289,12.9056],[10.2901,12.8755],[10.3047,12.8611],[10.3038,12.8554],[10.2955,12.8355],[10.2905,12.8155],[10.2982,12.8171],[10.3149,12.8145],[10.3253,12.8115],[10.331,12.8473],[10.3854,12.8411],[10.4096,12.8305],[10.4194,12.8246],[10.4332,12.8199],[10.4502,12.807],[10.465,12.7991],[10.4752,12.79],[10.4807,12.7914],[10.4827,12.7989],[10.4997,12.8038],[10.503,12.807],[10.502,12.8093],[10.4946,12.8108],[10.4938,12.8148],[10.4951,12.8159],[10.5039,12.8141],[10.5128,12.8196],[10.5248,12.8176],[10.5266,12.8197],[10.5274,12.817],[10.5301,12.8166],[10.5377,12.8236],[10.5435,12.8196],[10.5467,12.8206],[10.5463,12.8193],[10.5501,12.8137],[10.5531,12.8111],[10.5581,12.8095],[10.5609,12.798],[10.5638,12.7972],[10.5657,12.7944],[10.569,12.794],[10.5687,12.7857],[10.573,12.7615],[10.5764,12.7453],[10.5807,12.7361],[10.5841,12.7114],[10.5986,12.7061],[10.5986,12.7031],[10.5934,12.7003],[10.5938,12.6986],[10.6001,12.6952],[10.5963,12.6633],[10.5868,12.6636],[10.5837,12.6615],[10.5823,12.6597],[10.5827,12.6539],[10.581,12.6478],[10.5888,12.6422],[10.5965,12.6169],[10.5965,12.5908],[10.5921,12.5888],[10.5932,12.5822],[10.5854,12.5699],[10.5878,12.5658],[10.6019,12.5647],[10.6026,12.5626],[10.5993,12.5583],[10.5946,12.5587],[10.5954,12.5522],[10.587,12.5425],[10.586,12.5386],[10.5891,12.5371],[10.5943,12.5402],[10.5981,12.5376],[10.5982,12.5342],[10.5924,12.5327],[10.5891,12.5279],[10.5897,12.5257],[10.5941,12.5255],[10.5977,12.5239],[10.5982,12.522],[10.6055,12.5281],[10.6142,12.5325],[10.6424,12.5312],[10.6513,12.5294],[10.6913,12.5144],[10.7152,12.5008],[10.7505,12.4762],[10.7643,12.3696],[10.7759,12.3097],[10.7817,12.2909],[10.785,12.2872],[10.789,12.2784],[10.7895,12.2411],[10.7921,12.2303],[10.7949,12.1847],[10.8032,12.1448],[10.7995,12.128],[10.8044,12.1171],[10.8192,12.1121],[10.8232,12.1094],[10.8267,12.0959],[10.8218,12.0656],[10.8259,12.048],[10.8227,12.0148],[10.8262,12.0134],[10.8223,12.0068],[10.819,12.01],[10.8152,12.008],[10.8182,12.0029],[10.8182,11.9995],[10.8206,11.9999],[10.8228,11.9977],[10.8201,11.9943],[10.8228,11.9855],[10.8184,11.9831],[10.8234,11.9806],[10.8237,11.9772],[10.8221,11.9768],[10.8207,11.9798],[10.8188,11.9797],[10.817,11.9761],[10.8187,11.9705],[10.8109,11.9682],[10.8097,11.9654],[10.8116,11.9636],[10.814,11.9551],[10.8127,11.9544],[10.8097,11.9572],[10.8072,11.9573],[10.8049,11.9508],[10.8068,11.9473],[10.8056,11.9454],[10.8014,11.9476],[10.7998,11.9463],[10.7999,11.9439],[10.8038,11.9416],[10.8033,11.9372],[10.802,11.9364],[10.8128,11.9169],[10.817,11.8861],[10.8407,11.8729],[10.8605,11.8556],[10.8775,11.829],[10.9054,11.8273],[10.9277,11.7766],[10.9265,11.7393],[10.9209,11.7184],[10.9287,11.6665],[10.927,11.6102],[10.9287,11.5856],[10.9325,11.567],[10.9395,11.554],[10.9293,11.5347],[10.9277,11.5256],[10.9306,11.5008],[10.9347,11.4956],[10.9337,11.4864],[10.9356,11.4815],[10.9356,11.4746],[10.9334,11.4622],[10.9312,11.4594],[10.9298,11.4433],[10.9207,11.4259],[10.9207,11.3864],[10.9103,11.3309],[10.9331,11.3149],[10.928,11.2844],[10.917,11.2709],[10.9179,11.2688],[10.9206,11.2679],[10.9443,11.2758],[10.9478,11.2658],[10.926,11.2512],[10.9456,11.219],[10.9817,11.1788],[11.0774,11.2867],[11.0919,11.2261],[11.1338,11.2078],[11.1651,11.2012],[11.1819,11.199],[11.2009,11.1751],[11.2238,11.1648],[11.2486,11.1836],[11.2755,11.1723],[11.3114,11.1689],[11.3194,11.1862],[11.3416,11.1638],[11.3479,11.1527],[11.3549,11.1442],[11.36,11.1275],[11.3732,11.114],[11.375,11.1101],[11.3727,11.1061],[11.3742,11.105],[11.3743,11.1017],[11.3712,11.0984],[11.3867,11.0908],[11.3911,11.0902],[11.3944,11.092],[11.4025,11.0879],[11.4121,11.0802],[11.4349,11.0559],[11.4486,11.0467],[11.4705,11.0216],[11.4825,11.0028],[11.495,10.9909],[11.515,10.9659],[11.5273,10.9423],[11.5304,10.9349],[11.5319,10.9181],[11.531,10.9041],[11.5289,10.8934],[11.5274,10.8916],[11.5287,10.8768],[11.5365,10.8637],[11.5391,10.851],[11.5381,10.8399],[11.5344,10.8335],[11.5364,10.8288],[11.5362,10.8231],[11.5287,10.7904],[11.5265,10.7579],[11.5198,10.7449],[11.5166,10.7321],[11.5151,10.695],[11.5165,10.684],[11.5227,10.6615],[11.5242,10.66],[11.5215,10.6394],[11.5134,10.6073],[11.5127,10.5853],[11.5165,10.5703],[11.5276,10.5676],[11.5515,10.5879],[11.5613,10.5916],[11.5833,10.5939],[11.6036,10.5999],[11.6269,10.6024],[11.639,10.6107],[11.6567,10.614],[11.6799,10.6252],[11.7143,10.6341],[11.7537,10.6626],[11.767,10.7058],[11.7674,10.7227],[11.7639,10.7382],[11.7599,10.782],[11.7557,10.8036],[11.7512,10.813],[11.742,10.8208],[11.7292,10.8252],[11.7168,10.8242],[11.6469,10.8343],[11.6338,10.8331],[11.6321,10.8572],[11.6402,10.8757],[11.6467,10.8783],[11.6503,10.8771],[11.6508,10.8804],[11.6557,10.8796],[11.6583,10.8806],[11.6624,10.8782],[11.6722,10.8782],[11.6768,10.8768],[11.687,10.884],[11.6924,10.8836],[11.6981,10.8869],[11.7044,10.8915],[11.7064,10.8946],[11.7062,10.8993],[11.7122,10.9017],[11.7171,10.8996],[11.7198,10.8954],[11.7221,10.896],[11.7243,10.899],[11.7336,10.9011],[11.7336,10.9046],[11.7372,10.9064],[11.7387,10.911],[11.7395,10.9092],[11.7427,10.9081],[11.7432,10.9099],[11.7413,10.9118],[11.742,10.9148],[11.746,10.9161],[11.7465,10.9175],[11.7499,10.916],[11.755,10.919],[11.7602,10.9153],[11.7629,10.9171],[11.7647,10.9228],[11.7679,10.92],[11.7705,10.9237],[11.7758,10.9237],[11.7748,10.9278],[11.7768,10.9332],[11.7824,10.9349],[11.7833,10.9366],[11.7899,10.9336],[11.7954,10.9353],[11.799,10.9382],[11.8001,10.9377],[11.8007,10.9335],[11.8034,10.9328],[11.8065,10.9377],[11.812,10.9396],[11.8168,10.939],[11.8186,10.945],[11.8289,10.9384],[11.8342,10.9393],[11.8359,10.9371],[11.8467,10.9383],[11.8468,10.9353],[11.8549,10.935],[11.8545,10.9383],[11.8611,10.9384],[11.8629,10.9435],[11.8666,10.9415],[11.8689,10.9419],[11.8708,10.9445],[11.8737,10.9435],[11.8772,10.9472],[11.8762,10.9524],[11.8804,10.9544],[11.8833,10.9578],[11.8873,10.9549],[11.8904,10.9558],[11.8904,10.9574],[11.8942,10.9587],[11.8948,10.962],[11.8996,10.9689],[11.9079,10.9393],[11.9377,10.9477],[11.9469,10.9522],[11.9672,10.9683],[11.9746,10.9869],[11.9828,10.9921],[11.9937,10.9918],[12.0038,11.0038],[12.017,11.0156],[12.0353,11.0444],[12.0425,11.0493],[12.0567,11.0485],[12.0943,11.0385],[12.126,11.0378],[12.1362,11.0405],[12.1481,11.0461],[12.153,11.0503],[12.1627,11.0636],[12.1676,11.0791],[12.1671,11.0855],[12.1537,11.1112],[12.1531,11.1196],[12.1205,11.1402],[12.1146,11.1558],[12.1142,11.1834],[12.1025,11.2324],[12.1032,11.2478],[12.1075,11.2561],[12.113,11.2601],[12.1513,11.2798],[12.1869,11.3019],[12.1942,11.3116],[12.1966,11.3181],[12.2019,11.3566],[12.2206,11.3588],[12.2276,11.3779],[12.2461,11.3994],[12.2556,11.4055],[12.2674,11.4182],[12.3032,11.4445],[12.3221,11.4509],[12.3219,11.4602],[12.3262,11.4652],[12.3436,11.4791],[12.3507,11.505],[12.3735,11.5498],[12.3485,11.5831],[12.3299,11.5936],[12.3136,11.6056],[12.3,11.6086],[12.3011,11.6449],[12.2748,11.694],[12.2413,11.6523],[12.2237,11.6329],[12.1989,11.6425],[12.1958,11.6575],[12.1986,11.6707],[12.2084,11.6884],[12.2136,11.7034],[12.2161,11.7157],[12.2168,11.7337],[12.2213,11.756],[12.2376,11.7604],[12.2358,11.7675],[12.2443,11.8093],[12.2529,11.8172],[12.257,11.8184],[12.2704,11.8265],[12.2679,11.8467],[12.2615,11.8606],[12.2561,11.8856],[12.2629,11.9359],[12.2741,11.9774],[12.2806,11.9954],[12.2687,12.0048],[12.2516,12.0491],[12.238,12.0896],[12.2364,12.1373],[12.2636,12.1785],[12.2503,12.2127],[12.2849,12.2662],[12.2831,12.2872],[12.2846,12.3152],[12.2684,12.3235],[12.27,12.3325],[12.2862,12.3299],[12.2873,12.344],[12.2832,12.4095],[12.2868,12.4246],[12.3005,12.4351],[12.3244,12.4434],[12.3531,12.4598],[12.3606,12.4814],[12.3674,12.4923],[12.3737,12.5063],[12.377,12.5199],[12.3862,12.5267],[12.401,12.5243],[12.4188,12.5244],[12.4365,12.5482],[12.4438,12.5611],[12.439,12.5672],[12.4363,12.574],[12.4413,12.5789],[12.4419,12.5855],[12.4275,12.6025],[12.4426,12.6085],[12.4616,12.6117],[12.4646,12.6137],[12.4734,12.637],[12.478,12.6422],[12.4834,12.6437],[12.4876,12.6529],[12.4971,12.6646],[12.5009,12.675],[12.5039,12.6913],[12.4994,12.7059],[12.4974,12.7652],[12.4907,12.774],[12.485,12.8016],[12.4812,12.8036],[12.4775,12.8006],[12.476,12.8013],[12.4767,12.8034],[12.4738,12.807],[12.4602,12.8142],[12.4313,12.8521],[12.4092,12.8596],[12.4083,12.8878],[12.4051,12.8968],[12.3984,12.9044],[12.3945,12.9164],[12.4055,12.9431],[12.4126,12.9668],[12.4149,12.9844],[12.4095,12.9957],[12.4076,13.0071],[12.4085,13.0235],[12.4192,13.0459],[12.4254,13.0549],[12.4296,13.073]]]}},{"type":"Feature","properties":{"name":"Zamfara","code":"ZA"},"geometry":{"type":"Polygon","coordinates":[[[4.941,11.7308],[4.9441,11.7323],[4.945,11.735],[4.9527,11.7393],[4.9603,11.7397],[4.9639,11.7385],[4.9661,11.736],[4.9737,11.7382],[4.9773,11.737],[4.9871,11.7407],[4.988,11.745],[4.9899,11.7464],[4.9953,11.7447],[5.0005,11.748],[5.0057,11.7466],[5.0071,11.7497],[5.0088,11.7493],[5.01,11.7454],[5.0145,11.7442],[5.0273,11.7336],[5.0285,11.731],[5.0272,11.7231],[5.0303,11.7198],[5.0342,11.7195],[5.0381,11.7234],[5.0441,11.7238],[5.0516,11.7201],[5.0566,11.7128],[5.0628,11.7081],[5.0655,11.7089],[5.0651,11.7114],[5.0712,11.7199],[5.0732,11.7269],[5.0814,11.7323],[5.103,11.7378],[5.1249,11.7298],[5.1273,11.731],[5.1296,11.7289],[5.1342,11.7284],[5.1349,11.7303],[5.1404,11.7305],[5.145,11.7325],[5.1459,11.7369],[5.1479,11.7378],[5.1512,11.7385],[5.1565,11.7367],[5.1589,11.7407],[5.1629,11.7418],[5.1638,11.7433],[5.1682,11.7436],[5.1702,11.7422],[5.1774,11.7441],[5.1819,11.7518],[5.184,11.7597],[5.1836,11.7661],[5.1829,11.7673],[5.173,11.769],[5.1662,11.7799],[5.1704,11.7833],[5.1742,11.7834],[5.1773,11.7878],[5.1779,11.7924],[5.1825,11.792],[5.1898,11.7866],[5.1906,11.7841],[5.1952,11.7836],[5.2141,11.7751],[5.2149,11.772],[5.2139,11.7705],[5.2153,11.7684],[5.2207,11.7655],[5.2193,11.7578],[5.238,11.7559],[5.2538,11.7648],[5.2548,11.7673],[5.2517,11.7743],[5.2579,11.7735],[5.2638,11.7751],[5.2708,11.78],[5.2743,11.7759],[5.2837,11.7725],[5.2865,11.7693],[5.288,11.7694],[5.2928,11.7742],[5.2958,11.7745],[5.3,11.7809],[5.3015,11.7908],[5.3095,11.7937],[5.3158,11.7908],[5.3177,11.7876],[5.3175,11.7779],[5.3132,11.7723],[5.2971,11.7607],[5.2962,11.7553],[5.3071,11.7583],[5.3193,11.7731],[5.328,11.7722],[5.3366,11.7495],[5.3365,11.7396],[5.3408,11.7345],[5.3527,11.7296],[5.3559,11.7222],[5.3508,11.7155],[5.349,11.7101],[5.3499,11.7093],[5.3623,11.7101],[5.3659,11.7139],[5.3689,11.7144],[5.3759,11.7096],[5.3854,11.7121],[5.394,11.7107],[5.397,11.712],[5.4013,11.7053],[5.4052,11.7029],[5.4128,11.7043],[5.4222,11.7087],[5.4285,11.7067],[5.4402,11.7088],[5.4541,11.6989],[5.4564,11.6951],[5.4602,11.6844],[5.4595,11.6781],[5.46,11.6731],[5.4615,11.6714],[5.4659,11.6693],[5.4712,11.6638],[5.4813,11.6648],[5.4972,11.6559],[5.5025,11.6582],[5.5058,11.6631],[5.5141,11.6648],[5.5155,11.6705],[5.5205,11.6695],[5.5275,11.6613],[5.5416,11.6657],[5.5515,11.6726],[5.5537,11.6767],[5.5641,11.6844],[5.5802,11.6754],[5.6049,11.6686],[5.6394,11.6629],[5.6697,11.6614],[5.691,11.6673],[5.6962,11.6706],[5.705,11.688],[5.7607,11.6866],[5.7803,11.6839],[5.7878,11.6789],[5.8195,11.6484],[5.8223,11.6343],[5.8288,11.6248],[5.8298,11.5917],[5.8266,11.5861],[5.8261,11.5792],[5.82,11.5747],[5.8214,11.5663],[5.8172,11.5601],[5.8179,11.5571],[5.816,11.5532],[5.8173,11.5477],[5.8159,11.5424],[5.8172,11.5368],[5.8164,11.5155],[5.8246,11.4985],[5.8237,11.4567],[5.8268,11.4443],[5.8355,11.4354],[5.8442,11.4328],[5.8761,11.4396],[5.8906,11.4405],[5.9338,11.4366],[5.9366,11.4438],[5.9463,11.4495],[5.9612,11.4541],[5.968,11.4669],[6.0095,11.4626],[6.0257,11.4449],[6.0301,11.4436],[6.0388,11.4207],[6.0529,11.4015],[6.0796,11.3884],[6.0923,11.3863],[6.1543,11.383],[6.1776,11.384],[6.2009,11.39],[6.2044,11.3837],[6.1747,11.3594],[6.1906,11.3341],[6.1731,11.3179],[6.1478,11.3056],[6.1357,11.2954],[6.1087,11.2384],[6.1091,11.2354],[6.1165,11.2239],[6.1172,11.2074],[6.1059,11.1833],[6.0957,11.1769],[6.0763,11.1687],[6.0693,11.1642],[6.0468,11.1626],[6.0547,11.2016],[6.0659,11.2102],[6.0699,11.2271],[6.0591,11.2298],[6.0552,11.2178],[6.0485,11.2097],[6.0324,11.1813],[6.0253,11.1717],[6.0159,11.138],[6.014,11.1297],[6.0167,11.1183],[6.0263,11.101],[6.0327,11.0753],[6.0399,11.0665],[6.0464,11.0544],[6.066,11.055],[6.1127,11.0613],[6.12,11.0597],[6.1275,11.0539],[6.1626,11.043],[6.1961,11.0177],[6.2083,11.0048],[6.2235,10.9965],[6.2423,10.9886],[6.2665,10.9661],[6.2802,10.9636],[6.2831,10.9684],[6.2832,10.9746],[6.287,10.9752],[6.2875,10.9794],[6.2927,10.9853],[6.2964,10.9926],[6.3014,10.9941],[6.3009,10.9991],[6.3131,11.0104],[6.3201,11.0102],[6.3222,11.0117],[6.3243,11.0177],[6.3274,11.0196],[6.3262,11.0227],[6.322,11.0214],[6.3224,11.0241],[6.3286,11.0271],[6.3347,11.0247],[6.3383,11.021],[6.3409,11.0211],[6.3442,11.0242],[6.3468,11.0222],[6.3538,11.0223],[6.3648,11.0177],[6.3718,11.0247],[6.3749,11.031],[6.3783,11.0305],[6.3825,11.0326],[6.3865,11.0322],[6.3916,11.0338],[6.3956,11.0318],[6.4037,11.0329],[6.4069,11.0289],[6.4113,11.0311],[6.419,11.0277],[6.4216,11.0178],[6.4263,11.0127],[6.4271,11.0095],[6.4318,11.0075],[6.437,11.0076],[6.4582,11.0159],[6.4791,11.0295],[6.4886,11.0327],[6.5108,11.0437],[6.5334,11.0479],[6.5516,11.0418],[6.5722,11.0245],[6.572,11.0221],[6.5773,11.0216],[6.5781,11.0253],[6.5846,11.0239],[6.5859,11.025],[6.5876,11.0309],[6.5988,11.0413],[6.5998,11.0447],[6.6032,11.046],[6.6227,11.047],[6.6242,11.0491],[6.6272,11.0481],[6.643,11.0506],[6.6442,11.0488],[6.6464,11.0493],[6.6565,11.052],[6.6608,11.0558],[6.662,11.0547],[6.6638,11.0556],[6.6638,11.0615],[6.6686,11.0628],[6.6753,11.0564],[6.6768,11.0573],[6.683,11.065],[6.6811,11.0811],[6.6874,11.0917],[6.696,11.0936],[6.7009,11.0966],[6.707,11.0943],[6.716,11.1062],[6.7142,11.111],[6.6986,11.114],[6.6909,11.1209],[6.6882,11.1279],[6.685,11.1515],[6.6861,11.1794],[6.6891,11.2036],[6.6928,11.2163],[6.7034,11.239],[6.7112,11.2492],[6.7305,11.2582],[6.7584,11.2634],[6.7606,11.2671],[6.7643,11.2673],[6.7668,11.2722],[6.7665,11.2969],[6.7679,11.3082],[6.7706,11.3201],[6.774,11.3224],[6.7871,11.3198],[6.8153,11.3081],[6.8195,11.3084],[6.8225,11.3107],[6.8251,11.308],[6.8295,11.3072],[6.8357,11.31],[6.8362,11.3161],[6.8399,11.3189],[6.8353,11.3288],[6.8334,11.3374],[6.8329,11.352],[6.8445,11.3604],[6.8779,11.3662],[6.8894,11.3836],[6.8869,11.3962],[6.8869,11.4312],[6.9008,11.4588],[6.9073,11.4751],[6.8959,11.5052],[6.9073,11.5296],[6.904,11.5532],[6.8761,11.5744],[6.8674,11.5776],[6.8568,11.589],[6.8544,11.5952],[6.852,11.6207],[6.8552,11.6419],[6.8658,11.663],[6.869,11.6785],[6.8812,11.7056],[6.8808,11.7109],[6.884,11.7168],[6.8855,11.7354],[6.884,11.7447],[6.8858,11.7523],[6.8831,11.7554],[6.8825,11.7584],[6.8862,11.7613],[6.892,11.7762],[6.8913,11.7791],[6.8954,11.7834],[6.8961,11.7875],[6.9022,11.789],[6.9004,11.7939],[6.9012,11.7976],[6.9022,11.7989],[6.9099,11.7858],[6.9174,11.7859],[6.9225,11.7874],[6.9286,11.7929],[6.9333,11.7934],[6.9344,11.7949],[6.9435,11.7977],[6.947,11.8036],[6.9527,11.8003],[6.9636,11.8044],[6.9734,11.8032],[6.9771,11.8091],[6.9777,11.8081],[6.9821,11.8094],[6.9857,11.8124],[6.9878,11.8102],[6.9909,11.8108],[6.9922,11.8127],[6.9937,11.811],[6.9988,11.8106],[7.0173,11.8156],[7.0214,11.8111],[7.0373,11.8009],[7.0426,11.7904],[7.0497,11.7885],[7.06,11.7899],[7.0626,11.8045],[7.0724,11.8086],[7.0748,11.8175],[7.1008,11.8205],[7.1418,11.8493],[7.1462,11.8659],[7.1471,11.881],[7.1447,11.8873],[7.1408,11.9113],[7.1458,11.9124],[7.165,11.909],[7.1714,11.9106],[7.1825,11.9095],[7.1916,11.9068],[7.191,11.9037],[7.1931,11.9007],[7.1998,11.9005],[7.206,11.9069],[7.2053,11.9085],[7.2171,11.9129],[7.2264,11.9135],[7.2466,11.9326],[7.2438,11.9389],[7.2379,11.9455],[7.2255,11.9522],[7.2235,11.9518],[7.2223,11.9496],[7.2203,11.9498],[7.2205,11.9609],[7.2111,11.9642],[7.2095,11.9759],[7.2119,11.9797],[7.2108,11.9855],[7.2082,11.988],[7.1988,11.9902],[7.1973,11.9926],[7.1969,11.9984],[7.1954,11.9994],[7.192,12.0015],[7.186,12.002],[7.1804,12.0079],[7.1765,12.0084],[7.1716,12.0143],[7.1705,12.0203],[7.16,12.022],[7.1539,12.0256],[7.1533,12.0296],[7.1487,12.033],[7.1503,12.0418],[7.1473,12.0475],[7.1435,12.064],[7.1414,12.0651],[7.1376,12.0619],[7.1317,12.0649],[7.1303,12.0684],[7.1366,12.0779],[7.1364,12.0856],[7.1333,12.0903],[7.1172,12.094],[7.1261,12.1135],[7.1279,12.1245],[7.1351,12.1318],[7.1456,12.1472],[7.1568,12.1851],[7.15,12.207],[7.1504,12.2316],[7.1395,12.2432],[7.0933,12.2826],[7.0828,12.3294],[7.0847,12.3475],[7.0747,12.375],[7.0683,12.4113],[7.0594,12.4886],[7.0537,12.5163],[7.0537,12.5293],[7.0512,12.5399],[7.0521,12.5534],[7.0502,12.5751],[7.0516,12.587],[7.046,12.6196],[7.0472,12.6377],[7.0445,12.6589],[7.0393,12.6587],[7.035,12.6614],[6.989,12.6734],[7.043,12.7196],[7.0607,12.7398],[7.0604,12.7617],[7.0664,12.7996],[7.0665,12.8106],[7.0561,12.8233],[7.0686,12.8322],[7.0633,12.8381],[7.0629,12.8436],[7.0649,12.8595],[7.065,12.8772],[7.0664,12.8817],[7.0651,12.8857],[7.0662,12.8925],[7.0639,12.9031],[7.0656,12.9075],[7.0645,12.9102],[7.0654,12.9126],[7.0614,12.9128],[7.0621,12.9191],[7.0603,12.9183],[7.0551,12.9304],[7.0492,12.9347],[7.0502,12.9374],[7.052,12.9382],[7.0509,12.9417],[7.0522,12.9433],[7.0562,12.9439],[7.0579,12.9499],[7.0598,12.9511],[7.0566,12.9555],[7.0493,12.9612],[7.0487,12.9687],[7.0502,12.9703],[7.0505,12.9814],[7.049,12.9868],[7.0517,12.9896],[7.0513,12.9955],[6.9333,12.9972],[6.8064,13.1081],[6.7928,13.1323],[6.7435,13.1185],[6.6877,13.1329],[6.6856,13.1277],[6.6832,13.1072],[6.6572,13.0928],[6.5813,13.0225],[6.574,13.0254],[6.5603,13.0277],[6.5513,13.0325],[6.5429,13.0442],[6.5289,13.0529],[6.5254,13.058],[6.5194,13.0769],[6.5251,13.0811],[6.5268,13.0852],[6.52,13.0897],[6.5187,13.0934],[6.523,13.1019],[6.522,13.1082],[6.5193,13.1129],[6.5205,13.1218],[6.516,13.1241],[6.5087,13.1315],[6.4818,13.1208],[6.4628,13.1169],[6.4524,13.1169],[6.4504,13.1221],[6.4523,13.1257],[6.4539,13.1262],[6.4556,13.1237],[6.4609,13.1246],[6.4662,13.1306],[6.4634,13.1363],[6.4592,13.1389],[6.453,13.1388],[6.4508,13.1409],[6.4503,13.1462],[6.4532,13.1572],[6.4488,13.1584],[6.4371,13.1534],[6.4126,13.138],[6.4026,13.1291],[6.3917,13.1298],[6.359,13.1371],[6.3621,13.144],[6.3693,13.149],[6.3559,13.1641],[6.3479,13.1573],[6.3273,13.1796],[6.3,13.1825],[6.2583,13.1603],[6.2611,13.1358],[6.2294,13.1355],[6.1909,13.1008],[6.102,13.0598],[6.0469,13.0312],[6.0547,13.0033],[6.0572,12.9855],[6.0554,12.9667],[6.0487,12.9483],[6.0439,12.938],[6.0058,12.9191],[6.0093,12.8798],[6.0302,12.7953],[6.0341,12.7841],[6.0244,12.7488],[5.9861,12.7547],[5.9617,12.7547],[5.9613,12.7586],[5.9507,12.7653],[5.9475,12.7725],[5.8833,12.8203],[5.852,12.8103],[5.8478,12.8105],[5.836,12.8148],[5.8131,12.8397],[5.734,12.8268],[5.6889,12.8566],[5.6817,12.8652],[5.6347,12.8829],[5.6234,12.8599],[5.5882,12.8041],[5.6204,12.7871],[5.6493,12.7689],[5.6745,12.7348],[5.6863,12.7139],[5.6941,12.6891],[5.6774,12.6319],[5.69,12.6274],[5.7231,12.6206],[5.7283,12.5511],[5.7172,12.4869],[5.7359,12.4486],[5.7652,12.4095],[5.7726,12.3835],[5.7567,12.3388],[5.7538,12.3369],[5.7551,12.331],[5.7506,12.3239],[5.6915,12.3217],[5.6526,12.3483],[5.5667,12.3515],[5.5411,12.2728],[5.5193,12.2606],[5.4758,12.2524],[5.4697,12.2526],[5.4651,12.2713],[5.4542,12.2967],[5.4387,12.343],[5.4223,12.3533],[5.3965,12.3449],[5.3926,12.3295],[5.3845,12.3243],[5.3601,12.3375],[5.3528,12.344],[5.348,12.3456],[5.3418,12.3421],[5.3335,12.3461],[5.3216,12.3492],[5.3116,12.3558],[5.2762,12.342],[5.2416,12.3313],[5.2036,12.3225],[5.1819,12.3225],[5.1772,12.3193],[5.1716,12.3202],[5.1602,12.3161],[5.1477,12.3065],[5.1335,12.2888],[5.128,12.2857],[5.1167,12.2834],[5.1021,12.2849],[5.0849,12.2939],[5.0644,12.2974],[4.9976,12.3007],[4.9668,12.3079],[4.9529,12.3144],[4.9504,12.2313],[4.875,12.2297],[4.8727,12.2082],[4.8617,12.1596],[4.8663,12.1364],[4.8746,12.1182],[4.8646,12.0909],[4.8646,12.0677],[4.8607,12.0476],[4.8707,12.0286],[4.8667,11.9327],[4.9444,11.8808],[4.9682,11.8757],[4.9371,11.8487],[4.935,11.8451],[4.9262,11.8202],[4.9264,11.8138],[4.9231,11.7948],[4.9196,11.7899],[4.941,11.7308]]]}}]}